dex_id,pokemon_name,variant,source,image_path
1,bulbasaur,official_art,official-artwork,001_bulbasaur/official_artwork.png
1,bulbasaur,home_art,pokemon_home,001_bulbasaur/home_art.png
1,bulbasaur,gen6_xy_front,pokeapi_versions,001_bulbasaur/gen6_xy_front.png
1,bulbasaur,gen6_xy_shiny_front,pokeapi_versions,001_bulbasaur/gen6_xy_shiny_front.png
1,bulbasaur,gen6_oras_front,pokeapi_versions,001_bulbasaur/gen6_oras_front.png
1,bulbasaur,gen6_oras_shiny_front,pokeapi_versions,001_bulbasaur/gen6_oras_shiny_front.png
1,bulbasaur,gen7_usum_front,pokeapi_versions,001_bulbasaur/gen7_usum_front.png
1,bulbasaur,gen7_usum_shiny_front,pokeapi_versions,001_bulbasaur/gen7_usum_shiny_front.png
2,ivysaur,official_art,official-artwork,002_ivysaur/official_artwork.png
2,ivysaur,home_art,pokemon_home,002_ivysaur/home_art.png
2,ivysaur,gen6_xy_front,pokeapi_versions,002_ivysaur/gen6_xy_front.png
2,ivysaur,gen6_xy_shiny_front,pokeapi_versions,002_ivysaur/gen6_xy_shiny_front.png
2,ivysaur,gen6_oras_front,pokeapi_versions,002_ivysaur/gen6_oras_front.png
2,ivysaur,gen6_oras_shiny_front,pokeapi_versions,002_ivysaur/gen6_oras_shiny_front.png
2,ivysaur,gen7_usum_front,pokeapi_versions,002_ivysaur/gen7_usum_front.png
2,ivysaur,gen7_usum_shiny_front,pokeapi_versions,002_ivysaur/gen7_usum_shiny_front.png
3,venusaur,official_art,official-artwork,003_venusaur/official_artwork.png
3,venusaur,home_art,pokemon_home,003_venusaur/home_art.png
3,venusaur,gen6_xy_front,pokeapi_versions,003_venusaur/gen6_xy_front.png
3,venusaur,gen6_xy_shiny_front,pokeapi_versions,003_venusaur/gen6_xy_shiny_front.png
3,venusaur,gen6_oras_front,pokeapi_versions,003_venusaur/gen6_oras_front.png
3,venusaur,gen6_oras_shiny_front,pokeapi_versions,003_venusaur/gen6_oras_shiny_front.png
3,venusaur,gen7_usum_front,pokeapi_versions,003_venusaur/gen7_usum_front.png
3,venusaur,gen7_usum_shiny_front,pokeapi_versions,003_venusaur/gen7_usum_shiny_front.png
4,charmander,official_art,official-artwork,004_charmander/official_artwork.png
4,charmander,home_art,pokemon_home,004_charmander/home_art.png
4,charmander,gen6_xy_front,pokeapi_versions,004_charmander/gen6_xy_front.png
4,charmander,gen6_xy_shiny_front,pokeapi_versions,004_charmander/gen6_xy_shiny_front.png
4,charmander,gen6_oras_front,pokeapi_versions,004_charmander/gen6_oras_front.png
4,charmander,gen6_oras_shiny_front,pokeapi_versions,004_charmander/gen6_oras_shiny_front.png
4,charmander,gen7_usum_front,pokeapi_versions,004_charmander/gen7_usum_front.png
4,charmander,gen7_usum_shiny_front,pokeapi_versions,004_charmander/gen7_usum_shiny_front.png
5,charmeleon,official_art,official-artwork,005_charmeleon/official_artwork.png
5,charmeleon,home_art,pokemon_home,005_charmeleon/home_art.png
5,charmeleon,gen6_xy_front,pokeapi_versions,005_charmeleon/gen6_xy_front.png
5,charmeleon,gen6_xy_shiny_front,pokeapi_versions,005_charmeleon/gen6_xy_shiny_front.png
5,charmeleon,gen6_oras_front,pokeapi_versions,005_charmeleon/gen6_oras_front.png
5,charmeleon,gen6_oras_shiny_front,pokeapi_versions,005_charmeleon/gen6_oras_shiny_front.png
5,charmeleon,gen7_usum_front,pokeapi_versions,005_charmeleon/gen7_usum_front.png
5,charmeleon,gen7_usum_shiny_front,pokeapi_versions,005_charmeleon/gen7_usum_shiny_front.png
6,charizard,official_art,official-artwork,006_charizard/official_artwork.png
6,charizard,home_art,pokemon_home,006_charizard/home_art.png
6,charizard,gen6_xy_front,pokeapi_versions,006_charizard/gen6_xy_front.png
6,charizard,gen6_xy_shiny_front,pokeapi_versions,006_charizard/gen6_xy_shiny_front.png
6,charizard,gen6_oras_front,pokeapi_versions,006_charizard/gen6_oras_front.png
6,charizard,gen6_oras_shiny_front,pokeapi_versions,006_charizard/gen6_oras_shiny_front.png
6,charizard,gen7_usum_front,pokeapi_versions,006_charizard/gen7_usum_front.png
6,charizard,gen7_usum_shiny_front,pokeapi_versions,006_charizard/gen7_usum_shiny_front.png
7,squirtle,official_art,official-artwork,007_squirtle/official_artwork.png
7,squirtle,home_art,pokemon_home,007_squirtle/home_art.png
7,squirtle,gen6_xy_front,pokeapi_versions,007_squirtle/gen6_xy_front.png
7,squirtle,gen6_xy_shiny_front,pokeapi_versions,007_squirtle/gen6_xy_shiny_front.png
7,squirtle,gen6_oras_front,pokeapi_versions,007_squirtle/gen6_oras_front.png
7,squirtle,gen6_oras_shiny_front,pokeapi_versions,007_squirtle/gen6_oras_shiny_front.png
7,squirtle,gen7_usum_front,pokeapi_versions,007_squirtle/gen7_usum_front.png
7,squirtle,gen7_usum_shiny_front,pokeapi_versions,007_squirtle/gen7_usum_shiny_front.png
8,wartortle,official_art,official-artwork,008_wartortle/official_artwork.png
8,wartortle,home_art,pokemon_home,008_wartortle/home_art.png
8,wartortle,gen6_xy_front,pokeapi_versions,008_wartortle/gen6_xy_front.png
8,wartortle,gen6_xy_shiny_front,pokeapi_versions,008_wartortle/gen6_xy_shiny_front.png
8,wartortle,gen6_oras_front,pokeapi_versions,008_wartortle/gen6_oras_front.png
8,wartortle,gen6_oras_shiny_front,pokeapi_versions,008_wartortle/gen6_oras_shiny_front.png
8,wartortle,gen7_usum_front,pokeapi_versions,008_wartortle/gen7_usum_front.png
8,wartortle,gen7_usum_shiny_front,pokeapi_versions,008_wartortle/gen7_usum_shiny_front.png
9,blastoise,official_art,official-artwork,009_blastoise/official_artwork.png
9,blastoise,home_art,pokemon_home,009_blastoise/home_art.png
9,blastoise,gen6_xy_front,pokeapi_versions,009_blastoise/gen6_xy_front.png
9,blastoise,gen6_xy_shiny_front,pokeapi_versions,009_blastoise/gen6_xy_shiny_front.png
9,blastoise,gen6_oras_front,pokeapi_versions,009_blastoise/gen6_oras_front.png
9,blastoise,gen6_oras_shiny_front,pokeapi_versions,009_blastoise/gen6_oras_shiny_front.png
9,blastoise,gen7_usum_front,pokeapi_versions,009_blastoise/gen7_usum_front.png
9,blastoise,gen7_usum_shiny_front,pokeapi_versions,009_blastoise/gen7_usum_shiny_front.png
10,caterpie,official_art,official-artwork,010_caterpie/official_artwork.png
10,caterpie,home_art,pokemon_home,010_caterpie/home_art.png
10,caterpie,gen6_xy_front,pokeapi_versions,010_caterpie/gen6_xy_front.png
10,caterpie,gen6_xy_shiny_front,pokeapi_versions,010_caterpie/gen6_xy_shiny_front.png
10,caterpie,gen6_oras_front,pokeapi_versions,010_caterpie/gen6_oras_front.png
10,caterpie,gen6_oras_shiny_front,pokeapi_versions,010_caterpie/gen6_oras_shiny_front.png
10,caterpie,gen7_usum_front,pokeapi_versions,010_caterpie/gen7_usum_front.png
10,caterpie,gen7_usum_shiny_front,pokeapi_versions,010_caterpie/gen7_usum_shiny_front.png
11,metapod,official_art,official-artwork,011_metapod/official_artwork.png
11,metapod,home_art,pokemon_home,011_metapod/home_art.png
11,metapod,gen6_xy_front,pokeapi_versions,011_metapod/gen6_xy_front.png
11,metapod,gen6_xy_shiny_front,pokeapi_versions,011_metapod/gen6_xy_shiny_front.png
11,metapod,gen6_oras_front,pokeapi_versions,011_metapod/gen6_oras_front.png
11,metapod,gen6_oras_shiny_front,pokeapi_versions,011_metapod/gen6_oras_shiny_front.png
11,metapod,gen7_usum_front,pokeapi_versions,011_metapod/gen7_usum_front.png
11,metapod,gen7_usum_shiny_front,pokeapi_versions,011_metapod/gen7_usum_shiny_front.png
12,butterfree,official_art,official-artwork,012_butterfree/official_artwork.png
12,butterfree,home_art,pokemon_home,012_butterfree/home_art.png
12,butterfree,gen6_xy_front,pokeapi_versions,012_butterfree/gen6_xy_front.png
12,butterfree,gen6_xy_shiny_front,pokeapi_versions,012_butterfree/gen6_xy_shiny_front.png
12,butterfree,gen6_oras_front,pokeapi_versions,012_butterfree/gen6_oras_front.png
12,butterfree,gen6_oras_shiny_front,pokeapi_versions,012_butterfree/gen6_oras_shiny_front.png
12,butterfree,gen7_usum_front,pokeapi_versions,012_butterfree/gen7_usum_front.png
12,butterfree,gen7_usum_shiny_front,pokeapi_versions,012_butterfree/gen7_usum_shiny_front.png
13,weedle,official_art,official-artwork,013_weedle/official_artwork.png
13,weedle,home_art,pokemon_home,013_weedle/home_art.png
13,weedle,gen6_xy_front,pokeapi_versions,013_weedle/gen6_xy_front.png
13,weedle,gen6_xy_shiny_front,pokeapi_versions,013_weedle/gen6_xy_shiny_front.png
13,weedle,gen6_oras_front,pokeapi_versions,013_weedle/gen6_oras_front.png
13,weedle,gen6_oras_shiny_front,pokeapi_versions,013_weedle/gen6_oras_shiny_front.png
13,weedle,gen7_usum_front,pokeapi_versions,013_weedle/gen7_usum_front.png
13,weedle,gen7_usum_shiny_front,pokeapi_versions,013_weedle/gen7_usum_shiny_front.png
14,kakuna,official_art,official-artwork,014_kakuna/official_artwork.png
14,kakuna,home_art,pokemon_home,014_kakuna/home_art.png
14,kakuna,gen6_xy_front,pokeapi_versions,014_kakuna/gen6_xy_front.png
14,kakuna,gen6_xy_shiny_front,pokeapi_versions,014_kakuna/gen6_xy_shiny_front.png
14,kakuna,gen6_oras_front,pokeapi_versions,014_kakuna/gen6_oras_front.png
14,kakuna,gen6_oras_shiny_front,pokeapi_versions,014_kakuna/gen6_oras_shiny_front.png
14,kakuna,gen7_usum_front,pokeapi_versions,014_kakuna/gen7_usum_front.png
14,kakuna,gen7_usum_shiny_front,pokeapi_versions,014_kakuna/gen7_usum_shiny_front.png
15,beedrill,official_art,official-artwork,015_beedrill/official_artwork.png
15,beedrill,home_art,pokemon_home,015_beedrill/home_art.png
15,beedrill,gen6_xy_front,pokeapi_versions,015_beedrill/gen6_xy_front.png
15,beedrill,gen6_xy_shiny_front,pokeapi_versions,015_beedrill/gen6_xy_shiny_front.png
15,beedrill,gen6_oras_front,pokeapi_versions,015_beedrill/gen6_oras_front.png
15,beedrill,gen6_oras_shiny_front,pokeapi_versions,015_beedrill/gen6_oras_shiny_front.png
15,beedrill,gen7_usum_front,pokeapi_versions,015_beedrill/gen7_usum_front.png
15,beedrill,gen7_usum_shiny_front,pokeapi_versions,015_beedrill/gen7_usum_shiny_front.png
16,pidgey,official_art,official-artwork,016_pidgey/official_artwork.png
16,pidgey,home_art,pokemon_home,016_pidgey/home_art.png
16,pidgey,gen6_xy_front,pokeapi_versions,016_pidgey/gen6_xy_front.png
16,pidgey,gen6_xy_shiny_front,pokeapi_versions,016_pidgey/gen6_xy_shiny_front.png
16,pidgey,gen6_oras_front,pokeapi_versions,016_pidgey/gen6_oras_front.png
16,pidgey,gen6_oras_shiny_front,pokeapi_versions,016_pidgey/gen6_oras_shiny_front.png
16,pidgey,gen7_usum_front,pokeapi_versions,016_pidgey/gen7_usum_front.png
16,pidgey,gen7_usum_shiny_front,pokeapi_versions,016_pidgey/gen7_usum_shiny_front.png
17,pidgeotto,official_art,official-artwork,017_pidgeotto/official_artwork.png
17,pidgeotto,home_art,pokemon_home,017_pidgeotto/home_art.png
17,pidgeotto,gen6_xy_front,pokeapi_versions,017_pidgeotto/gen6_xy_front.png
17,pidgeotto,gen6_xy_shiny_front,pokeapi_versions,017_pidgeotto/gen6_xy_shiny_front.png
17,pidgeotto,gen6_oras_front,pokeapi_versions,017_pidgeotto/gen6_oras_front.png
17,pidgeotto,gen6_oras_shiny_front,pokeapi_versions,017_pidgeotto/gen6_oras_shiny_front.png
17,pidgeotto,gen7_usum_front,pokeapi_versions,017_pidgeotto/gen7_usum_front.png
17,pidgeotto,gen7_usum_shiny_front,pokeapi_versions,017_pidgeotto/gen7_usum_shiny_front.png
18,pidgeot,official_art,official-artwork,018_pidgeot/official_artwork.png
18,pidgeot,home_art,pokemon_home,018_pidgeot/home_art.png
18,pidgeot,gen6_xy_front,pokeapi_versions,018_pidgeot/gen6_xy_front.png
18,pidgeot,gen6_xy_shiny_front,pokeapi_versions,018_pidgeot/gen6_xy_shiny_front.png
18,pidgeot,gen6_oras_front,pokeapi_versions,018_pidgeot/gen6_oras_front.png
18,pidgeot,gen6_oras_shiny_front,pokeapi_versions,018_pidgeot/gen6_oras_shiny_front.png
18,pidgeot,gen7_usum_front,pokeapi_versions,018_pidgeot/gen7_usum_front.png
18,pidgeot,gen7_usum_shiny_front,pokeapi_versions,018_pidgeot/gen7_usum_shiny_front.png
19,rattata,official_art,official-artwork,019_rattata/official_artwork.png
19,rattata,home_art,pokemon_home,019_rattata/home_art.png
19,rattata,gen6_xy_front,pokeapi_versions,019_rattata/gen6_xy_front.png
19,rattata,gen6_xy_shiny_front,pokeapi_versions,019_rattata/gen6_xy_shiny_front.png
19,rattata,gen6_oras_front,pokeapi_versions,019_rattata/gen6_oras_front.png
19,rattata,gen6_oras_shiny_front,pokeapi_versions,019_rattata/gen6_oras_shiny_front.png
19,rattata,gen7_usum_front,pokeapi_versions,019_rattata/gen7_usum_front.png
19,rattata,gen7_usum_shiny_front,pokeapi_versions,019_rattata/gen7_usum_shiny_front.png
20,raticate,official_art,official-artwork,020_raticate/official_artwork.png
20,raticate,home_art,pokemon_home,020_raticate/home_art.png
20,raticate,gen6_xy_front,pokeapi_versions,020_raticate/gen6_xy_front.png
20,raticate,gen6_xy_shiny_front,pokeapi_versions,020_raticate/gen6_xy_shiny_front.png
20,raticate,gen6_oras_front,pokeapi_versions,020_raticate/gen6_oras_front.png
20,raticate,gen6_oras_shiny_front,pokeapi_versions,020_raticate/gen6_oras_shiny_front.png
20,raticate,gen7_usum_front,pokeapi_versions,020_raticate/gen7_usum_front.png
20,raticate,gen7_usum_shiny_front,pokeapi_versions,020_raticate/gen7_usum_shiny_front.png
21,spearow,official_art,official-artwork,021_spearow/official_artwork.png
21,spearow,home_art,pokemon_home,021_spearow/home_art.png
21,spearow,gen6_xy_front,pokeapi_versions,021_spearow/gen6_xy_front.png
21,spearow,gen6_xy_shiny_front,pokeapi_versions,021_spearow/gen6_xy_shiny_front.png
21,spearow,gen6_oras_front,pokeapi_versions,021_spearow/gen6_oras_front.png
21,spearow,gen6_oras_shiny_front,pokeapi_versions,021_spearow/gen6_oras_shiny_front.png
21,spearow,gen7_usum_front,pokeapi_versions,021_spearow/gen7_usum_front.png
21,spearow,gen7_usum_shiny_front,pokeapi_versions,021_spearow/gen7_usum_shiny_front.png
22,fearow,official_art,official-artwork,022_fearow/official_artwork.png
22,fearow,home_art,pokemon_home,022_fearow/home_art.png
22,fearow,gen6_xy_front,pokeapi_versions,022_fearow/gen6_xy_front.png
22,fearow,gen6_xy_shiny_front,pokeapi_versions,022_fearow/gen6_xy_shiny_front.png
22,fearow,gen6_oras_front,pokeapi_versions,022_fearow/gen6_oras_front.png
22,fearow,gen6_oras_shiny_front,pokeapi_versions,022_fearow/gen6_oras_shiny_front.png
22,fearow,gen7_usum_front,pokeapi_versions,022_fearow/gen7_usum_front.png
22,fearow,gen7_usum_shiny_front,pokeapi_versions,022_fearow/gen7_usum_shiny_front.png
23,ekans,official_art,official-artwork,023_ekans/official_artwork.png
23,ekans,home_art,pokemon_home,023_ekans/home_art.png
23,ekans,gen6_xy_front,pokeapi_versions,023_ekans/gen6_xy_front.png
23,ekans,gen6_xy_shiny_front,pokeapi_versions,023_ekans/gen6_xy_shiny_front.png
23,ekans,gen6_oras_front,pokeapi_versions,023_ekans/gen6_oras_front.png
23,ekans,gen6_oras_shiny_front,pokeapi_versions,023_ekans/gen6_oras_shiny_front.png
23,ekans,gen7_usum_front,pokeapi_versions,023_ekans/gen7_usum_front.png
23,ekans,gen7_usum_shiny_front,pokeapi_versions,023_ekans/gen7_usum_shiny_front.png
24,arbok,official_art,official-artwork,024_arbok/official_artwork.png
24,arbok,home_art,pokemon_home,024_arbok/home_art.png
24,arbok,gen6_xy_front,pokeapi_versions,024_arbok/gen6_xy_front.png
24,arbok,gen6_xy_shiny_front,pokeapi_versions,024_arbok/gen6_xy_shiny_front.png
24,arbok,gen6_oras_front,pokeapi_versions,024_arbok/gen6_oras_front.png
24,arbok,gen6_oras_shiny_front,pokeapi_versions,024_arbok/gen6_oras_shiny_front.png
24,arbok,gen7_usum_front,pokeapi_versions,024_arbok/gen7_usum_front.png
24,arbok,gen7_usum_shiny_front,pokeapi_versions,024_arbok/gen7_usum_shiny_front.png
25,pikachu,official_art,official-artwork,025_pikachu/official_artwork.png
25,pikachu,home_art,pokemon_home,025_pikachu/home_art.png
25,pikachu,gen6_xy_front,pokeapi_versions,025_pikachu/gen6_xy_front.png
25,pikachu,gen6_xy_shiny_front,pokeapi_versions,025_pikachu/gen6_xy_shiny_front.png
25,pikachu,gen6_oras_front,pokeapi_versions,025_pikachu/gen6_oras_front.png
25,pikachu,gen6_oras_shiny_front,pokeapi_versions,025_pikachu/gen6_oras_shiny_front.png
25,pikachu,gen7_usum_front,pokeapi_versions,025_pikachu/gen7_usum_front.png
25,pikachu,gen7_usum_shiny_front,pokeapi_versions,025_pikachu/gen7_usum_shiny_front.png
26,raichu,official_art,official-artwork,026_raichu/official_artwork.png
26,raichu,home_art,pokemon_home,026_raichu/home_art.png
26,raichu,gen6_xy_front,pokeapi_versions,026_raichu/gen6_xy_front.png
26,raichu,gen6_xy_shiny_front,pokeapi_versions,026_raichu/gen6_xy_shiny_front.png
26,raichu,gen6_oras_front,pokeapi_versions,026_raichu/gen6_oras_front.png
26,raichu,gen6_oras_shiny_front,pokeapi_versions,026_raichu/gen6_oras_shiny_front.png
26,raichu,gen7_usum_front,pokeapi_versions,026_raichu/gen7_usum_front.png
26,raichu,gen7_usum_shiny_front,pokeapi_versions,026_raichu/gen7_usum_shiny_front.png
27,sandshrew,official_art,official-artwork,027_sandshrew/official_artwork.png
27,sandshrew,home_art,pokemon_home,027_sandshrew/home_art.png
27,sandshrew,gen6_xy_front,pokeapi_versions,027_sandshrew/gen6_xy_front.png
27,sandshrew,gen6_xy_shiny_front,pokeapi_versions,027_sandshrew/gen6_xy_shiny_front.png
27,sandshrew,gen6_oras_front,pokeapi_versions,027_sandshrew/gen6_oras_front.png
27,sandshrew,gen6_oras_shiny_front,pokeapi_versions,027_sandshrew/gen6_oras_shiny_front.png
27,sandshrew,gen7_usum_front,pokeapi_versions,027_sandshrew/gen7_usum_front.png
27,sandshrew,gen7_usum_shiny_front,pokeapi_versions,027_sandshrew/gen7_usum_shiny_front.png
28,sandslash,official_art,official-artwork,028_sandslash/official_artwork.png
28,sandslash,home_art,pokemon_home,028_sandslash/home_art.png
28,sandslash,gen6_xy_front,pokeapi_versions,028_sandslash/gen6_xy_front.png
28,sandslash,gen6_xy_shiny_front,pokeapi_versions,028_sandslash/gen6_xy_shiny_front.png
28,sandslash,gen6_oras_front,pokeapi_versions,028_sandslash/gen6_oras_front.png
28,sandslash,gen6_oras_shiny_front,pokeapi_versions,028_sandslash/gen6_oras_shiny_front.png
28,sandslash,gen7_usum_front,pokeapi_versions,028_sandslash/gen7_usum_front.png
28,sandslash,gen7_usum_shiny_front,pokeapi_versions,028_sandslash/gen7_usum_shiny_front.png
29,nidoran-f,official_art,official-artwork,029_nidoran-f/official_artwork.png
29,nidoran-f,home_art,pokemon_home,029_nidoran-f/home_art.png
29,nidoran-f,gen6_xy_front,pokeapi_versions,029_nidoran-f/gen6_xy_front.png
29,nidoran-f,gen6_xy_shiny_front,pokeapi_versions,029_nidoran-f/gen6_xy_shiny_front.png
29,nidoran-f,gen6_oras_front,pokeapi_versions,029_nidoran-f/gen6_oras_front.png
29,nidoran-f,gen6_oras_shiny_front,pokeapi_versions,029_nidoran-f/gen6_oras_shiny_front.png
29,nidoran-f,gen7_usum_front,pokeapi_versions,029_nidoran-f/gen7_usum_front.png
29,nidoran-f,gen7_usum_shiny_front,pokeapi_versions,029_nidoran-f/gen7_usum_shiny_front.png
30,nidorina,official_art,official-artwork,030_nidorina/official_artwork.png
30,nidorina,home_art,pokemon_home,030_nidorina/home_art.png
30,nidorina,gen6_xy_front,pokeapi_versions,030_nidorina/gen6_xy_front.png
30,nidorina,gen6_xy_shiny_front,pokeapi_versions,030_nidorina/gen6_xy_shiny_front.png
30,nidorina,gen6_oras_front,pokeapi_versions,030_nidorina/gen6_oras_front.png
30,nidorina,gen6_oras_shiny_front,pokeapi_versions,030_nidorina/gen6_oras_shiny_front.png
30,nidorina,gen7_usum_front,pokeapi_versions,030_nidorina/gen7_usum_front.png
30,nidorina,gen7_usum_shiny_front,pokeapi_versions,030_nidorina/gen7_usum_shiny_front.png
31,nidoqueen,official_art,official-artwork,031_nidoqueen/official_artwork.png
31,nidoqueen,home_art,pokemon_home,031_nidoqueen/home_art.png
31,nidoqueen,gen6_xy_front,pokeapi_versions,031_nidoqueen/gen6_xy_front.png
31,nidoqueen,gen6_xy_shiny_front,pokeapi_versions,031_nidoqueen/gen6_xy_shiny_front.png
31,nidoqueen,gen6_oras_front,pokeapi_versions,031_nidoqueen/gen6_oras_front.png
31,nidoqueen,gen6_oras_shiny_front,pokeapi_versions,031_nidoqueen/gen6_oras_shiny_front.png
31,nidoqueen,gen7_usum_front,pokeapi_versions,031_nidoqueen/gen7_usum_front.png
31,nidoqueen,gen7_usum_shiny_front,pokeapi_versions,031_nidoqueen/gen7_usum_shiny_front.png
32,nidoran-m,official_art,official-artwork,032_nidoran-m/official_artwork.png
32,nidoran-m,home_art,pokemon_home,032_nidoran-m/home_art.png
32,nidoran-m,gen6_xy_front,pokeapi_versions,032_nidoran-m/gen6_xy_front.png
32,nidoran-m,gen6_xy_shiny_front,pokeapi_versions,032_nidoran-m/gen6_xy_shiny_front.png
32,nidoran-m,gen6_oras_front,pokeapi_versions,032_nidoran-m/gen6_oras_front.png
32,nidoran-m,gen6_oras_shiny_front,pokeapi_versions,032_nidoran-m/gen6_oras_shiny_front.png
32,nidoran-m,gen7_usum_front,pokeapi_versions,032_nidoran-m/gen7_usum_front.png
32,nidoran-m,gen7_usum_shiny_front,pokeapi_versions,032_nidoran-m/gen7_usum_shiny_front.png
33,nidorino,official_art,official-artwork,033_nidorino/official_artwork.png
33,nidorino,home_art,pokemon_home,033_nidorino/home_art.png
33,nidorino,gen6_xy_front,pokeapi_versions,033_nidorino/gen6_xy_front.png
33,nidorino,gen6_xy_shiny_front,pokeapi_versions,033_nidorino/gen6_xy_shiny_front.png
33,nidorino,gen6_oras_front,pokeapi_versions,033_nidorino/gen6_oras_front.png
33,nidorino,gen6_oras_shiny_front,pokeapi_versions,033_nidorino/gen6_oras_shiny_front.png
33,nidorino,gen7_usum_front,pokeapi_versions,033_nidorino/gen7_usum_front.png
33,nidorino,gen7_usum_shiny_front,pokeapi_versions,033_nidorino/gen7_usum_shiny_front.png
34,nidoking,official_art,official-artwork,034_nidoking/official_artwork.png
34,nidoking,home_art,pokemon_home,034_nidoking/home_art.png
34,nidoking,gen6_xy_front,pokeapi_versions,034_nidoking/gen6_xy_front.png
34,nidoking,gen6_xy_shiny_front,pokeapi_versions,034_nidoking/gen6_xy_shiny_front.png
34,nidoking,gen6_oras_front,pokeapi_versions,034_nidoking/gen6_oras_front.png
34,nidoking,gen6_oras_shiny_front,pokeapi_versions,034_nidoking/gen6_oras_shiny_front.png
34,nidoking,gen7_usum_front,pokeapi_versions,034_nidoking/gen7_usum_front.png
34,nidoking,gen7_usum_shiny_front,pokeapi_versions,034_nidoking/gen7_usum_shiny_front.png
35,clefairy,official_art,official-artwork,035_clefairy/official_artwork.png
35,clefairy,home_art,pokemon_home,035_clefairy/home_art.png
35,clefairy,gen6_xy_front,pokeapi_versions,035_clefairy/gen6_xy_front.png
35,clefairy,gen6_xy_shiny_front,pokeapi_versions,035_clefairy/gen6_xy_shiny_front.png
35,clefairy,gen6_oras_front,pokeapi_versions,035_clefairy/gen6_oras_front.png
35,clefairy,gen6_oras_shiny_front,pokeapi_versions,035_clefairy/gen6_oras_shiny_front.png
35,clefairy,gen7_usum_front,pokeapi_versions,035_clefairy/gen7_usum_front.png
35,clefairy,gen7_usum_shiny_front,pokeapi_versions,035_clefairy/gen7_usum_shiny_front.png
36,clefable,official_art,official-artwork,036_clefable/official_artwork.png
36,clefable,home_art,pokemon_home,036_clefable/home_art.png
36,clefable,gen6_xy_front,pokeapi_versions,036_clefable/gen6_xy_front.png
36,clefable,gen6_xy_shiny_front,pokeapi_versions,036_clefable/gen6_xy_shiny_front.png
36,clefable,gen6_oras_front,pokeapi_versions,036_clefable/gen6_oras_front.png
36,clefable,gen6_oras_shiny_front,pokeapi_versions,036_clefable/gen6_oras_shiny_front.png
36,clefable,gen7_usum_front,pokeapi_versions,036_clefable/gen7_usum_front.png
36,clefable,gen7_usum_shiny_front,pokeapi_versions,036_clefable/gen7_usum_shiny_front.png
37,vulpix,official_art,official-artwork,037_vulpix/official_artwork.png
37,vulpix,home_art,pokemon_home,037_vulpix/home_art.png
37,vulpix,gen6_xy_front,pokeapi_versions,037_vulpix/gen6_xy_front.png
37,vulpix,gen6_xy_shiny_front,pokeapi_versions,037_vulpix/gen6_xy_shiny_front.png
37,vulpix,gen6_oras_front,pokeapi_versions,037_vulpix/gen6_oras_front.png
37,vulpix,gen6_oras_shiny_front,pokeapi_versions,037_vulpix/gen6_oras_shiny_front.png
37,vulpix,gen7_usum_front,pokeapi_versions,037_vulpix/gen7_usum_front.png
37,vulpix,gen7_usum_shiny_front,pokeapi_versions,037_vulpix/gen7_usum_shiny_front.png
38,ninetales,official_art,official-artwork,038_ninetales/official_artwork.png
38,ninetales,home_art,pokemon_home,038_ninetales/home_art.png
38,ninetales,gen6_xy_front,pokeapi_versions,038_ninetales/gen6_xy_front.png
38,ninetales,gen6_xy_shiny_front,pokeapi_versions,038_ninetales/gen6_xy_shiny_front.png
38,ninetales,gen6_oras_front,pokeapi_versions,038_ninetales/gen6_oras_front.png
38,ninetales,gen6_oras_shiny_front,pokeapi_versions,038_ninetales/gen6_oras_shiny_front.png
38,ninetales,gen7_usum_front,pokeapi_versions,038_ninetales/gen7_usum_front.png
38,ninetales,gen7_usum_shiny_front,pokeapi_versions,038_ninetales/gen7_usum_shiny_front.png
39,jigglypuff,official_art,official-artwork,039_jigglypuff/official_artwork.png
39,jigglypuff,home_art,pokemon_home,039_jigglypuff/home_art.png
39,jigglypuff,gen6_xy_front,pokeapi_versions,039_jigglypuff/gen6_xy_front.png
39,jigglypuff,gen6_xy_shiny_front,pokeapi_versions,039_jigglypuff/gen6_xy_shiny_front.png
39,jigglypuff,gen6_oras_front,pokeapi_versions,039_jigglypuff/gen6_oras_front.png
39,jigglypuff,gen6_oras_shiny_front,pokeapi_versions,039_jigglypuff/gen6_oras_shiny_front.png
39,jigglypuff,gen7_usum_front,pokeapi_versions,039_jigglypuff/gen7_usum_front.png
39,jigglypuff,gen7_usum_shiny_front,pokeapi_versions,039_jigglypuff/gen7_usum_shiny_front.png
40,wigglytuff,official_art,official-artwork,040_wigglytuff/official_artwork.png
40,wigglytuff,home_art,pokemon_home,040_wigglytuff/home_art.png
40,wigglytuff,gen6_xy_front,pokeapi_versions,040_wigglytuff/gen6_xy_front.png
40,wigglytuff,gen6_xy_shiny_front,pokeapi_versions,040_wigglytuff/gen6_xy_shiny_front.png
40,wigglytuff,gen6_oras_front,pokeapi_versions,040_wigglytuff/gen6_oras_front.png
40,wigglytuff,gen6_oras_shiny_front,pokeapi_versions,040_wigglytuff/gen6_oras_shiny_front.png
40,wigglytuff,gen7_usum_front,pokeapi_versions,040_wigglytuff/gen7_usum_front.png
40,wigglytuff,gen7_usum_shiny_front,pokeapi_versions,040_wigglytuff/gen7_usum_shiny_front.png
41,zubat,official_art,official-artwork,041_zubat/official_artwork.png
41,zubat,home_art,pokemon_home,041_zubat/home_art.png
41,zubat,gen6_xy_front,pokeapi_versions,041_zubat/gen6_xy_front.png
41,zubat,gen6_xy_shiny_front,pokeapi_versions,041_zubat/gen6_xy_shiny_front.png
41,zubat,gen6_oras_front,pokeapi_versions,041_zubat/gen6_oras_front.png
41,zubat,gen6_oras_shiny_front,pokeapi_versions,041_zubat/gen6_oras_shiny_front.png
41,zubat,gen7_usum_front,pokeapi_versions,041_zubat/gen7_usum_front.png
41,zubat,gen7_usum_shiny_front,pokeapi_versions,041_zubat/gen7_usum_shiny_front.png
42,golbat,official_art,official-artwork,042_golbat/official_artwork.png
42,golbat,home_art,pokemon_home,042_golbat/home_art.png
42,golbat,gen6_xy_front,pokeapi_versions,042_golbat/gen6_xy_front.png
42,golbat,gen6_xy_shiny_front,pokeapi_versions,042_golbat/gen6_xy_shiny_front.png
42,golbat,gen6_oras_front,pokeapi_versions,042_golbat/gen6_oras_front.png
42,golbat,gen6_oras_shiny_front,pokeapi_versions,042_golbat/gen6_oras_shiny_front.png
42,golbat,gen7_usum_front,pokeapi_versions,042_golbat/gen7_usum_front.png
42,golbat,gen7_usum_shiny_front,pokeapi_versions,042_golbat/gen7_usum_shiny_front.png
43,oddish,official_art,official-artwork,043_oddish/official_artwork.png
43,oddish,home_art,pokemon_home,043_oddish/home_art.png
43,oddish,gen6_xy_front,pokeapi_versions,043_oddish/gen6_xy_front.png
43,oddish,gen6_xy_shiny_front,pokeapi_versions,043_oddish/gen6_xy_shiny_front.png
43,oddish,gen6_oras_front,pokeapi_versions,043_oddish/gen6_oras_front.png
43,oddish,gen6_oras_shiny_front,pokeapi_versions,043_oddish/gen6_oras_shiny_front.png
43,oddish,gen7_usum_front,pokeapi_versions,043_oddish/gen7_usum_front.png
43,oddish,gen7_usum_shiny_front,pokeapi_versions,043_oddish/gen7_usum_shiny_front.png
44,gloom,official_art,official-artwork,044_gloom/official_artwork.png
44,gloom,home_art,pokemon_home,044_gloom/home_art.png
44,gloom,gen6_xy_front,pokeapi_versions,044_gloom/gen6_xy_front.png
44,gloom,gen6_xy_shiny_front,pokeapi_versions,044_gloom/gen6_xy_shiny_front.png
44,gloom,gen6_oras_front,pokeapi_versions,044_gloom/gen6_oras_front.png
44,gloom,gen6_oras_shiny_front,pokeapi_versions,044_gloom/gen6_oras_shiny_front.png
44,gloom,gen7_usum_front,pokeapi_versions,044_gloom/gen7_usum_front.png
44,gloom,gen7_usum_shiny_front,pokeapi_versions,044_gloom/gen7_usum_shiny_front.png
45,vileplume,official_art,official-artwork,045_vileplume/official_artwork.png
45,vileplume,home_art,pokemon_home,045_vileplume/home_art.png
45,vileplume,gen6_xy_front,pokeapi_versions,045_vileplume/gen6_xy_front.png
45,vileplume,gen6_xy_shiny_front,pokeapi_versions,045_vileplume/gen6_xy_shiny_front.png
45,vileplume,gen6_oras_front,pokeapi_versions,045_vileplume/gen6_oras_front.png
45,vileplume,gen6_oras_shiny_front,pokeapi_versions,045_vileplume/gen6_oras_shiny_front.png
45,vileplume,gen7_usum_front,pokeapi_versions,045_vileplume/gen7_usum_front.png
45,vileplume,gen7_usum_shiny_front,pokeapi_versions,045_vileplume/gen7_usum_shiny_front.png
46,paras,official_art,official-artwork,046_paras/official_artwork.png
46,paras,home_art,pokemon_home,046_paras/home_art.png
46,paras,gen6_xy_front,pokeapi_versions,046_paras/gen6_xy_front.png
46,paras,gen6_xy_shiny_front,pokeapi_versions,046_paras/gen6_xy_shiny_front.png
46,paras,gen6_oras_front,pokeapi_versions,046_paras/gen6_oras_front.png
46,paras,gen6_oras_shiny_front,pokeapi_versions,046_paras/gen6_oras_shiny_front.png
46,paras,gen7_usum_front,pokeapi_versions,046_paras/gen7_usum_front.png
46,paras,gen7_usum_shiny_front,pokeapi_versions,046_paras/gen7_usum_shiny_front.png
47,parasect,official_art,official-artwork,047_parasect/official_artwork.png
47,parasect,home_art,pokemon_home,047_parasect/home_art.png
47,parasect,gen6_xy_front,pokeapi_versions,047_parasect/gen6_xy_front.png
47,parasect,gen6_xy_shiny_front,pokeapi_versions,047_parasect/gen6_xy_shiny_front.png
47,parasect,gen6_oras_front,pokeapi_versions,047_parasect/gen6_oras_front.png
47,parasect,gen6_oras_shiny_front,pokeapi_versions,047_parasect/gen6_oras_shiny_front.png
47,parasect,gen7_usum_front,pokeapi_versions,047_parasect/gen7_usum_front.png
47,parasect,gen7_usum_shiny_front,pokeapi_versions,047_parasect/gen7_usum_shiny_front.png
48,venonat,official_art,official-artwork,048_venonat/official_artwork.png
48,venonat,home_art,pokemon_home,048_venonat/home_art.png
48,venonat,gen6_xy_front,pokeapi_versions,048_venonat/gen6_xy_front.png
48,venonat,gen6_xy_shiny_front,pokeapi_versions,048_venonat/gen6_xy_shiny_front.png
48,venonat,gen6_oras_front,pokeapi_versions,048_venonat/gen6_oras_front.png
48,venonat,gen6_oras_shiny_front,pokeapi_versions,048_venonat/gen6_oras_shiny_front.png
48,venonat,gen7_usum_front,pokeapi_versions,048_venonat/gen7_usum_front.png
48,venonat,gen7_usum_shiny_front,pokeapi_versions,048_venonat/gen7_usum_shiny_front.png
49,venomoth,official_art,official-artwork,049_venomoth/official_artwork.png
49,venomoth,home_art,pokemon_home,049_venomoth/home_art.png
49,venomoth,gen6_xy_front,pokeapi_versions,049_venomoth/gen6_xy_front.png
49,venomoth,gen6_xy_shiny_front,pokeapi_versions,049_venomoth/gen6_xy_shiny_front.png
49,venomoth,gen6_oras_front,pokeapi_versions,049_venomoth/gen6_oras_front.png
49,venomoth,gen6_oras_shiny_front,pokeapi_versions,049_venomoth/gen6_oras_shiny_front.png
49,venomoth,gen7_usum_front,pokeapi_versions,049_venomoth/gen7_usum_front.png
49,venomoth,gen7_usum_shiny_front,pokeapi_versions,049_venomoth/gen7_usum_shiny_front.png
50,diglett,official_art,official-artwork,050_diglett/official_artwork.png
50,diglett,home_art,pokemon_home,050_diglett/home_art.png
50,diglett,gen6_xy_front,pokeapi_versions,050_diglett/gen6_xy_front.png
50,diglett,gen6_xy_shiny_front,pokeapi_versions,050_diglett/gen6_xy_shiny_front.png
50,diglett,gen6_oras_front,pokeapi_versions,050_diglett/gen6_oras_front.png
50,diglett,gen6_oras_shiny_front,pokeapi_versions,050_diglett/gen6_oras_shiny_front.png
50,diglett,gen7_usum_front,pokeapi_versions,050_diglett/gen7_usum_front.png
50,diglett,gen7_usum_shiny_front,pokeapi_versions,050_diglett/gen7_usum_shiny_front.png
51,dugtrio,official_art,official-artwork,051_dugtrio/official_artwork.png
51,dugtrio,home_art,pokemon_home,051_dugtrio/home_art.png
51,dugtrio,gen6_xy_front,pokeapi_versions,051_dugtrio/gen6_xy_front.png
51,dugtrio,gen6_xy_shiny_front,pokeapi_versions,051_dugtrio/gen6_xy_shiny_front.png
51,dugtrio,gen6_oras_front,pokeapi_versions,051_dugtrio/gen6_oras_front.png
51,dugtrio,gen6_oras_shiny_front,pokeapi_versions,051_dugtrio/gen6_oras_shiny_front.png
51,dugtrio,gen7_usum_front,pokeapi_versions,051_dugtrio/gen7_usum_front.png
51,dugtrio,gen7_usum_shiny_front,pokeapi_versions,051_dugtrio/gen7_usum_shiny_front.png
52,meowth,official_art,official-artwork,052_meowth/official_artwork.png
52,meowth,home_art,pokemon_home,052_meowth/home_art.png
52,meowth,gen6_xy_front,pokeapi_versions,052_meowth/gen6_xy_front.png
52,meowth,gen6_xy_shiny_front,pokeapi_versions,052_meowth/gen6_xy_shiny_front.png
52,meowth,gen6_oras_front,pokeapi_versions,052_meowth/gen6_oras_front.png
52,meowth,gen6_oras_shiny_front,pokeapi_versions,052_meowth/gen6_oras_shiny_front.png
52,meowth,gen7_usum_front,pokeapi_versions,052_meowth/gen7_usum_front.png
52,meowth,gen7_usum_shiny_front,pokeapi_versions,052_meowth/gen7_usum_shiny_front.png
53,persian,official_art,official-artwork,053_persian/official_artwork.png
53,persian,home_art,pokemon_home,053_persian/home_art.png
53,persian,gen6_xy_front,pokeapi_versions,053_persian/gen6_xy_front.png
53,persian,gen6_xy_shiny_front,pokeapi_versions,053_persian/gen6_xy_shiny_front.png
53,persian,gen6_oras_front,pokeapi_versions,053_persian/gen6_oras_front.png
53,persian,gen6_oras_shiny_front,pokeapi_versions,053_persian/gen6_oras_shiny_front.png
53,persian,gen7_usum_front,pokeapi_versions,053_persian/gen7_usum_front.png
53,persian,gen7_usum_shiny_front,pokeapi_versions,053_persian/gen7_usum_shiny_front.png
54,psyduck,official_art,official-artwork,054_psyduck/official_artwork.png
54,psyduck,home_art,pokemon_home,054_psyduck/home_art.png
54,psyduck,gen6_xy_front,pokeapi_versions,054_psyduck/gen6_xy_front.png
54,psyduck,gen6_xy_shiny_front,pokeapi_versions,054_psyduck/gen6_xy_shiny_front.png
54,psyduck,gen6_oras_front,pokeapi_versions,054_psyduck/gen6_oras_front.png
54,psyduck,gen6_oras_shiny_front,pokeapi_versions,054_psyduck/gen6_oras_shiny_front.png
54,psyduck,gen7_usum_front,pokeapi_versions,054_psyduck/gen7_usum_front.png
54,psyduck,gen7_usum_shiny_front,pokeapi_versions,054_psyduck/gen7_usum_shiny_front.png
55,golduck,official_art,official-artwork,055_golduck/official_artwork.png
55,golduck,home_art,pokemon_home,055_golduck/home_art.png
55,golduck,gen6_xy_front,pokeapi_versions,055_golduck/gen6_xy_front.png
55,golduck,gen6_xy_shiny_front,pokeapi_versions,055_golduck/gen6_xy_shiny_front.png
55,golduck,gen6_oras_front,pokeapi_versions,055_golduck/gen6_oras_front.png
55,golduck,gen6_oras_shiny_front,pokeapi_versions,055_golduck/gen6_oras_shiny_front.png
55,golduck,gen7_usum_front,pokeapi_versions,055_golduck/gen7_usum_front.png
55,golduck,gen7_usum_shiny_front,pokeapi_versions,055_golduck/gen7_usum_shiny_front.png
56,mankey,official_art,official-artwork,056_mankey/official_artwork.png
56,mankey,home_art,pokemon_home,056_mankey/home_art.png
56,mankey,gen6_xy_front,pokeapi_versions,056_mankey/gen6_xy_front.png
56,mankey,gen6_xy_shiny_front,pokeapi_versions,056_mankey/gen6_xy_shiny_front.png
56,mankey,gen6_oras_front,pokeapi_versions,056_mankey/gen6_oras_front.png
56,mankey,gen6_oras_shiny_front,pokeapi_versions,056_mankey/gen6_oras_shiny_front.png
56,mankey,gen7_usum_front,pokeapi_versions,056_mankey/gen7_usum_front.png
56,mankey,gen7_usum_shiny_front,pokeapi_versions,056_mankey/gen7_usum_shiny_front.png
57,primeape,official_art,official-artwork,057_primeape/official_artwork.png
57,primeape,home_art,pokemon_home,057_primeape/home_art.png
57,primeape,gen6_xy_front,pokeapi_versions,057_primeape/gen6_xy_front.png
57,primeape,gen6_xy_shiny_front,pokeapi_versions,057_primeape/gen6_xy_shiny_front.png
57,primeape,gen6_oras_front,pokeapi_versions,057_primeape/gen6_oras_front.png
57,primeape,gen6_oras_shiny_front,pokeapi_versions,057_primeape/gen6_oras_shiny_front.png
57,primeape,gen7_usum_front,pokeapi_versions,057_primeape/gen7_usum_front.png
57,primeape,gen7_usum_shiny_front,pokeapi_versions,057_primeape/gen7_usum_shiny_front.png
58,growlithe,official_art,official-artwork,058_growlithe/official_artwork.png
58,growlithe,home_art,pokemon_home,058_growlithe/home_art.png
58,growlithe,gen6_xy_front,pokeapi_versions,058_growlithe/gen6_xy_front.png
58,growlithe,gen6_xy_shiny_front,pokeapi_versions,058_growlithe/gen6_xy_shiny_front.png
58,growlithe,gen6_oras_front,pokeapi_versions,058_growlithe/gen6_oras_front.png
58,growlithe,gen6_oras_shiny_front,pokeapi_versions,058_growlithe/gen6_oras_shiny_front.png
58,growlithe,gen7_usum_front,pokeapi_versions,058_growlithe/gen7_usum_front.png
58,growlithe,gen7_usum_shiny_front,pokeapi_versions,058_growlithe/gen7_usum_shiny_front.png
59,arcanine,official_art,official-artwork,059_arcanine/official_artwork.png
59,arcanine,home_art,pokemon_home,059_arcanine/home_art.png
59,arcanine,gen6_xy_front,pokeapi_versions,059_arcanine/gen6_xy_front.png
59,arcanine,gen6_xy_shiny_front,pokeapi_versions,059_arcanine/gen6_xy_shiny_front.png
59,arcanine,gen6_oras_front,pokeapi_versions,059_arcanine/gen6_oras_front.png
59,arcanine,gen6_oras_shiny_front,pokeapi_versions,059_arcanine/gen6_oras_shiny_front.png
59,arcanine,gen7_usum_front,pokeapi_versions,059_arcanine/gen7_usum_front.png
59,arcanine,gen7_usum_shiny_front,pokeapi_versions,059_arcanine/gen7_usum_shiny_front.png
60,poliwag,official_art,official-artwork,060_poliwag/official_artwork.png
60,poliwag,home_art,pokemon_home,060_poliwag/home_art.png
60,poliwag,gen6_xy_front,pokeapi_versions,060_poliwag/gen6_xy_front.png
60,poliwag,gen6_xy_shiny_front,pokeapi_versions,060_poliwag/gen6_xy_shiny_front.png
60,poliwag,gen6_oras_front,pokeapi_versions,060_poliwag/gen6_oras_front.png
60,poliwag,gen6_oras_shiny_front,pokeapi_versions,060_poliwag/gen6_oras_shiny_front.png
60,poliwag,gen7_usum_front,pokeapi_versions,060_poliwag/gen7_usum_front.png
60,poliwag,gen7_usum_shiny_front,pokeapi_versions,060_poliwag/gen7_usum_shiny_front.png
61,poliwhirl,official_art,official-artwork,061_poliwhirl/official_artwork.png
61,poliwhirl,home_art,pokemon_home,061_poliwhirl/home_art.png
61,poliwhirl,gen6_xy_front,pokeapi_versions,061_poliwhirl/gen6_xy_front.png
61,poliwhirl,gen6_xy_shiny_front,pokeapi_versions,061_poliwhirl/gen6_xy_shiny_front.png
61,poliwhirl,gen6_oras_front,pokeapi_versions,061_poliwhirl/gen6_oras_front.png
61,poliwhirl,gen6_oras_shiny_front,pokeapi_versions,061_poliwhirl/gen6_oras_shiny_front.png
61,poliwhirl,gen7_usum_front,pokeapi_versions,061_poliwhirl/gen7_usum_front.png
61,poliwhirl,gen7_usum_shiny_front,pokeapi_versions,061_poliwhirl/gen7_usum_shiny_front.png
62,poliwrath,official_art,official-artwork,062_poliwrath/official_artwork.png
62,poliwrath,home_art,pokemon_home,062_poliwrath/home_art.png
62,poliwrath,gen6_xy_front,pokeapi_versions,062_poliwrath/gen6_xy_front.png
62,poliwrath,gen6_xy_shiny_front,pokeapi_versions,062_poliwrath/gen6_xy_shiny_front.png
62,poliwrath,gen6_oras_front,pokeapi_versions,062_poliwrath/gen6_oras_front.png
62,poliwrath,gen6_oras_shiny_front,pokeapi_versions,062_poliwrath/gen6_oras_shiny_front.png
62,poliwrath,gen7_usum_front,pokeapi_versions,062_poliwrath/gen7_usum_front.png
62,poliwrath,gen7_usum_shiny_front,pokeapi_versions,062_poliwrath/gen7_usum_shiny_front.png
63,abra,official_art,official-artwork,063_abra/official_artwork.png
63,abra,home_art,pokemon_home,063_abra/home_art.png
63,abra,gen6_xy_front,pokeapi_versions,063_abra/gen6_xy_front.png
63,abra,gen6_xy_shiny_front,pokeapi_versions,063_abra/gen6_xy_shiny_front.png
63,abra,gen6_oras_front,pokeapi_versions,063_abra/gen6_oras_front.png
63,abra,gen6_oras_shiny_front,pokeapi_versions,063_abra/gen6_oras_shiny_front.png
63,abra,gen7_usum_front,pokeapi_versions,063_abra/gen7_usum_front.png
63,abra,gen7_usum_shiny_front,pokeapi_versions,063_abra/gen7_usum_shiny_front.png
64,kadabra,official_art,official-artwork,064_kadabra/official_artwork.png
64,kadabra,home_art,pokemon_home,064_kadabra/home_art.png
64,kadabra,gen6_xy_front,pokeapi_versions,064_kadabra/gen6_xy_front.png
64,kadabra,gen6_xy_shiny_front,pokeapi_versions,064_kadabra/gen6_xy_shiny_front.png
64,kadabra,gen6_oras_front,pokeapi_versions,064_kadabra/gen6_oras_front.png
64,kadabra,gen6_oras_shiny_front,pokeapi_versions,064_kadabra/gen6_oras_shiny_front.png
64,kadabra,gen7_usum_front,pokeapi_versions,064_kadabra/gen7_usum_front.png
64,kadabra,gen7_usum_shiny_front,pokeapi_versions,064_kadabra/gen7_usum_shiny_front.png
65,alakazam,official_art,official-artwork,065_alakazam/official_artwork.png
65,alakazam,home_art,pokemon_home,065_alakazam/home_art.png
65,alakazam,gen6_xy_front,pokeapi_versions,065_alakazam/gen6_xy_front.png
65,alakazam,gen6_xy_shiny_front,pokeapi_versions,065_alakazam/gen6_xy_shiny_front.png
65,alakazam,gen6_oras_front,pokeapi_versions,065_alakazam/gen6_oras_front.png
65,alakazam,gen6_oras_shiny_front,pokeapi_versions,065_alakazam/gen6_oras_shiny_front.png
65,alakazam,gen7_usum_front,pokeapi_versions,065_alakazam/gen7_usum_front.png
65,alakazam,gen7_usum_shiny_front,pokeapi_versions,065_alakazam/gen7_usum_shiny_front.png
66,machop,official_art,official-artwork,066_machop/official_artwork.png
66,machop,home_art,pokemon_home,066_machop/home_art.png
66,machop,gen6_xy_front,pokeapi_versions,066_machop/gen6_xy_front.png
66,machop,gen6_xy_shiny_front,pokeapi_versions,066_machop/gen6_xy_shiny_front.png
66,machop,gen6_oras_front,pokeapi_versions,066_machop/gen6_oras_front.png
66,machop,gen6_oras_shiny_front,pokeapi_versions,066_machop/gen6_oras_shiny_front.png
66,machop,gen7_usum_front,pokeapi_versions,066_machop/gen7_usum_front.png
66,machop,gen7_usum_shiny_front,pokeapi_versions,066_machop/gen7_usum_shiny_front.png
67,machoke,official_art,official-artwork,067_machoke/official_artwork.png
67,machoke,home_art,pokemon_home,067_machoke/home_art.png
67,machoke,gen6_xy_front,pokeapi_versions,067_machoke/gen6_xy_front.png
67,machoke,gen6_xy_shiny_front,pokeapi_versions,067_machoke/gen6_xy_shiny_front.png
67,machoke,gen6_oras_front,pokeapi_versions,067_machoke/gen6_oras_front.png
67,machoke,gen6_oras_shiny_front,pokeapi_versions,067_machoke/gen6_oras_shiny_front.png
67,machoke,gen7_usum_front,pokeapi_versions,067_machoke/gen7_usum_front.png
67,machoke,gen7_usum_shiny_front,pokeapi_versions,067_machoke/gen7_usum_shiny_front.png
68,machamp,official_art,official-artwork,068_machamp/official_artwork.png
68,machamp,home_art,pokemon_home,068_machamp/home_art.png
68,machamp,gen6_xy_front,pokeapi_versions,068_machamp/gen6_xy_front.png
68,machamp,gen6_xy_shiny_front,pokeapi_versions,068_machamp/gen6_xy_shiny_front.png
68,machamp,gen6_oras_front,pokeapi_versions,068_machamp/gen6_oras_front.png
68,machamp,gen6_oras_shiny_front,pokeapi_versions,068_machamp/gen6_oras_shiny_front.png
68,machamp,gen7_usum_front,pokeapi_versions,068_machamp/gen7_usum_front.png
68,machamp,gen7_usum_shiny_front,pokeapi_versions,068_machamp/gen7_usum_shiny_front.png
69,bellsprout,official_art,official-artwork,069_bellsprout/official_artwork.png
69,bellsprout,home_art,pokemon_home,069_bellsprout/home_art.png
69,bellsprout,gen6_xy_front,pokeapi_versions,069_bellsprout/gen6_xy_front.png
69,bellsprout,gen6_xy_shiny_front,pokeapi_versions,069_bellsprout/gen6_xy_shiny_front.png
69,bellsprout,gen6_oras_front,pokeapi_versions,069_bellsprout/gen6_oras_front.png
69,bellsprout,gen6_oras_shiny_front,pokeapi_versions,069_bellsprout/gen6_oras_shiny_front.png
69,bellsprout,gen7_usum_front,pokeapi_versions,069_bellsprout/gen7_usum_front.png
69,bellsprout,gen7_usum_shiny_front,pokeapi_versions,069_bellsprout/gen7_usum_shiny_front.png
70,weepinbell,official_art,official-artwork,070_weepinbell/official_artwork.png
70,weepinbell,home_art,pokemon_home,070_weepinbell/home_art.png
70,weepinbell,gen6_xy_front,pokeapi_versions,070_weepinbell/gen6_xy_front.png
70,weepinbell,gen6_xy_shiny_front,pokeapi_versions,070_weepinbell/gen6_xy_shiny_front.png
70,weepinbell,gen6_oras_front,pokeapi_versions,070_weepinbell/gen6_oras_front.png
70,weepinbell,gen6_oras_shiny_front,pokeapi_versions,070_weepinbell/gen6_oras_shiny_front.png
70,weepinbell,gen7_usum_front,pokeapi_versions,070_weepinbell/gen7_usum_front.png
70,weepinbell,gen7_usum_shiny_front,pokeapi_versions,070_weepinbell/gen7_usum_shiny_front.png
71,victreebel,official_art,official-artwork,071_victreebel/official_artwork.png
71,victreebel,home_art,pokemon_home,071_victreebel/home_art.png
71,victreebel,gen6_xy_front,pokeapi_versions,071_victreebel/gen6_xy_front.png
71,victreebel,gen6_xy_shiny_front,pokeapi_versions,071_victreebel/gen6_xy_shiny_front.png
71,victreebel,gen6_oras_front,pokeapi_versions,071_victreebel/gen6_oras_front.png
71,victreebel,gen6_oras_shiny_front,pokeapi_versions,071_victreebel/gen6_oras_shiny_front.png
71,victreebel,gen7_usum_front,pokeapi_versions,071_victreebel/gen7_usum_front.png
71,victreebel,gen7_usum_shiny_front,pokeapi_versions,071_victreebel/gen7_usum_shiny_front.png
72,tentacool,official_art,official-artwork,072_tentacool/official_artwork.png
72,tentacool,home_art,pokemon_home,072_tentacool/home_art.png
72,tentacool,gen6_xy_front,pokeapi_versions,072_tentacool/gen6_xy_front.png
72,tentacool,gen6_xy_shiny_front,pokeapi_versions,072_tentacool/gen6_xy_shiny_front.png
72,tentacool,gen6_oras_front,pokeapi_versions,072_tentacool/gen6_oras_front.png
72,tentacool,gen6_oras_shiny_front,pokeapi_versions,072_tentacool/gen6_oras_shiny_front.png
72,tentacool,gen7_usum_front,pokeapi_versions,072_tentacool/gen7_usum_front.png
72,tentacool,gen7_usum_shiny_front,pokeapi_versions,072_tentacool/gen7_usum_shiny_front.png
73,tentacruel,official_art,official-artwork,073_tentacruel/official_artwork.png
73,tentacruel,home_art,pokemon_home,073_tentacruel/home_art.png
73,tentacruel,gen6_xy_front,pokeapi_versions,073_tentacruel/gen6_xy_front.png
73,tentacruel,gen6_xy_shiny_front,pokeapi_versions,073_tentacruel/gen6_xy_shiny_front.png
73,tentacruel,gen6_oras_front,pokeapi_versions,073_tentacruel/gen6_oras_front.png
73,tentacruel,gen6_oras_shiny_front,pokeapi_versions,073_tentacruel/gen6_oras_shiny_front.png
73,tentacruel,gen7_usum_front,pokeapi_versions,073_tentacruel/gen7_usum_front.png
73,tentacruel,gen7_usum_shiny_front,pokeapi_versions,073_tentacruel/gen7_usum_shiny_front.png
74,geodude,official_art,official-artwork,074_geodude/official_artwork.png
74,geodude,home_art,pokemon_home,074_geodude/home_art.png
74,geodude,gen6_xy_front,pokeapi_versions,074_geodude/gen6_xy_front.png
74,geodude,gen6_xy_shiny_front,pokeapi_versions,074_geodude/gen6_xy_shiny_front.png
74,geodude,gen6_oras_front,pokeapi_versions,074_geodude/gen6_oras_front.png
74,geodude,gen6_oras_shiny_front,pokeapi_versions,074_geodude/gen6_oras_shiny_front.png
74,geodude,gen7_usum_front,pokeapi_versions,074_geodude/gen7_usum_front.png
74,geodude,gen7_usum_shiny_front,pokeapi_versions,074_geodude/gen7_usum_shiny_front.png
75,graveler,official_art,official-artwork,075_graveler/official_artwork.png
75,graveler,home_art,pokemon_home,075_graveler/home_art.png
75,graveler,gen6_xy_front,pokeapi_versions,075_graveler/gen6_xy_front.png
75,graveler,gen6_xy_shiny_front,pokeapi_versions,075_graveler/gen6_xy_shiny_front.png
75,graveler,gen6_oras_front,pokeapi_versions,075_graveler/gen6_oras_front.png
75,graveler,gen6_oras_shiny_front,pokeapi_versions,075_graveler/gen6_oras_shiny_front.png
75,graveler,gen7_usum_front,pokeapi_versions,075_graveler/gen7_usum_front.png
75,graveler,gen7_usum_shiny_front,pokeapi_versions,075_graveler/gen7_usum_shiny_front.png
76,golem,official_art,official-artwork,076_golem/official_artwork.png
76,golem,home_art,pokemon_home,076_golem/home_art.png
76,golem,gen6_xy_front,pokeapi_versions,076_golem/gen6_xy_front.png
76,golem,gen6_xy_shiny_front,pokeapi_versions,076_golem/gen6_xy_shiny_front.png
76,golem,gen6_oras_front,pokeapi_versions,076_golem/gen6_oras_front.png
76,golem,gen6_oras_shiny_front,pokeapi_versions,076_golem/gen6_oras_shiny_front.png
76,golem,gen7_usum_front,pokeapi_versions,076_golem/gen7_usum_front.png
76,golem,gen7_usum_shiny_front,pokeapi_versions,076_golem/gen7_usum_shiny_front.png
77,ponyta,official_art,official-artwork,077_ponyta/official_artwork.png
77,ponyta,home_art,pokemon_home,077_ponyta/home_art.png
77,ponyta,gen6_xy_front,pokeapi_versions,077_ponyta/gen6_xy_front.png
77,ponyta,gen6_xy_shiny_front,pokeapi_versions,077_ponyta/gen6_xy_shiny_front.png
77,ponyta,gen6_oras_front,pokeapi_versions,077_ponyta/gen6_oras_front.png
77,ponyta,gen6_oras_shiny_front,pokeapi_versions,077_ponyta/gen6_oras_shiny_front.png
77,ponyta,gen7_usum_front,pokeapi_versions,077_ponyta/gen7_usum_front.png
77,ponyta,gen7_usum_shiny_front,pokeapi_versions,077_ponyta/gen7_usum_shiny_front.png
78,rapidash,official_art,official-artwork,078_rapidash/official_artwork.png
78,rapidash,home_art,pokemon_home,078_rapidash/home_art.png
78,rapidash,gen6_xy_front,pokeapi_versions,078_rapidash/gen6_xy_front.png
78,rapidash,gen6_xy_shiny_front,pokeapi_versions,078_rapidash/gen6_xy_shiny_front.png
78,rapidash,gen6_oras_front,pokeapi_versions,078_rapidash/gen6_oras_front.png
78,rapidash,gen6_oras_shiny_front,pokeapi_versions,078_rapidash/gen6_oras_shiny_front.png
78,rapidash,gen7_usum_front,pokeapi_versions,078_rapidash/gen7_usum_front.png
78,rapidash,gen7_usum_shiny_front,pokeapi_versions,078_rapidash/gen7_usum_shiny_front.png
79,slowpoke,official_art,official-artwork,079_slowpoke/official_artwork.png
79,slowpoke,home_art,pokemon_home,079_slowpoke/home_art.png
79,slowpoke,gen6_xy_front,pokeapi_versions,079_slowpoke/gen6_xy_front.png
79,slowpoke,gen6_xy_shiny_front,pokeapi_versions,079_slowpoke/gen6_xy_shiny_front.png
79,slowpoke,gen6_oras_front,pokeapi_versions,079_slowpoke/gen6_oras_front.png
79,slowpoke,gen6_oras_shiny_front,pokeapi_versions,079_slowpoke/gen6_oras_shiny_front.png
79,slowpoke,gen7_usum_front,pokeapi_versions,079_slowpoke/gen7_usum_front.png
79,slowpoke,gen7_usum_shiny_front,pokeapi_versions,079_slowpoke/gen7_usum_shiny_front.png
80,slowbro,official_art,official-artwork,080_slowbro/official_artwork.png
80,slowbro,home_art,pokemon_home,080_slowbro/home_art.png
80,slowbro,gen6_xy_front,pokeapi_versions,080_slowbro/gen6_xy_front.png
80,slowbro,gen6_xy_shiny_front,pokeapi_versions,080_slowbro/gen6_xy_shiny_front.png
80,slowbro,gen6_oras_front,pokeapi_versions,080_slowbro/gen6_oras_front.png
80,slowbro,gen6_oras_shiny_front,pokeapi_versions,080_slowbro/gen6_oras_shiny_front.png
80,slowbro,gen7_usum_front,pokeapi_versions,080_slowbro/gen7_usum_front.png
80,slowbro,gen7_usum_shiny_front,pokeapi_versions,080_slowbro/gen7_usum_shiny_front.png
81,magnemite,official_art,official-artwork,081_magnemite/official_artwork.png
81,magnemite,home_art,pokemon_home,081_magnemite/home_art.png
81,magnemite,gen6_xy_front,pokeapi_versions,081_magnemite/gen6_xy_front.png
81,magnemite,gen6_xy_shiny_front,pokeapi_versions,081_magnemite/gen6_xy_shiny_front.png
81,magnemite,gen6_oras_front,pokeapi_versions,081_magnemite/gen6_oras_front.png
81,magnemite,gen6_oras_shiny_front,pokeapi_versions,081_magnemite/gen6_oras_shiny_front.png
81,magnemite,gen7_usum_front,pokeapi_versions,081_magnemite/gen7_usum_front.png
81,magnemite,gen7_usum_shiny_front,pokeapi_versions,081_magnemite/gen7_usum_shiny_front.png
82,magneton,official_art,official-artwork,082_magneton/official_artwork.png
82,magneton,home_art,pokemon_home,082_magneton/home_art.png
82,magneton,gen6_xy_front,pokeapi_versions,082_magneton/gen6_xy_front.png
82,magneton,gen6_xy_shiny_front,pokeapi_versions,082_magneton/gen6_xy_shiny_front.png
82,magneton,gen6_oras_front,pokeapi_versions,082_magneton/gen6_oras_front.png
82,magneton,gen6_oras_shiny_front,pokeapi_versions,082_magneton/gen6_oras_shiny_front.png
82,magneton,gen7_usum_front,pokeapi_versions,082_magneton/gen7_usum_front.png
82,magneton,gen7_usum_shiny_front,pokeapi_versions,082_magneton/gen7_usum_shiny_front.png
83,farfetchd,official_art,official-artwork,083_farfetchd/official_artwork.png
83,farfetchd,home_art,pokemon_home,083_farfetchd/home_art.png
83,farfetchd,gen6_xy_front,pokeapi_versions,083_farfetchd/gen6_xy_front.png
83,farfetchd,gen6_xy_shiny_front,pokeapi_versions,083_farfetchd/gen6_xy_shiny_front.png
83,farfetchd,gen6_oras_front,pokeapi_versions,083_farfetchd/gen6_oras_front.png
83,farfetchd,gen6_oras_shiny_front,pokeapi_versions,083_farfetchd/gen6_oras_shiny_front.png
83,farfetchd,gen7_usum_front,pokeapi_versions,083_farfetchd/gen7_usum_front.png
83,farfetchd,gen7_usum_shiny_front,pokeapi_versions,083_farfetchd/gen7_usum_shiny_front.png
84,doduo,official_art,official-artwork,084_doduo/official_artwork.png
84,doduo,home_art,pokemon_home,084_doduo/home_art.png
84,doduo,gen6_xy_front,pokeapi_versions,084_doduo/gen6_xy_front.png
84,doduo,gen6_xy_shiny_front,pokeapi_versions,084_doduo/gen6_xy_shiny_front.png
84,doduo,gen6_oras_front,pokeapi_versions,084_doduo/gen6_oras_front.png
84,doduo,gen6_oras_shiny_front,pokeapi_versions,084_doduo/gen6_oras_shiny_front.png
84,doduo,gen7_usum_front,pokeapi_versions,084_doduo/gen7_usum_front.png
84,doduo,gen7_usum_shiny_front,pokeapi_versions,084_doduo/gen7_usum_shiny_front.png
85,dodrio,official_art,official-artwork,085_dodrio/official_artwork.png
85,dodrio,home_art,pokemon_home,085_dodrio/home_art.png
85,dodrio,gen6_xy_front,pokeapi_versions,085_dodrio/gen6_xy_front.png
85,dodrio,gen6_xy_shiny_front,pokeapi_versions,085_dodrio/gen6_xy_shiny_front.png
85,dodrio,gen6_oras_front,pokeapi_versions,085_dodrio/gen6_oras_front.png
85,dodrio,gen6_oras_shiny_front,pokeapi_versions,085_dodrio/gen6_oras_shiny_front.png
85,dodrio,gen7_usum_front,pokeapi_versions,085_dodrio/gen7_usum_front.png
85,dodrio,gen7_usum_shiny_front,pokeapi_versions,085_dodrio/gen7_usum_shiny_front.png
86,seel,official_art,official-artwork,086_seel/official_artwork.png
86,seel,home_art,pokemon_home,086_seel/home_art.png
86,seel,gen6_xy_front,pokeapi_versions,086_seel/gen6_xy_front.png
86,seel,gen6_xy_shiny_front,pokeapi_versions,086_seel/gen6_xy_shiny_front.png
86,seel,gen6_oras_front,pokeapi_versions,086_seel/gen6_oras_front.png
86,seel,gen6_oras_shiny_front,pokeapi_versions,086_seel/gen6_oras_shiny_front.png
86,seel,gen7_usum_front,pokeapi_versions,086_seel/gen7_usum_front.png
86,seel,gen7_usum_shiny_front,pokeapi_versions,086_seel/gen7_usum_shiny_front.png
87,dewgong,official_art,official-artwork,087_dewgong/official_artwork.png
87,dewgong,home_art,pokemon_home,087_dewgong/home_art.png
87,dewgong,gen6_xy_front,pokeapi_versions,087_dewgong/gen6_xy_front.png
87,dewgong,gen6_xy_shiny_front,pokeapi_versions,087_dewgong/gen6_xy_shiny_front.png
87,dewgong,gen6_oras_front,pokeapi_versions,087_dewgong/gen6_oras_front.png
87,dewgong,gen6_oras_shiny_front,pokeapi_versions,087_dewgong/gen6_oras_shiny_front.png
87,dewgong,gen7_usum_front,pokeapi_versions,087_dewgong/gen7_usum_front.png
87,dewgong,gen7_usum_shiny_front,pokeapi_versions,087_dewgong/gen7_usum_shiny_front.png
88,grimer,official_art,official-artwork,088_grimer/official_artwork.png
88,grimer,home_art,pokemon_home,088_grimer/home_art.png
88,grimer,gen6_xy_front,pokeapi_versions,088_grimer/gen6_xy_front.png
88,grimer,gen6_xy_shiny_front,pokeapi_versions,088_grimer/gen6_xy_shiny_front.png
88,grimer,gen6_oras_front,pokeapi_versions,088_grimer/gen6_oras_front.png
88,grimer,gen6_oras_shiny_front,pokeapi_versions,088_grimer/gen6_oras_shiny_front.png
88,grimer,gen7_usum_front,pokeapi_versions,088_grimer/gen7_usum_front.png
88,grimer,gen7_usum_shiny_front,pokeapi_versions,088_grimer/gen7_usum_shiny_front.png
89,muk,official_art,official-artwork,089_muk/official_artwork.png
89,muk,home_art,pokemon_home,089_muk/home_art.png
89,muk,gen6_xy_front,pokeapi_versions,089_muk/gen6_xy_front.png
89,muk,gen6_xy_shiny_front,pokeapi_versions,089_muk/gen6_xy_shiny_front.png
89,muk,gen6_oras_front,pokeapi_versions,089_muk/gen6_oras_front.png
89,muk,gen6_oras_shiny_front,pokeapi_versions,089_muk/gen6_oras_shiny_front.png
89,muk,gen7_usum_front,pokeapi_versions,089_muk/gen7_usum_front.png
89,muk,gen7_usum_shiny_front,pokeapi_versions,089_muk/gen7_usum_shiny_front.png
90,shellder,official_art,official-artwork,090_shellder/official_artwork.png
90,shellder,home_art,pokemon_home,090_shellder/home_art.png
90,shellder,gen6_xy_front,pokeapi_versions,090_shellder/gen6_xy_front.png
90,shellder,gen6_xy_shiny_front,pokeapi_versions,090_shellder/gen6_xy_shiny_front.png
90,shellder,gen6_oras_front,pokeapi_versions,090_shellder/gen6_oras_front.png
90,shellder,gen6_oras_shiny_front,pokeapi_versions,090_shellder/gen6_oras_shiny_front.png
90,shellder,gen7_usum_front,pokeapi_versions,090_shellder/gen7_usum_front.png
90,shellder,gen7_usum_shiny_front,pokeapi_versions,090_shellder/gen7_usum_shiny_front.png
91,cloyster,official_art,official-artwork,091_cloyster/official_artwork.png
91,cloyster,home_art,pokemon_home,091_cloyster/home_art.png
91,cloyster,gen6_xy_front,pokeapi_versions,091_cloyster/gen6_xy_front.png
91,cloyster,gen6_xy_shiny_front,pokeapi_versions,091_cloyster/gen6_xy_shiny_front.png
91,cloyster,gen6_oras_front,pokeapi_versions,091_cloyster/gen6_oras_front.png
91,cloyster,gen6_oras_shiny_front,pokeapi_versions,091_cloyster/gen6_oras_shiny_front.png
91,cloyster,gen7_usum_front,pokeapi_versions,091_cloyster/gen7_usum_front.png
91,cloyster,gen7_usum_shiny_front,pokeapi_versions,091_cloyster/gen7_usum_shiny_front.png
92,gastly,official_art,official-artwork,092_gastly/official_artwork.png
92,gastly,home_art,pokemon_home,092_gastly/home_art.png
92,gastly,gen6_xy_front,pokeapi_versions,092_gastly/gen6_xy_front.png
92,gastly,gen6_xy_shiny_front,pokeapi_versions,092_gastly/gen6_xy_shiny_front.png
92,gastly,gen6_oras_front,pokeapi_versions,092_gastly/gen6_oras_front.png
92,gastly,gen6_oras_shiny_front,pokeapi_versions,092_gastly/gen6_oras_shiny_front.png
92,gastly,gen7_usum_front,pokeapi_versions,092_gastly/gen7_usum_front.png
92,gastly,gen7_usum_shiny_front,pokeapi_versions,092_gastly/gen7_usum_shiny_front.png
93,haunter,official_art,official-artwork,093_haunter/official_artwork.png
93,haunter,home_art,pokemon_home,093_haunter/home_art.png
93,haunter,gen6_xy_front,pokeapi_versions,093_haunter/gen6_xy_front.png
93,haunter,gen6_xy_shiny_front,pokeapi_versions,093_haunter/gen6_xy_shiny_front.png
93,haunter,gen6_oras_front,pokeapi_versions,093_haunter/gen6_oras_front.png
93,haunter,gen6_oras_shiny_front,pokeapi_versions,093_haunter/gen6_oras_shiny_front.png
93,haunter,gen7_usum_front,pokeapi_versions,093_haunter/gen7_usum_front.png
93,haunter,gen7_usum_shiny_front,pokeapi_versions,093_haunter/gen7_usum_shiny_front.png
94,gengar,official_art,official-artwork,094_gengar/official_artwork.png
94,gengar,home_art,pokemon_home,094_gengar/home_art.png
94,gengar,gen6_xy_front,pokeapi_versions,094_gengar/gen6_xy_front.png
94,gengar,gen6_xy_shiny_front,pokeapi_versions,094_gengar/gen6_xy_shiny_front.png
94,gengar,gen6_oras_front,pokeapi_versions,094_gengar/gen6_oras_front.png
94,gengar,gen6_oras_shiny_front,pokeapi_versions,094_gengar/gen6_oras_shiny_front.png
94,gengar,gen7_usum_front,pokeapi_versions,094_gengar/gen7_usum_front.png
94,gengar,gen7_usum_shiny_front,pokeapi_versions,094_gengar/gen7_usum_shiny_front.png
95,onix,official_art,official-artwork,095_onix/official_artwork.png
95,onix,home_art,pokemon_home,095_onix/home_art.png
95,onix,gen6_xy_front,pokeapi_versions,095_onix/gen6_xy_front.png
95,onix,gen6_xy_shiny_front,pokeapi_versions,095_onix/gen6_xy_shiny_front.png
95,onix,gen6_oras_front,pokeapi_versions,095_onix/gen6_oras_front.png
95,onix,gen6_oras_shiny_front,pokeapi_versions,095_onix/gen6_oras_shiny_front.png
95,onix,gen7_usum_front,pokeapi_versions,095_onix/gen7_usum_front.png
95,onix,gen7_usum_shiny_front,pokeapi_versions,095_onix/gen7_usum_shiny_front.png
96,drowzee,official_art,official-artwork,096_drowzee/official_artwork.png
96,drowzee,home_art,pokemon_home,096_drowzee/home_art.png
96,drowzee,gen6_xy_front,pokeapi_versions,096_drowzee/gen6_xy_front.png
96,drowzee,gen6_xy_shiny_front,pokeapi_versions,096_drowzee/gen6_xy_shiny_front.png
96,drowzee,gen6_oras_front,pokeapi_versions,096_drowzee/gen6_oras_front.png
96,drowzee,gen6_oras_shiny_front,pokeapi_versions,096_drowzee/gen6_oras_shiny_front.png
96,drowzee,gen7_usum_front,pokeapi_versions,096_drowzee/gen7_usum_front.png
96,drowzee,gen7_usum_shiny_front,pokeapi_versions,096_drowzee/gen7_usum_shiny_front.png
97,hypno,official_art,official-artwork,097_hypno/official_artwork.png
97,hypno,home_art,pokemon_home,097_hypno/home_art.png
97,hypno,gen6_xy_front,pokeapi_versions,097_hypno/gen6_xy_front.png
97,hypno,gen6_xy_shiny_front,pokeapi_versions,097_hypno/gen6_xy_shiny_front.png
97,hypno,gen6_oras_front,pokeapi_versions,097_hypno/gen6_oras_front.png
97,hypno,gen6_oras_shiny_front,pokeapi_versions,097_hypno/gen6_oras_shiny_front.png
97,hypno,gen7_usum_front,pokeapi_versions,097_hypno/gen7_usum_front.png
97,hypno,gen7_usum_shiny_front,pokeapi_versions,097_hypno/gen7_usum_shiny_front.png
98,krabby,official_art,official-artwork,098_krabby/official_artwork.png
98,krabby,home_art,pokemon_home,098_krabby/home_art.png
98,krabby,gen6_xy_front,pokeapi_versions,098_krabby/gen6_xy_front.png
98,krabby,gen6_xy_shiny_front,pokeapi_versions,098_krabby/gen6_xy_shiny_front.png
98,krabby,gen6_oras_front,pokeapi_versions,098_krabby/gen6_oras_front.png
98,krabby,gen6_oras_shiny_front,pokeapi_versions,098_krabby/gen6_oras_shiny_front.png
98,krabby,gen7_usum_front,pokeapi_versions,098_krabby/gen7_usum_front.png
98,krabby,gen7_usum_shiny_front,pokeapi_versions,098_krabby/gen7_usum_shiny_front.png
99,kingler,official_art,official-artwork,099_kingler/official_artwork.png
99,kingler,home_art,pokemon_home,099_kingler/home_art.png
99,kingler,gen6_xy_front,pokeapi_versions,099_kingler/gen6_xy_front.png
99,kingler,gen6_xy_shiny_front,pokeapi_versions,099_kingler/gen6_xy_shiny_front.png
99,kingler,gen6_oras_front,pokeapi_versions,099_kingler/gen6_oras_front.png
99,kingler,gen6_oras_shiny_front,pokeapi_versions,099_kingler/gen6_oras_shiny_front.png
99,kingler,gen7_usum_front,pokeapi_versions,099_kingler/gen7_usum_front.png
99,kingler,gen7_usum_shiny_front,pokeapi_versions,099_kingler/gen7_usum_shiny_front.png
100,voltorb,official_art,official-artwork,100_voltorb/official_artwork.png
100,voltorb,home_art,pokemon_home,100_voltorb/home_art.png
100,voltorb,gen6_xy_front,pokeapi_versions,100_voltorb/gen6_xy_front.png
100,voltorb,gen6_xy_shiny_front,pokeapi_versions,100_voltorb/gen6_xy_shiny_front.png
100,voltorb,gen6_oras_front,pokeapi_versions,100_voltorb/gen6_oras_front.png
100,voltorb,gen6_oras_shiny_front,pokeapi_versions,100_voltorb/gen6_oras_shiny_front.png
100,voltorb,gen7_usum_front,pokeapi_versions,100_voltorb/gen7_usum_front.png
100,voltorb,gen7_usum_shiny_front,pokeapi_versions,100_voltorb/gen7_usum_shiny_front.png
101,electrode,official_art,official-artwork,101_electrode/official_artwork.png
101,electrode,home_art,pokemon_home,101_electrode/home_art.png
101,electrode,gen6_xy_front,pokeapi_versions,101_electrode/gen6_xy_front.png
101,electrode,gen6_xy_shiny_front,pokeapi_versions,101_electrode/gen6_xy_shiny_front.png
101,electrode,gen6_oras_front,pokeapi_versions,101_electrode/gen6_oras_front.png
101,electrode,gen6_oras_shiny_front,pokeapi_versions,101_electrode/gen6_oras_shiny_front.png
101,electrode,gen7_usum_front,pokeapi_versions,101_electrode/gen7_usum_front.png
101,electrode,gen7_usum_shiny_front,pokeapi_versions,101_electrode/gen7_usum_shiny_front.png
102,exeggcute,official_art,official-artwork,102_exeggcute/official_artwork.png
102,exeggcute,home_art,pokemon_home,102_exeggcute/home_art.png
102,exeggcute,gen6_xy_front,pokeapi_versions,102_exeggcute/gen6_xy_front.png
102,exeggcute,gen6_xy_shiny_front,pokeapi_versions,102_exeggcute/gen6_xy_shiny_front.png
102,exeggcute,gen6_oras_front,pokeapi_versions,102_exeggcute/gen6_oras_front.png
102,exeggcute,gen6_oras_shiny_front,pokeapi_versions,102_exeggcute/gen6_oras_shiny_front.png
102,exeggcute,gen7_usum_front,pokeapi_versions,102_exeggcute/gen7_usum_front.png
102,exeggcute,gen7_usum_shiny_front,pokeapi_versions,102_exeggcute/gen7_usum_shiny_front.png
103,exeggutor,official_art,official-artwork,103_exeggutor/official_artwork.png
103,exeggutor,home_art,pokemon_home,103_exeggutor/home_art.png
103,exeggutor,gen6_xy_front,pokeapi_versions,103_exeggutor/gen6_xy_front.png
103,exeggutor,gen6_xy_shiny_front,pokeapi_versions,103_exeggutor/gen6_xy_shiny_front.png
103,exeggutor,gen6_oras_front,pokeapi_versions,103_exeggutor/gen6_oras_front.png
103,exeggutor,gen6_oras_shiny_front,pokeapi_versions,103_exeggutor/gen6_oras_shiny_front.png
103,exeggutor,gen7_usum_front,pokeapi_versions,103_exeggutor/gen7_usum_front.png
103,exeggutor,gen7_usum_shiny_front,pokeapi_versions,103_exeggutor/gen7_usum_shiny_front.png
104,cubone,official_art,official-artwork,104_cubone/official_artwork.png
104,cubone,home_art,pokemon_home,104_cubone/home_art.png
104,cubone,gen6_xy_front,pokeapi_versions,104_cubone/gen6_xy_front.png
104,cubone,gen6_xy_shiny_front,pokeapi_versions,104_cubone/gen6_xy_shiny_front.png
104,cubone,gen6_oras_front,pokeapi_versions,104_cubone/gen6_oras_front.png
104,cubone,gen6_oras_shiny_front,pokeapi_versions,104_cubone/gen6_oras_shiny_front.png
104,cubone,gen7_usum_front,pokeapi_versions,104_cubone/gen7_usum_front.png
104,cubone,gen7_usum_shiny_front,pokeapi_versions,104_cubone/gen7_usum_shiny_front.png
105,marowak,official_art,official-artwork,105_marowak/official_artwork.png
105,marowak,home_art,pokemon_home,105_marowak/home_art.png
105,marowak,gen6_xy_front,pokeapi_versions,105_marowak/gen6_xy_front.png
105,marowak,gen6_xy_shiny_front,pokeapi_versions,105_marowak/gen6_xy_shiny_front.png
105,marowak,gen6_oras_front,pokeapi_versions,105_marowak/gen6_oras_front.png
105,marowak,gen6_oras_shiny_front,pokeapi_versions,105_marowak/gen6_oras_shiny_front.png
105,marowak,gen7_usum_front,pokeapi_versions,105_marowak/gen7_usum_front.png
105,marowak,gen7_usum_shiny_front,pokeapi_versions,105_marowak/gen7_usum_shiny_front.png
106,hitmonlee,official_art,official-artwork,106_hitmonlee/official_artwork.png
106,hitmonlee,home_art,pokemon_home,106_hitmonlee/home_art.png
106,hitmonlee,gen6_xy_front,pokeapi_versions,106_hitmonlee/gen6_xy_front.png
106,hitmonlee,gen6_xy_shiny_front,pokeapi_versions,106_hitmonlee/gen6_xy_shiny_front.png
106,hitmonlee,gen6_oras_front,pokeapi_versions,106_hitmonlee/gen6_oras_front.png
106,hitmonlee,gen6_oras_shiny_front,pokeapi_versions,106_hitmonlee/gen6_oras_shiny_front.png
106,hitmonlee,gen7_usum_front,pokeapi_versions,106_hitmonlee/gen7_usum_front.png
106,hitmonlee,gen7_usum_shiny_front,pokeapi_versions,106_hitmonlee/gen7_usum_shiny_front.png
107,hitmonchan,official_art,official-artwork,107_hitmonchan/official_artwork.png
107,hitmonchan,home_art,pokemon_home,107_hitmonchan/home_art.png
107,hitmonchan,gen6_xy_front,pokeapi_versions,107_hitmonchan/gen6_xy_front.png
107,hitmonchan,gen6_xy_shiny_front,pokeapi_versions,107_hitmonchan/gen6_xy_shiny_front.png
107,hitmonchan,gen6_oras_front,pokeapi_versions,107_hitmonchan/gen6_oras_front.png
107,hitmonchan,gen6_oras_shiny_front,pokeapi_versions,107_hitmonchan/gen6_oras_shiny_front.png
107,hitmonchan,gen7_usum_front,pokeapi_versions,107_hitmonchan/gen7_usum_front.png
107,hitmonchan,gen7_usum_shiny_front,pokeapi_versions,107_hitmonchan/gen7_usum_shiny_front.png
108,lickitung,official_art,official-artwork,108_lickitung/official_artwork.png
108,lickitung,home_art,pokemon_home,108_lickitung/home_art.png
108,lickitung,gen6_xy_front,pokeapi_versions,108_lickitung/gen6_xy_front.png
108,lickitung,gen6_xy_shiny_front,pokeapi_versions,108_lickitung/gen6_xy_shiny_front.png
108,lickitung,gen6_oras_front,pokeapi_versions,108_lickitung/gen6_oras_front.png
108,lickitung,gen6_oras_shiny_front,pokeapi_versions,108_lickitung/gen6_oras_shiny_front.png
108,lickitung,gen7_usum_front,pokeapi_versions,108_lickitung/gen7_usum_front.png
108,lickitung,gen7_usum_shiny_front,pokeapi_versions,108_lickitung/gen7_usum_shiny_front.png
109,koffing,official_art,official-artwork,109_koffing/official_artwork.png
109,koffing,home_art,pokemon_home,109_koffing/home_art.png
109,koffing,gen6_xy_front,pokeapi_versions,109_koffing/gen6_xy_front.png
109,koffing,gen6_xy_shiny_front,pokeapi_versions,109_koffing/gen6_xy_shiny_front.png
109,koffing,gen6_oras_front,pokeapi_versions,109_koffing/gen6_oras_front.png
109,koffing,gen6_oras_shiny_front,pokeapi_versions,109_koffing/gen6_oras_shiny_front.png
109,koffing,gen7_usum_front,pokeapi_versions,109_koffing/gen7_usum_front.png
109,koffing,gen7_usum_shiny_front,pokeapi_versions,109_koffing/gen7_usum_shiny_front.png
110,weezing,official_art,official-artwork,110_weezing/official_artwork.png
110,weezing,home_art,pokemon_home,110_weezing/home_art.png
110,weezing,gen6_xy_shiny_front,pokeapi_versions,110_weezing/gen6_xy_shiny_front.png
110,weezing,gen6_oras_front,pokeapi_versions,110_weezing/gen6_oras_front.png
110,weezing,gen6_oras_shiny_front,pokeapi_versions,110_weezing/gen6_oras_shiny_front.png
110,weezing,gen7_usum_front,pokeapi_versions,110_weezing/gen7_usum_front.png
110,weezing,gen7_usum_shiny_front,pokeapi_versions,110_weezing/gen7_usum_shiny_front.png
111,rhyhorn,official_art,official-artwork,111_rhyhorn/official_artwork.png
111,rhyhorn,home_art,pokemon_home,111_rhyhorn/home_art.png
111,rhyhorn,gen6_xy_front,pokeapi_versions,111_rhyhorn/gen6_xy_front.png
111,rhyhorn,gen6_xy_shiny_front,pokeapi_versions,111_rhyhorn/gen6_xy_shiny_front.png
111,rhyhorn,gen6_oras_front,pokeapi_versions,111_rhyhorn/gen6_oras_front.png
111,rhyhorn,gen6_oras_shiny_front,pokeapi_versions,111_rhyhorn/gen6_oras_shiny_front.png
111,rhyhorn,gen7_usum_front,pokeapi_versions,111_rhyhorn/gen7_usum_front.png
111,rhyhorn,gen7_usum_shiny_front,pokeapi_versions,111_rhyhorn/gen7_usum_shiny_front.png
112,rhydon,official_art,official-artwork,112_rhydon/official_artwork.png
112,rhydon,home_art,pokemon_home,112_rhydon/home_art.png
112,rhydon,gen6_xy_front,pokeapi_versions,112_rhydon/gen6_xy_front.png
112,rhydon,gen6_xy_shiny_front,pokeapi_versions,112_rhydon/gen6_xy_shiny_front.png
112,rhydon,gen6_oras_front,pokeapi_versions,112_rhydon/gen6_oras_front.png
112,rhydon,gen6_oras_shiny_front,pokeapi_versions,112_rhydon/gen6_oras_shiny_front.png
112,rhydon,gen7_usum_front,pokeapi_versions,112_rhydon/gen7_usum_front.png
112,rhydon,gen7_usum_shiny_front,pokeapi_versions,112_rhydon/gen7_usum_shiny_front.png
113,chansey,official_art,official-artwork,113_chansey/official_artwork.png
113,chansey,home_art,pokemon_home,113_chansey/home_art.png
113,chansey,gen6_xy_front,pokeapi_versions,113_chansey/gen6_xy_front.png
113,chansey,gen6_xy_shiny_front,pokeapi_versions,113_chansey/gen6_xy_shiny_front.png
113,chansey,gen6_oras_front,pokeapi_versions,113_chansey/gen6_oras_front.png
113,chansey,gen6_oras_shiny_front,pokeapi_versions,113_chansey/gen6_oras_shiny_front.png
113,chansey,gen7_usum_front,pokeapi_versions,113_chansey/gen7_usum_front.png
113,chansey,gen7_usum_shiny_front,pokeapi_versions,113_chansey/gen7_usum_shiny_front.png
114,tangela,official_art,official-artwork,114_tangela/official_artwork.png
114,tangela,home_art,pokemon_home,114_tangela/home_art.png
114,tangela,gen6_xy_front,pokeapi_versions,114_tangela/gen6_xy_front.png
114,tangela,gen6_xy_shiny_front,pokeapi_versions,114_tangela/gen6_xy_shiny_front.png
114,tangela,gen6_oras_front,pokeapi_versions,114_tangela/gen6_oras_front.png
114,tangela,gen6_oras_shiny_front,pokeapi_versions,114_tangela/gen6_oras_shiny_front.png
114,tangela,gen7_usum_front,pokeapi_versions,114_tangela/gen7_usum_front.png
114,tangela,gen7_usum_shiny_front,pokeapi_versions,114_tangela/gen7_usum_shiny_front.png
115,kangaskhan,official_art,official-artwork,115_kangaskhan/official_artwork.png
115,kangaskhan,home_art,pokemon_home,115_kangaskhan/home_art.png
115,kangaskhan,gen6_xy_front,pokeapi_versions,115_kangaskhan/gen6_xy_front.png
115,kangaskhan,gen6_xy_shiny_front,pokeapi_versions,115_kangaskhan/gen6_xy_shiny_front.png
115,kangaskhan,gen6_oras_front,pokeapi_versions,115_kangaskhan/gen6_oras_front.png
115,kangaskhan,gen6_oras_shiny_front,pokeapi_versions,115_kangaskhan/gen6_oras_shiny_front.png
115,kangaskhan,gen7_usum_front,pokeapi_versions,115_kangaskhan/gen7_usum_front.png
115,kangaskhan,gen7_usum_shiny_front,pokeapi_versions,115_kangaskhan/gen7_usum_shiny_front.png
116,horsea,official_art,official-artwork,116_horsea/official_artwork.png
116,horsea,home_art,pokemon_home,116_horsea/home_art.png
116,horsea,gen6_xy_front,pokeapi_versions,116_horsea/gen6_xy_front.png
116,horsea,gen6_xy_shiny_front,pokeapi_versions,116_horsea/gen6_xy_shiny_front.png
116,horsea,gen6_oras_front,pokeapi_versions,116_horsea/gen6_oras_front.png
116,horsea,gen6_oras_shiny_front,pokeapi_versions,116_horsea/gen6_oras_shiny_front.png
116,horsea,gen7_usum_front,pokeapi_versions,116_horsea/gen7_usum_front.png
116,horsea,gen7_usum_shiny_front,pokeapi_versions,116_horsea/gen7_usum_shiny_front.png
117,seadra,official_art,official-artwork,117_seadra/official_artwork.png
117,seadra,home_art,pokemon_home,117_seadra/home_art.png
117,seadra,gen6_xy_front,pokeapi_versions,117_seadra/gen6_xy_front.png
117,seadra,gen6_xy_shiny_front,pokeapi_versions,117_seadra/gen6_xy_shiny_front.png
117,seadra,gen6_oras_front,pokeapi_versions,117_seadra/gen6_oras_front.png
117,seadra,gen6_oras_shiny_front,pokeapi_versions,117_seadra/gen6_oras_shiny_front.png
117,seadra,gen7_usum_front,pokeapi_versions,117_seadra/gen7_usum_front.png
117,seadra,gen7_usum_shiny_front,pokeapi_versions,117_seadra/gen7_usum_shiny_front.png
118,goldeen,official_art,official-artwork,118_goldeen/official_artwork.png
118,goldeen,home_art,pokemon_home,118_goldeen/home_art.png
118,goldeen,gen6_xy_front,pokeapi_versions,118_goldeen/gen6_xy_front.png
118,goldeen,gen6_xy_shiny_front,pokeapi_versions,118_goldeen/gen6_xy_shiny_front.png
118,goldeen,gen6_oras_front,pokeapi_versions,118_goldeen/gen6_oras_front.png
118,goldeen,gen6_oras_shiny_front,pokeapi_versions,118_goldeen/gen6_oras_shiny_front.png
118,goldeen,gen7_usum_front,pokeapi_versions,118_goldeen/gen7_usum_front.png
118,goldeen,gen7_usum_shiny_front,pokeapi_versions,118_goldeen/gen7_usum_shiny_front.png
119,seaking,official_art,official-artwork,119_seaking/official_artwork.png
119,seaking,home_art,pokemon_home,119_seaking/home_art.png
119,seaking,gen6_xy_front,pokeapi_versions,119_seaking/gen6_xy_front.png
119,seaking,gen6_xy_shiny_front,pokeapi_versions,119_seaking/gen6_xy_shiny_front.png
119,seaking,gen6_oras_front,pokeapi_versions,119_seaking/gen6_oras_front.png
119,seaking,gen6_oras_shiny_front,pokeapi_versions,119_seaking/gen6_oras_shiny_front.png
119,seaking,gen7_usum_front,pokeapi_versions,119_seaking/gen7_usum_front.png
119,seaking,gen7_usum_shiny_front,pokeapi_versions,119_seaking/gen7_usum_shiny_front.png
120,staryu,official_art,official-artwork,120_staryu/official_artwork.png
120,staryu,home_art,pokemon_home,120_staryu/home_art.png
120,staryu,gen6_xy_front,pokeapi_versions,120_staryu/gen6_xy_front.png
120,staryu,gen6_xy_shiny_front,pokeapi_versions,120_staryu/gen6_xy_shiny_front.png
120,staryu,gen6_oras_front,pokeapi_versions,120_staryu/gen6_oras_front.png
120,staryu,gen6_oras_shiny_front,pokeapi_versions,120_staryu/gen6_oras_shiny_front.png
120,staryu,gen7_usum_front,pokeapi_versions,120_staryu/gen7_usum_front.png
120,staryu,gen7_usum_shiny_front,pokeapi_versions,120_staryu/gen7_usum_shiny_front.png
121,starmie,official_art,official-artwork,121_starmie/official_artwork.png
121,starmie,home_art,pokemon_home,121_starmie/home_art.png
121,starmie,gen6_xy_front,pokeapi_versions,121_starmie/gen6_xy_front.png
121,starmie,gen6_xy_shiny_front,pokeapi_versions,121_starmie/gen6_xy_shiny_front.png
121,starmie,gen6_oras_front,pokeapi_versions,121_starmie/gen6_oras_front.png
121,starmie,gen6_oras_shiny_front,pokeapi_versions,121_starmie/gen6_oras_shiny_front.png
121,starmie,gen7_usum_front,pokeapi_versions,121_starmie/gen7_usum_front.png
121,starmie,gen7_usum_shiny_front,pokeapi_versions,121_starmie/gen7_usum_shiny_front.png
122,mr-mime,official_art,official-artwork,122_mr-mime/official_artwork.png
122,mr-mime,home_art,pokemon_home,122_mr-mime/home_art.png
122,mr-mime,gen6_xy_front,pokeapi_versions,122_mr-mime/gen6_xy_front.png
122,mr-mime,gen6_xy_shiny_front,pokeapi_versions,122_mr-mime/gen6_xy_shiny_front.png
122,mr-mime,gen6_oras_front,pokeapi_versions,122_mr-mime/gen6_oras_front.png
122,mr-mime,gen6_oras_shiny_front,pokeapi_versions,122_mr-mime/gen6_oras_shiny_front.png
122,mr-mime,gen7_usum_front,pokeapi_versions,122_mr-mime/gen7_usum_front.png
122,mr-mime,gen7_usum_shiny_front,pokeapi_versions,122_mr-mime/gen7_usum_shiny_front.png
123,scyther,official_art,official-artwork,123_scyther/official_artwork.png
123,scyther,home_art,pokemon_home,123_scyther/home_art.png
123,scyther,gen6_xy_front,pokeapi_versions,123_scyther/gen6_xy_front.png
123,scyther,gen6_xy_shiny_front,pokeapi_versions,123_scyther/gen6_xy_shiny_front.png
123,scyther,gen6_oras_front,pokeapi_versions,123_scyther/gen6_oras_front.png
123,scyther,gen6_oras_shiny_front,pokeapi_versions,123_scyther/gen6_oras_shiny_front.png
123,scyther,gen7_usum_front,pokeapi_versions,123_scyther/gen7_usum_front.png
123,scyther,gen7_usum_shiny_front,pokeapi_versions,123_scyther/gen7_usum_shiny_front.png
124,jynx,official_art,official-artwork,124_jynx/official_artwork.png
124,jynx,home_art,pokemon_home,124_jynx/home_art.png
124,jynx,gen6_xy_front,pokeapi_versions,124_jynx/gen6_xy_front.png
124,jynx,gen6_xy_shiny_front,pokeapi_versions,124_jynx/gen6_xy_shiny_front.png
124,jynx,gen6_oras_front,pokeapi_versions,124_jynx/gen6_oras_front.png
124,jynx,gen6_oras_shiny_front,pokeapi_versions,124_jynx/gen6_oras_shiny_front.png
124,jynx,gen7_usum_front,pokeapi_versions,124_jynx/gen7_usum_front.png
124,jynx,gen7_usum_shiny_front,pokeapi_versions,124_jynx/gen7_usum_shiny_front.png
125,electabuzz,official_art,official-artwork,125_electabuzz/official_artwork.png
125,electabuzz,home_art,pokemon_home,125_electabuzz/home_art.png
125,electabuzz,gen6_xy_front,pokeapi_versions,125_electabuzz/gen6_xy_front.png
125,electabuzz,gen6_xy_shiny_front,pokeapi_versions,125_electabuzz/gen6_xy_shiny_front.png
125,electabuzz,gen6_oras_front,pokeapi_versions,125_electabuzz/gen6_oras_front.png
125,electabuzz,gen6_oras_shiny_front,pokeapi_versions,125_electabuzz/gen6_oras_shiny_front.png
125,electabuzz,gen7_usum_front,pokeapi_versions,125_electabuzz/gen7_usum_front.png
125,electabuzz,gen7_usum_shiny_front,pokeapi_versions,125_electabuzz/gen7_usum_shiny_front.png
126,magmar,official_art,official-artwork,126_magmar/official_artwork.png
126,magmar,home_art,pokemon_home,126_magmar/home_art.png
126,magmar,gen6_xy_front,pokeapi_versions,126_magmar/gen6_xy_front.png
126,magmar,gen6_xy_shiny_front,pokeapi_versions,126_magmar/gen6_xy_shiny_front.png
126,magmar,gen6_oras_front,pokeapi_versions,126_magmar/gen6_oras_front.png
126,magmar,gen6_oras_shiny_front,pokeapi_versions,126_magmar/gen6_oras_shiny_front.png
126,magmar,gen7_usum_front,pokeapi_versions,126_magmar/gen7_usum_front.png
126,magmar,gen7_usum_shiny_front,pokeapi_versions,126_magmar/gen7_usum_shiny_front.png
127,pinsir,official_art,official-artwork,127_pinsir/official_artwork.png
127,pinsir,home_art,pokemon_home,127_pinsir/home_art.png
127,pinsir,gen6_xy_front,pokeapi_versions,127_pinsir/gen6_xy_front.png
127,pinsir,gen6_xy_shiny_front,pokeapi_versions,127_pinsir/gen6_xy_shiny_front.png
127,pinsir,gen6_oras_front,pokeapi_versions,127_pinsir/gen6_oras_front.png
127,pinsir,gen6_oras_shiny_front,pokeapi_versions,127_pinsir/gen6_oras_shiny_front.png
127,pinsir,gen7_usum_front,pokeapi_versions,127_pinsir/gen7_usum_front.png
127,pinsir,gen7_usum_shiny_front,pokeapi_versions,127_pinsir/gen7_usum_shiny_front.png
128,tauros,official_art,official-artwork,128_tauros/official_artwork.png
128,tauros,home_art,pokemon_home,128_tauros/home_art.png
128,tauros,gen6_xy_front,pokeapi_versions,128_tauros/gen6_xy_front.png
128,tauros,gen6_xy_shiny_front,pokeapi_versions,128_tauros/gen6_xy_shiny_front.png
128,tauros,gen6_oras_front,pokeapi_versions,128_tauros/gen6_oras_front.png
128,tauros,gen6_oras_shiny_front,pokeapi_versions,128_tauros/gen6_oras_shiny_front.png
128,tauros,gen7_usum_front,pokeapi_versions,128_tauros/gen7_usum_front.png
128,tauros,gen7_usum_shiny_front,pokeapi_versions,128_tauros/gen7_usum_shiny_front.png
129,magikarp,official_art,official-artwork,129_magikarp/official_artwork.png
129,magikarp,home_art,pokemon_home,129_magikarp/home_art.png
129,magikarp,gen6_xy_front,pokeapi_versions,129_magikarp/gen6_xy_front.png
129,magikarp,gen6_xy_shiny_front,pokeapi_versions,129_magikarp/gen6_xy_shiny_front.png
129,magikarp,gen6_oras_front,pokeapi_versions,129_magikarp/gen6_oras_front.png
129,magikarp,gen6_oras_shiny_front,pokeapi_versions,129_magikarp/gen6_oras_shiny_front.png
129,magikarp,gen7_usum_front,pokeapi_versions,129_magikarp/gen7_usum_front.png
129,magikarp,gen7_usum_shiny_front,pokeapi_versions,129_magikarp/gen7_usum_shiny_front.png
130,gyarados,official_art,official-artwork,130_gyarados/official_artwork.png
130,gyarados,home_art,pokemon_home,130_gyarados/home_art.png
130,gyarados,gen6_xy_front,pokeapi_versions,130_gyarados/gen6_xy_front.png
130,gyarados,gen6_xy_shiny_front,pokeapi_versions,130_gyarados/gen6_xy_shiny_front.png
130,gyarados,gen6_oras_front,pokeapi_versions,130_gyarados/gen6_oras_front.png
130,gyarados,gen6_oras_shiny_front,pokeapi_versions,130_gyarados/gen6_oras_shiny_front.png
130,gyarados,gen7_usum_front,pokeapi_versions,130_gyarados/gen7_usum_front.png
130,gyarados,gen7_usum_shiny_front,pokeapi_versions,130_gyarados/gen7_usum_shiny_front.png
131,lapras,official_art,official-artwork,131_lapras/official_artwork.png
131,lapras,home_art,pokemon_home,131_lapras/home_art.png
131,lapras,gen6_xy_front,pokeapi_versions,131_lapras/gen6_xy_front.png
131,lapras,gen6_xy_shiny_front,pokeapi_versions,131_lapras/gen6_xy_shiny_front.png
131,lapras,gen6_oras_front,pokeapi_versions,131_lapras/gen6_oras_front.png
131,lapras,gen6_oras_shiny_front,pokeapi_versions,131_lapras/gen6_oras_shiny_front.png
131,lapras,gen7_usum_front,pokeapi_versions,131_lapras/gen7_usum_front.png
131,lapras,gen7_usum_shiny_front,pokeapi_versions,131_lapras/gen7_usum_shiny_front.png
132,ditto,official_art,official-artwork,132_ditto/official_artwork.png
132,ditto,home_art,pokemon_home,132_ditto/home_art.png
132,ditto,gen6_xy_front,pokeapi_versions,132_ditto/gen6_xy_front.png
132,ditto,gen6_xy_shiny_front,pokeapi_versions,132_ditto/gen6_xy_shiny_front.png
132,ditto,gen6_oras_front,pokeapi_versions,132_ditto/gen6_oras_front.png
132,ditto,gen6_oras_shiny_front,pokeapi_versions,132_ditto/gen6_oras_shiny_front.png
132,ditto,gen7_usum_front,pokeapi_versions,132_ditto/gen7_usum_front.png
132,ditto,gen7_usum_shiny_front,pokeapi_versions,132_ditto/gen7_usum_shiny_front.png
133,eevee,official_art,official-artwork,133_eevee/official_artwork.png
133,eevee,home_art,pokemon_home,133_eevee/home_art.png
133,eevee,gen6_xy_front,pokeapi_versions,133_eevee/gen6_xy_front.png
133,eevee,gen6_xy_shiny_front,pokeapi_versions,133_eevee/gen6_xy_shiny_front.png
133,eevee,gen6_oras_front,pokeapi_versions,133_eevee/gen6_oras_front.png
133,eevee,gen6_oras_shiny_front,pokeapi_versions,133_eevee/gen6_oras_shiny_front.png
133,eevee,gen7_usum_front,pokeapi_versions,133_eevee/gen7_usum_front.png
133,eevee,gen7_usum_shiny_front,pokeapi_versions,133_eevee/gen7_usum_shiny_front.png
134,vaporeon,official_art,official-artwork,134_vaporeon/official_artwork.png
134,vaporeon,home_art,pokemon_home,134_vaporeon/home_art.png
134,vaporeon,gen6_xy_front,pokeapi_versions,134_vaporeon/gen6_xy_front.png
134,vaporeon,gen6_xy_shiny_front,pokeapi_versions,134_vaporeon/gen6_xy_shiny_front.png
134,vaporeon,gen6_oras_front,pokeapi_versions,134_vaporeon/gen6_oras_front.png
134,vaporeon,gen6_oras_shiny_front,pokeapi_versions,134_vaporeon/gen6_oras_shiny_front.png
134,vaporeon,gen7_usum_front,pokeapi_versions,134_vaporeon/gen7_usum_front.png
134,vaporeon,gen7_usum_shiny_front,pokeapi_versions,134_vaporeon/gen7_usum_shiny_front.png
135,jolteon,official_art,official-artwork,135_jolteon/official_artwork.png
135,jolteon,home_art,pokemon_home,135_jolteon/home_art.png
135,jolteon,gen6_xy_front,pokeapi_versions,135_jolteon/gen6_xy_front.png
135,jolteon,gen6_xy_shiny_front,pokeapi_versions,135_jolteon/gen6_xy_shiny_front.png
135,jolteon,gen6_oras_front,pokeapi_versions,135_jolteon/gen6_oras_front.png
135,jolteon,gen6_oras_shiny_front,pokeapi_versions,135_jolteon/gen6_oras_shiny_front.png
135,jolteon,gen7_usum_front,pokeapi_versions,135_jolteon/gen7_usum_front.png
135,jolteon,gen7_usum_shiny_front,pokeapi_versions,135_jolteon/gen7_usum_shiny_front.png
136,flareon,official_art,official-artwork,136_flareon/official_artwork.png
136,flareon,home_art,pokemon_home,136_flareon/home_art.png
136,flareon,gen6_xy_front,pokeapi_versions,136_flareon/gen6_xy_front.png
136,flareon,gen6_xy_shiny_front,pokeapi_versions,136_flareon/gen6_xy_shiny_front.png
136,flareon,gen6_oras_front,pokeapi_versions,136_flareon/gen6_oras_front.png
136,flareon,gen6_oras_shiny_front,pokeapi_versions,136_flareon/gen6_oras_shiny_front.png
136,flareon,gen7_usum_front,pokeapi_versions,136_flareon/gen7_usum_front.png
136,flareon,gen7_usum_shiny_front,pokeapi_versions,136_flareon/gen7_usum_shiny_front.png
137,porygon,official_art,official-artwork,137_porygon/official_artwork.png
137,porygon,home_art,pokemon_home,137_porygon/home_art.png
137,porygon,gen6_xy_front,pokeapi_versions,137_porygon/gen6_xy_front.png
137,porygon,gen6_xy_shiny_front,pokeapi_versions,137_porygon/gen6_xy_shiny_front.png
137,porygon,gen6_oras_front,pokeapi_versions,137_porygon/gen6_oras_front.png
137,porygon,gen6_oras_shiny_front,pokeapi_versions,137_porygon/gen6_oras_shiny_front.png
137,porygon,gen7_usum_front,pokeapi_versions,137_porygon/gen7_usum_front.png
137,porygon,gen7_usum_shiny_front,pokeapi_versions,137_porygon/gen7_usum_shiny_front.png
138,omanyte,official_art,official-artwork,138_omanyte/official_artwork.png
138,omanyte,home_art,pokemon_home,138_omanyte/home_art.png
138,omanyte,gen6_xy_front,pokeapi_versions,138_omanyte/gen6_xy_front.png
138,omanyte,gen6_xy_shiny_front,pokeapi_versions,138_omanyte/gen6_xy_shiny_front.png
138,omanyte,gen6_oras_front,pokeapi_versions,138_omanyte/gen6_oras_front.png
138,omanyte,gen6_oras_shiny_front,pokeapi_versions,138_omanyte/gen6_oras_shiny_front.png
138,omanyte,gen7_usum_front,pokeapi_versions,138_omanyte/gen7_usum_front.png
138,omanyte,gen7_usum_shiny_front,pokeapi_versions,138_omanyte/gen7_usum_shiny_front.png
139,omastar,official_art,official-artwork,139_omastar/official_artwork.png
139,omastar,home_art,pokemon_home,139_omastar/home_art.png
139,omastar,gen6_xy_front,pokeapi_versions,139_omastar/gen6_xy_front.png
139,omastar,gen6_xy_shiny_front,pokeapi_versions,139_omastar/gen6_xy_shiny_front.png
139,omastar,gen6_oras_front,pokeapi_versions,139_omastar/gen6_oras_front.png
139,omastar,gen6_oras_shiny_front,pokeapi_versions,139_omastar/gen6_oras_shiny_front.png
139,omastar,gen7_usum_front,pokeapi_versions,139_omastar/gen7_usum_front.png
139,omastar,gen7_usum_shiny_front,pokeapi_versions,139_omastar/gen7_usum_shiny_front.png
140,kabuto,official_art,official-artwork,140_kabuto/official_artwork.png
140,kabuto,home_art,pokemon_home,140_kabuto/home_art.png
140,kabuto,gen6_xy_front,pokeapi_versions,140_kabuto/gen6_xy_front.png
140,kabuto,gen6_xy_shiny_front,pokeapi_versions,140_kabuto/gen6_xy_shiny_front.png
140,kabuto,gen6_oras_front,pokeapi_versions,140_kabuto/gen6_oras_front.png
140,kabuto,gen6_oras_shiny_front,pokeapi_versions,140_kabuto/gen6_oras_shiny_front.png
140,kabuto,gen7_usum_front,pokeapi_versions,140_kabuto/gen7_usum_front.png
140,kabuto,gen7_usum_shiny_front,pokeapi_versions,140_kabuto/gen7_usum_shiny_front.png
141,kabutops,official_art,official-artwork,141_kabutops/official_artwork.png
141,kabutops,home_art,pokemon_home,141_kabutops/home_art.png
141,kabutops,gen6_xy_front,pokeapi_versions,141_kabutops/gen6_xy_front.png
141,kabutops,gen6_xy_shiny_front,pokeapi_versions,141_kabutops/gen6_xy_shiny_front.png
141,kabutops,gen6_oras_front,pokeapi_versions,141_kabutops/gen6_oras_front.png
141,kabutops,gen6_oras_shiny_front,pokeapi_versions,141_kabutops/gen6_oras_shiny_front.png
141,kabutops,gen7_usum_front,pokeapi_versions,141_kabutops/gen7_usum_front.png
141,kabutops,gen7_usum_shiny_front,pokeapi_versions,141_kabutops/gen7_usum_shiny_front.png
142,aerodactyl,official_art,official-artwork,142_aerodactyl/official_artwork.png
142,aerodactyl,home_art,pokemon_home,142_aerodactyl/home_art.png
142,aerodactyl,gen6_xy_front,pokeapi_versions,142_aerodactyl/gen6_xy_front.png
142,aerodactyl,gen6_xy_shiny_front,pokeapi_versions,142_aerodactyl/gen6_xy_shiny_front.png
142,aerodactyl,gen6_oras_front,pokeapi_versions,142_aerodactyl/gen6_oras_front.png
142,aerodactyl,gen6_oras_shiny_front,pokeapi_versions,142_aerodactyl/gen6_oras_shiny_front.png
142,aerodactyl,gen7_usum_front,pokeapi_versions,142_aerodactyl/gen7_usum_front.png
142,aerodactyl,gen7_usum_shiny_front,pokeapi_versions,142_aerodactyl/gen7_usum_shiny_front.png
143,snorlax,official_art,official-artwork,143_snorlax/official_artwork.png
143,snorlax,home_art,pokemon_home,143_snorlax/home_art.png
143,snorlax,gen6_xy_front,pokeapi_versions,143_snorlax/gen6_xy_front.png
143,snorlax,gen6_xy_shiny_front,pokeapi_versions,143_snorlax/gen6_xy_shiny_front.png
143,snorlax,gen6_oras_front,pokeapi_versions,143_snorlax/gen6_oras_front.png
143,snorlax,gen6_oras_shiny_front,pokeapi_versions,143_snorlax/gen6_oras_shiny_front.png
143,snorlax,gen7_usum_front,pokeapi_versions,143_snorlax/gen7_usum_front.png
143,snorlax,gen7_usum_shiny_front,pokeapi_versions,143_snorlax/gen7_usum_shiny_front.png
144,articuno,official_art,official-artwork,144_articuno/official_artwork.png
144,articuno,home_art,pokemon_home,144_articuno/home_art.png
144,articuno,gen6_xy_front,pokeapi_versions,144_articuno/gen6_xy_front.png
144,articuno,gen6_xy_shiny_front,pokeapi_versions,144_articuno/gen6_xy_shiny_front.png
144,articuno,gen6_oras_front,pokeapi_versions,144_articuno/gen6_oras_front.png
144,articuno,gen6_oras_shiny_front,pokeapi_versions,144_articuno/gen6_oras_shiny_front.png
144,articuno,gen7_usum_front,pokeapi_versions,144_articuno/gen7_usum_front.png
144,articuno,gen7_usum_shiny_front,pokeapi_versions,144_articuno/gen7_usum_shiny_front.png
145,zapdos,official_art,official-artwork,145_zapdos/official_artwork.png
145,zapdos,home_art,pokemon_home,145_zapdos/home_art.png
145,zapdos,gen6_xy_front,pokeapi_versions,145_zapdos/gen6_xy_front.png
145,zapdos,gen6_xy_shiny_front,pokeapi_versions,145_zapdos/gen6_xy_shiny_front.png
145,zapdos,gen6_oras_front,pokeapi_versions,145_zapdos/gen6_oras_front.png
145,zapdos,gen6_oras_shiny_front,pokeapi_versions,145_zapdos/gen6_oras_shiny_front.png
145,zapdos,gen7_usum_front,pokeapi_versions,145_zapdos/gen7_usum_front.png
145,zapdos,gen7_usum_shiny_front,pokeapi_versions,145_zapdos/gen7_usum_shiny_front.png
146,moltres,official_art,official-artwork,146_moltres/official_artwork.png
146,moltres,home_art,pokemon_home,146_moltres/home_art.png
146,moltres,gen6_xy_front,pokeapi_versions,146_moltres/gen6_xy_front.png
146,moltres,gen6_xy_shiny_front,pokeapi_versions,146_moltres/gen6_xy_shiny_front.png
146,moltres,gen6_oras_front,pokeapi_versions,146_moltres/gen6_oras_front.png
146,moltres,gen6_oras_shiny_front,pokeapi_versions,146_moltres/gen6_oras_shiny_front.png
146,moltres,gen7_usum_front,pokeapi_versions,146_moltres/gen7_usum_front.png
146,moltres,gen7_usum_shiny_front,pokeapi_versions,146_moltres/gen7_usum_shiny_front.png
147,dratini,official_art,official-artwork,147_dratini/official_artwork.png
147,dratini,home_art,pokemon_home,147_dratini/home_art.png
147,dratini,gen6_xy_front,pokeapi_versions,147_dratini/gen6_xy_front.png
147,dratini,gen6_xy_shiny_front,pokeapi_versions,147_dratini/gen6_xy_shiny_front.png
147,dratini,gen6_oras_front,pokeapi_versions,147_dratini/gen6_oras_front.png
147,dratini,gen6_oras_shiny_front,pokeapi_versions,147_dratini/gen6_oras_shiny_front.png
147,dratini,gen7_usum_front,pokeapi_versions,147_dratini/gen7_usum_front.png
147,dratini,gen7_usum_shiny_front,pokeapi_versions,147_dratini/gen7_usum_shiny_front.png
148,dragonair,official_art,official-artwork,148_dragonair/official_artwork.png
148,dragonair,home_art,pokemon_home,148_dragonair/home_art.png
148,dragonair,gen6_xy_front,pokeapi_versions,148_dragonair/gen6_xy_front.png
148,dragonair,gen6_xy_shiny_front,pokeapi_versions,148_dragonair/gen6_xy_shiny_front.png
148,dragonair,gen6_oras_front,pokeapi_versions,148_dragonair/gen6_oras_front.png
148,dragonair,gen6_oras_shiny_front,pokeapi_versions,148_dragonair/gen6_oras_shiny_front.png
148,dragonair,gen7_usum_front,pokeapi_versions,148_dragonair/gen7_usum_front.png
148,dragonair,gen7_usum_shiny_front,pokeapi_versions,148_dragonair/gen7_usum_shiny_front.png
149,dragonite,official_art,official-artwork,149_dragonite/official_artwork.png
149,dragonite,home_art,pokemon_home,149_dragonite/home_art.png
149,dragonite,gen6_xy_front,pokeapi_versions,149_dragonite/gen6_xy_front.png
149,dragonite,gen6_xy_shiny_front,pokeapi_versions,149_dragonite/gen6_xy_shiny_front.png
149,dragonite,gen6_oras_front,pokeapi_versions,149_dragonite/gen6_oras_front.png
149,dragonite,gen6_oras_shiny_front,pokeapi_versions,149_dragonite/gen6_oras_shiny_front.png
149,dragonite,gen7_usum_front,pokeapi_versions,149_dragonite/gen7_usum_front.png
149,dragonite,gen7_usum_shiny_front,pokeapi_versions,149_dragonite/gen7_usum_shiny_front.png
150,mewtwo,official_art,official-artwork,150_mewtwo/official_artwork.png
150,mewtwo,home_art,pokemon_home,150_mewtwo/home_art.png
150,mewtwo,gen6_xy_front,pokeapi_versions,150_mewtwo/gen6_xy_front.png
150,mewtwo,gen6_xy_shiny_front,pokeapi_versions,150_mewtwo/gen6_xy_shiny_front.png
150,mewtwo,gen6_oras_front,pokeapi_versions,150_mewtwo/gen6_oras_front.png
150,mewtwo,gen6_oras_shiny_front,pokeapi_versions,150_mewtwo/gen6_oras_shiny_front.png
150,mewtwo,gen7_usum_front,pokeapi_versions,150_mewtwo/gen7_usum_front.png
150,mewtwo,gen7_usum_shiny_front,pokeapi_versions,150_mewtwo/gen7_usum_shiny_front.png
151,mew,official_art,official-artwork,151_mew/official_artwork.png
151,mew,home_art,pokemon_home,151_mew/home_art.png
151,mew,gen6_xy_front,pokeapi_versions,151_mew/gen6_xy_front.png
151,mew,gen6_xy_shiny_front,pokeapi_versions,151_mew/gen6_xy_shiny_front.png
151,mew,gen6_oras_front,pokeapi_versions,151_mew/gen6_oras_front.png
151,mew,gen6_oras_shiny_front,pokeapi_versions,151_mew/gen6_oras_shiny_front.png
151,mew,gen7_usum_front,pokeapi_versions,151_mew/gen7_usum_front.png
151,mew,gen7_usum_shiny_front,pokeapi_versions,151_mew/gen7_usum_shiny_front.png
1,bulbasaur,sugimori_gen1_us,pokemondb_artwork,001_bulbasaur/artwork_gen1_us.jpg
1,bulbasaur,sugimori_gen1_jp,pokemondb_artwork,001_bulbasaur/artwork_gen1_jp.jpg
1,bulbasaur,global_link,pokemondb_artwork,001_bulbasaur/artwork_global_link.png
1,bulbasaur,sugimori_highres,hybridshivam_github,001_bulbasaur/artwork_highres.png
2,ivysaur,sugimori_gen1_us,pokemondb_artwork,002_ivysaur/artwork_gen1_us.jpg
2,ivysaur,sugimori_gen1_jp,pokemondb_artwork,002_ivysaur/artwork_gen1_jp.jpg
2,ivysaur,global_link,pokemondb_artwork,002_ivysaur/artwork_global_link.png
2,ivysaur,sugimori_highres,hybridshivam_github,002_ivysaur/artwork_highres.png
3,venusaur,sugimori_gen1_us,pokemondb_artwork,003_venusaur/artwork_gen1_us.jpg
3,venusaur,sugimori_gen1_jp,pokemondb_artwork,003_venusaur/artwork_gen1_jp.jpg
3,venusaur,global_link,pokemondb_artwork,003_venusaur/artwork_global_link.png
3,venusaur,sugimori_highres,hybridshivam_github,003_venusaur/artwork_highres.png
4,charmander,sugimori_gen1_us,pokemondb_artwork,004_charmander/artwork_gen1_us.jpg
4,charmander,sugimori_gen1_jp,pokemondb_artwork,004_charmander/artwork_gen1_jp.jpg
4,charmander,global_link,pokemondb_artwork,004_charmander/artwork_global_link.png
4,charmander,sugimori_highres,hybridshivam_github,004_charmander/artwork_highres.png
5,charmeleon,sugimori_gen1_us,pokemondb_artwork,005_charmeleon/artwork_gen1_us.jpg
5,charmeleon,sugimori_gen1_jp,pokemondb_artwork,005_charmeleon/artwork_gen1_jp.jpg
5,charmeleon,global_link,pokemondb_artwork,005_charmeleon/artwork_global_link.png
5,charmeleon,sugimori_highres,hybridshivam_github,005_charmeleon/artwork_highres.png
6,charizard,sugimori_gen1_us,pokemondb_artwork,006_charizard/artwork_gen1_us.jpg
6,charizard,sugimori_gen1_jp,pokemondb_artwork,006_charizard/artwork_gen1_jp.jpg
6,charizard,global_link,pokemondb_artwork,006_charizard/artwork_global_link.png
6,charizard,sugimori_highres,hybridshivam_github,006_charizard/artwork_highres.png
7,squirtle,sugimori_gen1_us,pokemondb_artwork,007_squirtle/artwork_gen1_us.jpg
7,squirtle,sugimori_gen1_jp,pokemondb_artwork,007_squirtle/artwork_gen1_jp.jpg
7,squirtle,global_link,pokemondb_artwork,007_squirtle/artwork_global_link.png
7,squirtle,sugimori_highres,hybridshivam_github,007_squirtle/artwork_highres.png
8,wartortle,sugimori_gen1_us,pokemondb_artwork,008_wartortle/artwork_gen1_us.jpg
8,wartortle,sugimori_gen1_jp,pokemondb_artwork,008_wartortle/artwork_gen1_jp.jpg
8,wartortle,global_link,pokemondb_artwork,008_wartortle/artwork_global_link.png
8,wartortle,sugimori_highres,hybridshivam_github,008_wartortle/artwork_highres.png
9,blastoise,sugimori_gen1_us,pokemondb_artwork,009_blastoise/artwork_gen1_us.jpg
9,blastoise,sugimori_gen1_jp,pokemondb_artwork,009_blastoise/artwork_gen1_jp.jpg
9,blastoise,global_link,pokemondb_artwork,009_blastoise/artwork_global_link.png
9,blastoise,sugimori_highres,hybridshivam_github,009_blastoise/artwork_highres.png
10,caterpie,sugimori_gen1_us,pokemondb_artwork,010_caterpie/artwork_gen1_us.jpg
10,caterpie,sugimori_gen1_jp,pokemondb_artwork,010_caterpie/artwork_gen1_jp.jpg
10,caterpie,global_link,pokemondb_artwork,010_caterpie/artwork_global_link.png
10,caterpie,sugimori_highres,hybridshivam_github,010_caterpie/artwork_highres.png
11,metapod,sugimori_gen1_us,pokemondb_artwork,011_metapod/artwork_gen1_us.jpg
11,metapod,sugimori_gen1_jp,pokemondb_artwork,011_metapod/artwork_gen1_jp.jpg
11,metapod,global_link,pokemondb_artwork,011_metapod/artwork_global_link.png
11,metapod,sugimori_highres,hybridshivam_github,011_metapod/artwork_highres.png
12,butterfree,sugimori_gen1_us,pokemondb_artwork,012_butterfree/artwork_gen1_us.jpg
12,butterfree,sugimori_gen1_jp,pokemondb_artwork,012_butterfree/artwork_gen1_jp.jpg
12,butterfree,global_link,pokemondb_artwork,012_butterfree/artwork_global_link.png
12,butterfree,sugimori_highres,hybridshivam_github,012_butterfree/artwork_highres.png
13,weedle,sugimori_gen1_us,pokemondb_artwork,013_weedle/artwork_gen1_us.jpg
13,weedle,sugimori_gen1_jp,pokemondb_artwork,013_weedle/artwork_gen1_jp.jpg
13,weedle,global_link,pokemondb_artwork,013_weedle/artwork_global_link.png
13,weedle,sugimori_highres,hybridshivam_github,013_weedle/artwork_highres.png
14,kakuna,sugimori_gen1_us,pokemondb_artwork,014_kakuna/artwork_gen1_us.jpg
14,kakuna,sugimori_gen1_jp,pokemondb_artwork,014_kakuna/artwork_gen1_jp.jpg
14,kakuna,global_link,pokemondb_artwork,014_kakuna/artwork_global_link.png
14,kakuna,sugimori_highres,hybridshivam_github,014_kakuna/artwork_highres.png
15,beedrill,sugimori_gen1_us,pokemondb_artwork,015_beedrill/artwork_gen1_us.jpg
15,beedrill,sugimori_gen1_jp,pokemondb_artwork,015_beedrill/artwork_gen1_jp.jpg
15,beedrill,global_link,pokemondb_artwork,015_beedrill/artwork_global_link.png
15,beedrill,sugimori_highres,hybridshivam_github,015_beedrill/artwork_highres.png
16,pidgey,sugimori_gen1_us,pokemondb_artwork,016_pidgey/artwork_gen1_us.jpg
16,pidgey,sugimori_gen1_jp,pokemondb_artwork,016_pidgey/artwork_gen1_jp.jpg
16,pidgey,global_link,pokemondb_artwork,016_pidgey/artwork_global_link.png
16,pidgey,sugimori_highres,hybridshivam_github,016_pidgey/artwork_highres.png
17,pidgeotto,sugimori_gen1_us,pokemondb_artwork,017_pidgeotto/artwork_gen1_us.jpg
17,pidgeotto,sugimori_gen1_jp,pokemondb_artwork,017_pidgeotto/artwork_gen1_jp.jpg
17,pidgeotto,global_link,pokemondb_artwork,017_pidgeotto/artwork_global_link.png
17,pidgeotto,sugimori_highres,hybridshivam_github,017_pidgeotto/artwork_highres.png
18,pidgeot,sugimori_gen1_us,pokemondb_artwork,018_pidgeot/artwork_gen1_us.jpg
18,pidgeot,sugimori_gen1_jp,pokemondb_artwork,018_pidgeot/artwork_gen1_jp.jpg
18,pidgeot,global_link,pokemondb_artwork,018_pidgeot/artwork_global_link.png
18,pidgeot,sugimori_highres,hybridshivam_github,018_pidgeot/artwork_highres.png
19,rattata,sugimori_gen1_us,pokemondb_artwork,019_rattata/artwork_gen1_us.jpg
19,rattata,sugimori_gen1_jp,pokemondb_artwork,019_rattata/artwork_gen1_jp.jpg
19,rattata,global_link,pokemondb_artwork,019_rattata/artwork_global_link.png
19,rattata,sugimori_highres,hybridshivam_github,019_rattata/artwork_highres.png
20,raticate,sugimori_gen1_us,pokemondb_artwork,020_raticate/artwork_gen1_us.jpg
20,raticate,sugimori_gen1_jp,pokemondb_artwork,020_raticate/artwork_gen1_jp.jpg
20,raticate,global_link,pokemondb_artwork,020_raticate/artwork_global_link.png
20,raticate,sugimori_highres,hybridshivam_github,020_raticate/artwork_highres.png
21,spearow,sugimori_gen1_us,pokemondb_artwork,021_spearow/artwork_gen1_us.jpg
21,spearow,sugimori_gen1_jp,pokemondb_artwork,021_spearow/artwork_gen1_jp.jpg
21,spearow,global_link,pokemondb_artwork,021_spearow/artwork_global_link.png
21,spearow,sugimori_highres,hybridshivam_github,021_spearow/artwork_highres.png
22,fearow,sugimori_gen1_us,pokemondb_artwork,022_fearow/artwork_gen1_us.jpg
22,fearow,sugimori_gen1_jp,pokemondb_artwork,022_fearow/artwork_gen1_jp.jpg
22,fearow,global_link,pokemondb_artwork,022_fearow/artwork_global_link.png
22,fearow,sugimori_highres,hybridshivam_github,022_fearow/artwork_highres.png
23,ekans,sugimori_gen1_us,pokemondb_artwork,023_ekans/artwork_gen1_us.jpg
23,ekans,sugimori_gen1_jp,pokemondb_artwork,023_ekans/artwork_gen1_jp.jpg
23,ekans,global_link,pokemondb_artwork,023_ekans/artwork_global_link.png
23,ekans,sugimori_highres,hybridshivam_github,023_ekans/artwork_highres.png
24,arbok,sugimori_gen1_us,pokemondb_artwork,024_arbok/artwork_gen1_us.jpg
24,arbok,sugimori_gen1_jp,pokemondb_artwork,024_arbok/artwork_gen1_jp.jpg
24,arbok,global_link,pokemondb_artwork,024_arbok/artwork_global_link.png
24,arbok,sugimori_highres,hybridshivam_github,024_arbok/artwork_highres.png
25,pikachu,sugimori_gen1_us,pokemondb_artwork,025_pikachu/artwork_gen1_us.jpg
25,pikachu,sugimori_gen1_jp,pokemondb_artwork,025_pikachu/artwork_gen1_jp.jpg
25,pikachu,global_link,pokemondb_artwork,025_pikachu/artwork_global_link.png
25,pikachu,sugimori_highres,hybridshivam_github,025_pikachu/artwork_highres.png
26,raichu,sugimori_gen1_us,pokemondb_artwork,026_raichu/artwork_gen1_us.jpg
26,raichu,sugimori_gen1_jp,pokemondb_artwork,026_raichu/artwork_gen1_jp.jpg
26,raichu,global_link,pokemondb_artwork,026_raichu/artwork_global_link.png
26,raichu,sugimori_highres,hybridshivam_github,026_raichu/artwork_highres.png
27,sandshrew,sugimori_gen1_us,pokemondb_artwork,027_sandshrew/artwork_gen1_us.jpg
27,sandshrew,sugimori_gen1_jp,pokemondb_artwork,027_sandshrew/artwork_gen1_jp.jpg
27,sandshrew,global_link,pokemondb_artwork,027_sandshrew/artwork_global_link.png
27,sandshrew,sugimori_highres,hybridshivam_github,027_sandshrew/artwork_highres.png
28,sandslash,sugimori_gen1_us,pokemondb_artwork,028_sandslash/artwork_gen1_us.jpg
28,sandslash,sugimori_gen1_jp,pokemondb_artwork,028_sandslash/artwork_gen1_jp.jpg
28,sandslash,global_link,pokemondb_artwork,028_sandslash/artwork_global_link.png
28,sandslash,sugimori_highres,hybridshivam_github,028_sandslash/artwork_highres.png
29,nidoran-f,sugimori_gen1_us,pokemondb_artwork,029_nidoran-f/artwork_gen1_us.jpg
29,nidoran-f,sugimori_gen1_jp,pokemondb_artwork,029_nidoran-f/artwork_gen1_jp.jpg
29,nidoran-f,global_link,pokemondb_artwork,029_nidoran-f/artwork_global_link.png
29,nidoran-f,sugimori_highres,hybridshivam_github,029_nidoran-f/artwork_highres.png
30,nidorina,sugimori_gen1_us,pokemondb_artwork,030_nidorina/artwork_gen1_us.jpg
30,nidorina,sugimori_gen1_jp,pokemondb_artwork,030_nidorina/artwork_gen1_jp.jpg
30,nidorina,global_link,pokemondb_artwork,030_nidorina/artwork_global_link.png
30,nidorina,sugimori_highres,hybridshivam_github,030_nidorina/artwork_highres.png
31,nidoqueen,sugimori_gen1_us,pokemondb_artwork,031_nidoqueen/artwork_gen1_us.jpg
31,nidoqueen,sugimori_gen1_jp,pokemondb_artwork,031_nidoqueen/artwork_gen1_jp.jpg
31,nidoqueen,global_link,pokemondb_artwork,031_nidoqueen/artwork_global_link.png
31,nidoqueen,sugimori_highres,hybridshivam_github,031_nidoqueen/artwork_highres.png
32,nidoran-m,sugimori_gen1_us,pokemondb_artwork,032_nidoran-m/artwork_gen1_us.jpg
32,nidoran-m,sugimori_gen1_jp,pokemondb_artwork,032_nidoran-m/artwork_gen1_jp.jpg
32,nidoran-m,global_link,pokemondb_artwork,032_nidoran-m/artwork_global_link.png
32,nidoran-m,sugimori_highres,hybridshivam_github,032_nidoran-m/artwork_highres.png
33,nidorino,sugimori_gen1_us,pokemondb_artwork,033_nidorino/artwork_gen1_us.jpg
33,nidorino,sugimori_gen1_jp,pokemondb_artwork,033_nidorino/artwork_gen1_jp.jpg
33,nidorino,global_link,pokemondb_artwork,033_nidorino/artwork_global_link.png
33,nidorino,sugimori_highres,hybridshivam_github,033_nidorino/artwork_highres.png
34,nidoking,sugimori_gen1_us,pokemondb_artwork,034_nidoking/artwork_gen1_us.jpg
34,nidoking,sugimori_gen1_jp,pokemondb_artwork,034_nidoking/artwork_gen1_jp.jpg
34,nidoking,global_link,pokemondb_artwork,034_nidoking/artwork_global_link.png
34,nidoking,sugimori_highres,hybridshivam_github,034_nidoking/artwork_highres.png
35,clefairy,sugimori_gen1_us,pokemondb_artwork,035_clefairy/artwork_gen1_us.jpg
35,clefairy,sugimori_gen1_jp,pokemondb_artwork,035_clefairy/artwork_gen1_jp.jpg
35,clefairy,global_link,pokemondb_artwork,035_clefairy/artwork_global_link.png
35,clefairy,sugimori_highres,hybridshivam_github,035_clefairy/artwork_highres.png
36,clefable,sugimori_gen1_us,pokemondb_artwork,036_clefable/artwork_gen1_us.jpg
36,clefable,sugimori_gen1_jp,pokemondb_artwork,036_clefable/artwork_gen1_jp.jpg
36,clefable,global_link,pokemondb_artwork,036_clefable/artwork_global_link.png
36,clefable,sugimori_highres,hybridshivam_github,036_clefable/artwork_highres.png
37,vulpix,sugimori_gen1_us,pokemondb_artwork,037_vulpix/artwork_gen1_us.jpg
37,vulpix,sugimori_gen1_jp,pokemondb_artwork,037_vulpix/artwork_gen1_jp.jpg
37,vulpix,global_link,pokemondb_artwork,037_vulpix/artwork_global_link.png
37,vulpix,sugimori_highres,hybridshivam_github,037_vulpix/artwork_highres.png
38,ninetales,sugimori_gen1_us,pokemondb_artwork,038_ninetales/artwork_gen1_us.jpg
38,ninetales,sugimori_gen1_jp,pokemondb_artwork,038_ninetales/artwork_gen1_jp.jpg
38,ninetales,global_link,pokemondb_artwork,038_ninetales/artwork_global_link.png
38,ninetales,sugimori_highres,hybridshivam_github,038_ninetales/artwork_highres.png
39,jigglypuff,sugimori_gen1_us,pokemondb_artwork,039_jigglypuff/artwork_gen1_us.jpg
39,jigglypuff,sugimori_gen1_jp,pokemondb_artwork,039_jigglypuff/artwork_gen1_jp.jpg
39,jigglypuff,global_link,pokemondb_artwork,039_jigglypuff/artwork_global_link.png
39,jigglypuff,sugimori_highres,hybridshivam_github,039_jigglypuff/artwork_highres.png
40,wigglytuff,sugimori_gen1_us,pokemondb_artwork,040_wigglytuff/artwork_gen1_us.jpg
40,wigglytuff,sugimori_gen1_jp,pokemondb_artwork,040_wigglytuff/artwork_gen1_jp.jpg
40,wigglytuff,global_link,pokemondb_artwork,040_wigglytuff/artwork_global_link.png
40,wigglytuff,sugimori_highres,hybridshivam_github,040_wigglytuff/artwork_highres.png
41,zubat,sugimori_gen1_us,pokemondb_artwork,041_zubat/artwork_gen1_us.jpg
41,zubat,sugimori_gen1_jp,pokemondb_artwork,041_zubat/artwork_gen1_jp.jpg
41,zubat,global_link,pokemondb_artwork,041_zubat/artwork_global_link.png
41,zubat,sugimori_highres,hybridshivam_github,041_zubat/artwork_highres.png
42,golbat,sugimori_gen1_us,pokemondb_artwork,042_golbat/artwork_gen1_us.jpg
42,golbat,sugimori_gen1_jp,pokemondb_artwork,042_golbat/artwork_gen1_jp.jpg
42,golbat,global_link,pokemondb_artwork,042_golbat/artwork_global_link.png
42,golbat,sugimori_highres,hybridshivam_github,042_golbat/artwork_highres.png
43,oddish,sugimori_gen1_us,pokemondb_artwork,043_oddish/artwork_gen1_us.jpg
43,oddish,sugimori_gen1_jp,pokemondb_artwork,043_oddish/artwork_gen1_jp.jpg
43,oddish,global_link,pokemondb_artwork,043_oddish/artwork_global_link.png
43,oddish,sugimori_highres,hybridshivam_github,043_oddish/artwork_highres.png
44,gloom,sugimori_gen1_us,pokemondb_artwork,044_gloom/artwork_gen1_us.jpg
44,gloom,sugimori_gen1_jp,pokemondb_artwork,044_gloom/artwork_gen1_jp.jpg
44,gloom,global_link,pokemondb_artwork,044_gloom/artwork_global_link.png
44,gloom,sugimori_highres,hybridshivam_github,044_gloom/artwork_highres.png
45,vileplume,sugimori_gen1_us,pokemondb_artwork,045_vileplume/artwork_gen1_us.jpg
45,vileplume,sugimori_gen1_jp,pokemondb_artwork,045_vileplume/artwork_gen1_jp.jpg
45,vileplume,global_link,pokemondb_artwork,045_vileplume/artwork_global_link.png
45,vileplume,sugimori_highres,hybridshivam_github,045_vileplume/artwork_highres.png
46,paras,sugimori_gen1_us,pokemondb_artwork,046_paras/artwork_gen1_us.jpg
46,paras,sugimori_gen1_jp,pokemondb_artwork,046_paras/artwork_gen1_jp.jpg
46,paras,global_link,pokemondb_artwork,046_paras/artwork_global_link.png
46,paras,sugimori_highres,hybridshivam_github,046_paras/artwork_highres.png
47,parasect,sugimori_gen1_us,pokemondb_artwork,047_parasect/artwork_gen1_us.jpg
47,parasect,sugimori_gen1_jp,pokemondb_artwork,047_parasect/artwork_gen1_jp.jpg
47,parasect,global_link,pokemondb_artwork,047_parasect/artwork_global_link.png
47,parasect,sugimori_highres,hybridshivam_github,047_parasect/artwork_highres.png
48,venonat,sugimori_gen1_us,pokemondb_artwork,048_venonat/artwork_gen1_us.jpg
48,venonat,sugimori_gen1_jp,pokemondb_artwork,048_venonat/artwork_gen1_jp.jpg
48,venonat,global_link,pokemondb_artwork,048_venonat/artwork_global_link.png
48,venonat,sugimori_highres,hybridshivam_github,048_venonat/artwork_highres.png
49,venomoth,sugimori_gen1_us,pokemondb_artwork,049_venomoth/artwork_gen1_us.jpg
49,venomoth,sugimori_gen1_jp,pokemondb_artwork,049_venomoth/artwork_gen1_jp.jpg
49,venomoth,global_link,pokemondb_artwork,049_venomoth/artwork_global_link.png
49,venomoth,sugimori_highres,hybridshivam_github,049_venomoth/artwork_highres.png
50,diglett,sugimori_gen1_us,pokemondb_artwork,050_diglett/artwork_gen1_us.jpg
50,diglett,sugimori_gen1_jp,pokemondb_artwork,050_diglett/artwork_gen1_jp.jpg
50,diglett,global_link,pokemondb_artwork,050_diglett/artwork_global_link.png
50,diglett,sugimori_highres,hybridshivam_github,050_diglett/artwork_highres.png
51,dugtrio,sugimori_gen1_us,pokemondb_artwork,051_dugtrio/artwork_gen1_us.jpg
51,dugtrio,sugimori_gen1_jp,pokemondb_artwork,051_dugtrio/artwork_gen1_jp.jpg
51,dugtrio,global_link,pokemondb_artwork,051_dugtrio/artwork_global_link.png
51,dugtrio,sugimori_highres,hybridshivam_github,051_dugtrio/artwork_highres.png
52,meowth,sugimori_gen1_us,pokemondb_artwork,052_meowth/artwork_gen1_us.jpg
52,meowth,sugimori_gen1_jp,pokemondb_artwork,052_meowth/artwork_gen1_jp.jpg
52,meowth,global_link,pokemondb_artwork,052_meowth/artwork_global_link.png
52,meowth,sugimori_highres,hybridshivam_github,052_meowth/artwork_highres.png
53,persian,sugimori_gen1_us,pokemondb_artwork,053_persian/artwork_gen1_us.jpg
53,persian,sugimori_gen1_jp,pokemondb_artwork,053_persian/artwork_gen1_jp.jpg
53,persian,global_link,pokemondb_artwork,053_persian/artwork_global_link.png
53,persian,sugimori_highres,hybridshivam_github,053_persian/artwork_highres.png
54,psyduck,sugimori_gen1_us,pokemondb_artwork,054_psyduck/artwork_gen1_us.jpg
54,psyduck,sugimori_gen1_jp,pokemondb_artwork,054_psyduck/artwork_gen1_jp.jpg
54,psyduck,global_link,pokemondb_artwork,054_psyduck/artwork_global_link.png
54,psyduck,sugimori_highres,hybridshivam_github,054_psyduck/artwork_highres.png
55,golduck,sugimori_gen1_us,pokemondb_artwork,055_golduck/artwork_gen1_us.jpg
55,golduck,sugimori_gen1_jp,pokemondb_artwork,055_golduck/artwork_gen1_jp.jpg
55,golduck,global_link,pokemondb_artwork,055_golduck/artwork_global_link.png
55,golduck,sugimori_highres,hybridshivam_github,055_golduck/artwork_highres.png
56,mankey,sugimori_gen1_us,pokemondb_artwork,056_mankey/artwork_gen1_us.jpg
56,mankey,sugimori_gen1_jp,pokemondb_artwork,056_mankey/artwork_gen1_jp.jpg
56,mankey,global_link,pokemondb_artwork,056_mankey/artwork_global_link.png
56,mankey,sugimori_highres,hybridshivam_github,056_mankey/artwork_highres.png
57,primeape,sugimori_gen1_us,pokemondb_artwork,057_primeape/artwork_gen1_us.jpg
57,primeape,sugimori_gen1_jp,pokemondb_artwork,057_primeape/artwork_gen1_jp.jpg
57,primeape,global_link,pokemondb_artwork,057_primeape/artwork_global_link.png
57,primeape,sugimori_highres,hybridshivam_github,057_primeape/artwork_highres.png
58,growlithe,sugimori_gen1_us,pokemondb_artwork,058_growlithe/artwork_gen1_us.jpg
58,growlithe,sugimori_gen1_jp,pokemondb_artwork,058_growlithe/artwork_gen1_jp.jpg
58,growlithe,global_link,pokemondb_artwork,058_growlithe/artwork_global_link.png
58,growlithe,sugimori_highres,hybridshivam_github,058_growlithe/artwork_highres.png
59,arcanine,sugimori_gen1_us,pokemondb_artwork,059_arcanine/artwork_gen1_us.jpg
59,arcanine,sugimori_gen1_jp,pokemondb_artwork,059_arcanine/artwork_gen1_jp.jpg
59,arcanine,global_link,pokemondb_artwork,059_arcanine/artwork_global_link.png
59,arcanine,sugimori_highres,hybridshivam_github,059_arcanine/artwork_highres.png
60,poliwag,sugimori_gen1_us,pokemondb_artwork,060_poliwag/artwork_gen1_us.jpg
60,poliwag,sugimori_gen1_jp,pokemondb_artwork,060_poliwag/artwork_gen1_jp.jpg
60,poliwag,global_link,pokemondb_artwork,060_poliwag/artwork_global_link.png
60,poliwag,sugimori_highres,hybridshivam_github,060_poliwag/artwork_highres.png
61,poliwhirl,sugimori_gen1_us,pokemondb_artwork,061_poliwhirl/artwork_gen1_us.jpg
61,poliwhirl,sugimori_gen1_jp,pokemondb_artwork,061_poliwhirl/artwork_gen1_jp.jpg
61,poliwhirl,global_link,pokemondb_artwork,061_poliwhirl/artwork_global_link.png
61,poliwhirl,sugimori_highres,hybridshivam_github,061_poliwhirl/artwork_highres.png
62,poliwrath,sugimori_gen1_us,pokemondb_artwork,062_poliwrath/artwork_gen1_us.jpg
62,poliwrath,sugimori_gen1_jp,pokemondb_artwork,062_poliwrath/artwork_gen1_jp.jpg
62,poliwrath,global_link,pokemondb_artwork,062_poliwrath/artwork_global_link.png
62,poliwrath,sugimori_highres,hybridshivam_github,062_poliwrath/artwork_highres.png
63,abra,sugimori_gen1_us,pokemondb_artwork,063_abra/artwork_gen1_us.jpg
63,abra,sugimori_gen1_jp,pokemondb_artwork,063_abra/artwork_gen1_jp.jpg
63,abra,global_link,pokemondb_artwork,063_abra/artwork_global_link.png
63,abra,sugimori_highres,hybridshivam_github,063_abra/artwork_highres.png
64,kadabra,sugimori_gen1_us,pokemondb_artwork,064_kadabra/artwork_gen1_us.jpg
64,kadabra,sugimori_gen1_jp,pokemondb_artwork,064_kadabra/artwork_gen1_jp.jpg
64,kadabra,global_link,pokemondb_artwork,064_kadabra/artwork_global_link.png
64,kadabra,sugimori_highres,hybridshivam_github,064_kadabra/artwork_highres.png
65,alakazam,sugimori_gen1_us,pokemondb_artwork,065_alakazam/artwork_gen1_us.jpg
65,alakazam,sugimori_gen1_jp,pokemondb_artwork,065_alakazam/artwork_gen1_jp.jpg
65,alakazam,global_link,pokemondb_artwork,065_alakazam/artwork_global_link.png
65,alakazam,sugimori_highres,hybridshivam_github,065_alakazam/artwork_highres.png
66,machop,sugimori_gen1_us,pokemondb_artwork,066_machop/artwork_gen1_us.jpg
66,machop,sugimori_gen1_jp,pokemondb_artwork,066_machop/artwork_gen1_jp.jpg
66,machop,global_link,pokemondb_artwork,066_machop/artwork_global_link.png
66,machop,sugimori_highres,hybridshivam_github,066_machop/artwork_highres.png
67,machoke,sugimori_gen1_us,pokemondb_artwork,067_machoke/artwork_gen1_us.jpg
67,machoke,sugimori_gen1_jp,pokemondb_artwork,067_machoke/artwork_gen1_jp.jpg
67,machoke,global_link,pokemondb_artwork,067_machoke/artwork_global_link.png
67,machoke,sugimori_highres,hybridshivam_github,067_machoke/artwork_highres.png
68,machamp,sugimori_gen1_us,pokemondb_artwork,068_machamp/artwork_gen1_us.jpg
68,machamp,sugimori_gen1_jp,pokemondb_artwork,068_machamp/artwork_gen1_jp.jpg
68,machamp,global_link,pokemondb_artwork,068_machamp/artwork_global_link.png
68,machamp,sugimori_highres,hybridshivam_github,068_machamp/artwork_highres.png
69,bellsprout,sugimori_gen1_us,pokemondb_artwork,069_bellsprout/artwork_gen1_us.jpg
69,bellsprout,sugimori_gen1_jp,pokemondb_artwork,069_bellsprout/artwork_gen1_jp.jpg
69,bellsprout,global_link,pokemondb_artwork,069_bellsprout/artwork_global_link.png
69,bellsprout,sugimori_highres,hybridshivam_github,069_bellsprout/artwork_highres.png
70,weepinbell,sugimori_gen1_us,pokemondb_artwork,070_weepinbell/artwork_gen1_us.jpg
70,weepinbell,sugimori_gen1_jp,pokemondb_artwork,070_weepinbell/artwork_gen1_jp.jpg
70,weepinbell,global_link,pokemondb_artwork,070_weepinbell/artwork_global_link.png
70,weepinbell,sugimori_highres,hybridshivam_github,070_weepinbell/artwork_highres.png
71,victreebel,sugimori_gen1_us,pokemondb_artwork,071_victreebel/artwork_gen1_us.jpg
71,victreebel,sugimori_gen1_jp,pokemondb_artwork,071_victreebel/artwork_gen1_jp.jpg
71,victreebel,global_link,pokemondb_artwork,071_victreebel/artwork_global_link.png
71,victreebel,sugimori_highres,hybridshivam_github,071_victreebel/artwork_highres.png
72,tentacool,sugimori_gen1_us,pokemondb_artwork,072_tentacool/artwork_gen1_us.jpg
72,tentacool,sugimori_gen1_jp,pokemondb_artwork,072_tentacool/artwork_gen1_jp.jpg
72,tentacool,global_link,pokemondb_artwork,072_tentacool/artwork_global_link.png
72,tentacool,sugimori_highres,hybridshivam_github,072_tentacool/artwork_highres.png
73,tentacruel,sugimori_gen1_us,pokemondb_artwork,073_tentacruel/artwork_gen1_us.jpg
73,tentacruel,sugimori_gen1_jp,pokemondb_artwork,073_tentacruel/artwork_gen1_jp.jpg
73,tentacruel,global_link,pokemondb_artwork,073_tentacruel/artwork_global_link.png
73,tentacruel,sugimori_highres,hybridshivam_github,073_tentacruel/artwork_highres.png
74,geodude,sugimori_gen1_us,pokemondb_artwork,074_geodude/artwork_gen1_us.jpg
74,geodude,sugimori_gen1_jp,pokemondb_artwork,074_geodude/artwork_gen1_jp.jpg
74,geodude,global_link,pokemondb_artwork,074_geodude/artwork_global_link.png
74,geodude,sugimori_highres,hybridshivam_github,074_geodude/artwork_highres.png
75,graveler,sugimori_gen1_us,pokemondb_artwork,075_graveler/artwork_gen1_us.jpg
75,graveler,sugimori_gen1_jp,pokemondb_artwork,075_graveler/artwork_gen1_jp.jpg
75,graveler,global_link,pokemondb_artwork,075_graveler/artwork_global_link.png
75,graveler,sugimori_highres,hybridshivam_github,075_graveler/artwork_highres.png
76,golem,sugimori_gen1_us,pokemondb_artwork,076_golem/artwork_gen1_us.jpg
76,golem,sugimori_gen1_jp,pokemondb_artwork,076_golem/artwork_gen1_jp.jpg
76,golem,global_link,pokemondb_artwork,076_golem/artwork_global_link.png
76,golem,sugimori_highres,hybridshivam_github,076_golem/artwork_highres.png
77,ponyta,sugimori_gen1_us,pokemondb_artwork,077_ponyta/artwork_gen1_us.jpg
77,ponyta,sugimori_gen1_jp,pokemondb_artwork,077_ponyta/artwork_gen1_jp.jpg
77,ponyta,global_link,pokemondb_artwork,077_ponyta/artwork_global_link.png
77,ponyta,sugimori_highres,hybridshivam_github,077_ponyta/artwork_highres.png
78,rapidash,sugimori_gen1_us,pokemondb_artwork,078_rapidash/artwork_gen1_us.jpg
78,rapidash,sugimori_gen1_jp,pokemondb_artwork,078_rapidash/artwork_gen1_jp.jpg
78,rapidash,global_link,pokemondb_artwork,078_rapidash/artwork_global_link.png
78,rapidash,sugimori_highres,hybridshivam_github,078_rapidash/artwork_highres.png
79,slowpoke,sugimori_gen1_us,pokemondb_artwork,079_slowpoke/artwork_gen1_us.jpg
79,slowpoke,sugimori_gen1_jp,pokemondb_artwork,079_slowpoke/artwork_gen1_jp.jpg
79,slowpoke,global_link,pokemondb_artwork,079_slowpoke/artwork_global_link.png
79,slowpoke,sugimori_highres,hybridshivam_github,079_slowpoke/artwork_highres.png
80,slowbro,sugimori_gen1_us,pokemondb_artwork,080_slowbro/artwork_gen1_us.jpg
80,slowbro,sugimori_gen1_jp,pokemondb_artwork,080_slowbro/artwork_gen1_jp.jpg
80,slowbro,global_link,pokemondb_artwork,080_slowbro/artwork_global_link.png
80,slowbro,sugimori_highres,hybridshivam_github,080_slowbro/artwork_highres.png
81,magnemite,sugimori_gen1_us,pokemondb_artwork,081_magnemite/artwork_gen1_us.jpg
81,magnemite,sugimori_gen1_jp,pokemondb_artwork,081_magnemite/artwork_gen1_jp.jpg
81,magnemite,global_link,pokemondb_artwork,081_magnemite/artwork_global_link.png
81,magnemite,sugimori_highres,hybridshivam_github,081_magnemite/artwork_highres.png
82,magneton,sugimori_gen1_us,pokemondb_artwork,082_magneton/artwork_gen1_us.jpg
82,magneton,sugimori_gen1_jp,pokemondb_artwork,082_magneton/artwork_gen1_jp.jpg
82,magneton,global_link,pokemondb_artwork,082_magneton/artwork_global_link.png
82,magneton,sugimori_highres,hybridshivam_github,082_magneton/artwork_highres.png
83,farfetchd,sugimori_gen1_us,pokemondb_artwork,083_farfetchd/artwork_gen1_us.jpg
83,farfetchd,sugimori_gen1_jp,pokemondb_artwork,083_farfetchd/artwork_gen1_jp.jpg
83,farfetchd,global_link,pokemondb_artwork,083_farfetchd/artwork_global_link.png
83,farfetchd,sugimori_highres,hybridshivam_github,083_farfetchd/artwork_highres.png
84,doduo,sugimori_gen1_us,pokemondb_artwork,084_doduo/artwork_gen1_us.jpg
84,doduo,sugimori_gen1_jp,pokemondb_artwork,084_doduo/artwork_gen1_jp.jpg
84,doduo,global_link,pokemondb_artwork,084_doduo/artwork_global_link.png
84,doduo,sugimori_highres,hybridshivam_github,084_doduo/artwork_highres.png
85,dodrio,sugimori_gen1_us,pokemondb_artwork,085_dodrio/artwork_gen1_us.jpg
85,dodrio,sugimori_gen1_jp,pokemondb_artwork,085_dodrio/artwork_gen1_jp.jpg
85,dodrio,global_link,pokemondb_artwork,085_dodrio/artwork_global_link.png
85,dodrio,sugimori_highres,hybridshivam_github,085_dodrio/artwork_highres.png
86,seel,sugimori_gen1_us,pokemondb_artwork,086_seel/artwork_gen1_us.jpg
86,seel,sugimori_gen1_jp,pokemondb_artwork,086_seel/artwork_gen1_jp.jpg
86,seel,global_link,pokemondb_artwork,086_seel/artwork_global_link.png
86,seel,sugimori_highres,hybridshivam_github,086_seel/artwork_highres.png
87,dewgong,sugimori_gen1_us,pokemondb_artwork,087_dewgong/artwork_gen1_us.jpg
87,dewgong,sugimori_gen1_jp,pokemondb_artwork,087_dewgong/artwork_gen1_jp.jpg
87,dewgong,global_link,pokemondb_artwork,087_dewgong/artwork_global_link.png
87,dewgong,sugimori_highres,hybridshivam_github,087_dewgong/artwork_highres.png
88,grimer,sugimori_gen1_us,pokemondb_artwork,088_grimer/artwork_gen1_us.jpg
88,grimer,sugimori_gen1_jp,pokemondb_artwork,088_grimer/artwork_gen1_jp.jpg
88,grimer,global_link,pokemondb_artwork,088_grimer/artwork_global_link.png
88,grimer,sugimori_highres,hybridshivam_github,088_grimer/artwork_highres.png
89,muk,sugimori_gen1_us,pokemondb_artwork,089_muk/artwork_gen1_us.jpg
89,muk,sugimori_gen1_jp,pokemondb_artwork,089_muk/artwork_gen1_jp.jpg
89,muk,global_link,pokemondb_artwork,089_muk/artwork_global_link.png
89,muk,sugimori_highres,hybridshivam_github,089_muk/artwork_highres.png
90,shellder,sugimori_gen1_us,pokemondb_artwork,090_shellder/artwork_gen1_us.jpg
90,shellder,sugimori_gen1_jp,pokemondb_artwork,090_shellder/artwork_gen1_jp.jpg
90,shellder,global_link,pokemondb_artwork,090_shellder/artwork_global_link.png
90,shellder,sugimori_highres,hybridshivam_github,090_shellder/artwork_highres.png
91,cloyster,sugimori_gen1_us,pokemondb_artwork,091_cloyster/artwork_gen1_us.jpg
91,cloyster,sugimori_gen1_jp,pokemondb_artwork,091_cloyster/artwork_gen1_jp.jpg
91,cloyster,global_link,pokemondb_artwork,091_cloyster/artwork_global_link.png
91,cloyster,sugimori_highres,hybridshivam_github,091_cloyster/artwork_highres.png
92,gastly,sugimori_gen1_us,pokemondb_artwork,092_gastly/artwork_gen1_us.jpg
92,gastly,sugimori_gen1_jp,pokemondb_artwork,092_gastly/artwork_gen1_jp.jpg
92,gastly,global_link,pokemondb_artwork,092_gastly/artwork_global_link.png
92,gastly,sugimori_highres,hybridshivam_github,092_gastly/artwork_highres.png
93,haunter,sugimori_gen1_us,pokemondb_artwork,093_haunter/artwork_gen1_us.jpg
93,haunter,sugimori_gen1_jp,pokemondb_artwork,093_haunter/artwork_gen1_jp.jpg
93,haunter,global_link,pokemondb_artwork,093_haunter/artwork_global_link.png
93,haunter,sugimori_highres,hybridshivam_github,093_haunter/artwork_highres.png
94,gengar,sugimori_gen1_us,pokemondb_artwork,094_gengar/artwork_gen1_us.jpg
94,gengar,sugimori_gen1_jp,pokemondb_artwork,094_gengar/artwork_gen1_jp.jpg
94,gengar,global_link,pokemondb_artwork,094_gengar/artwork_global_link.png
94,gengar,sugimori_highres,hybridshivam_github,094_gengar/artwork_highres.png
95,onix,sugimori_gen1_us,pokemondb_artwork,095_onix/artwork_gen1_us.jpg
95,onix,sugimori_gen1_jp,pokemondb_artwork,095_onix/artwork_gen1_jp.jpg
95,onix,global_link,pokemondb_artwork,095_onix/artwork_global_link.png
95,onix,sugimori_highres,hybridshivam_github,095_onix/artwork_highres.png
96,drowzee,sugimori_gen1_us,pokemondb_artwork,096_drowzee/artwork_gen1_us.jpg
96,drowzee,sugimori_gen1_jp,pokemondb_artwork,096_drowzee/artwork_gen1_jp.jpg
96,drowzee,global_link,pokemondb_artwork,096_drowzee/artwork_global_link.png
96,drowzee,sugimori_highres,hybridshivam_github,096_drowzee/artwork_highres.png
97,hypno,sugimori_gen1_us,pokemondb_artwork,097_hypno/artwork_gen1_us.jpg
97,hypno,sugimori_gen1_jp,pokemondb_artwork,097_hypno/artwork_gen1_jp.jpg
97,hypno,global_link,pokemondb_artwork,097_hypno/artwork_global_link.png
97,hypno,sugimori_highres,hybridshivam_github,097_hypno/artwork_highres.png
98,krabby,sugimori_gen1_us,pokemondb_artwork,098_krabby/artwork_gen1_us.jpg
98,krabby,sugimori_gen1_jp,pokemondb_artwork,098_krabby/artwork_gen1_jp.jpg
98,krabby,global_link,pokemondb_artwork,098_krabby/artwork_global_link.png
98,krabby,sugimori_highres,hybridshivam_github,098_krabby/artwork_highres.png
99,kingler,sugimori_gen1_us,pokemondb_artwork,099_kingler/artwork_gen1_us.jpg
99,kingler,sugimori_gen1_jp,pokemondb_artwork,099_kingler/artwork_gen1_jp.jpg
99,kingler,global_link,pokemondb_artwork,099_kingler/artwork_global_link.png
99,kingler,sugimori_highres,hybridshivam_github,099_kingler/artwork_highres.png
100,voltorb,sugimori_gen1_us,pokemondb_artwork,100_voltorb/artwork_gen1_us.jpg
100,voltorb,sugimori_gen1_jp,pokemondb_artwork,100_voltorb/artwork_gen1_jp.jpg
100,voltorb,global_link,pokemondb_artwork,100_voltorb/artwork_global_link.png
100,voltorb,sugimori_highres,hybridshivam_github,100_voltorb/artwork_highres.png
101,electrode,sugimori_gen1_us,pokemondb_artwork,101_electrode/artwork_gen1_us.jpg
101,electrode,sugimori_gen1_jp,pokemondb_artwork,101_electrode/artwork_gen1_jp.jpg
101,electrode,global_link,pokemondb_artwork,101_electrode/artwork_global_link.png
101,electrode,sugimori_highres,hybridshivam_github,101_electrode/artwork_highres.png
102,exeggcute,sugimori_gen1_us,pokemondb_artwork,102_exeggcute/artwork_gen1_us.jpg
102,exeggcute,sugimori_gen1_jp,pokemondb_artwork,102_exeggcute/artwork_gen1_jp.jpg
102,exeggcute,global_link,pokemondb_artwork,102_exeggcute/artwork_global_link.png
102,exeggcute,sugimori_highres,hybridshivam_github,102_exeggcute/artwork_highres.png
103,exeggutor,sugimori_gen1_us,pokemondb_artwork,103_exeggutor/artwork_gen1_us.jpg
103,exeggutor,sugimori_gen1_jp,pokemondb_artwork,103_exeggutor/artwork_gen1_jp.jpg
103,exeggutor,global_link,pokemondb_artwork,103_exeggutor/artwork_global_link.png
103,exeggutor,sugimori_highres,hybridshivam_github,103_exeggutor/artwork_highres.png
104,cubone,sugimori_gen1_us,pokemondb_artwork,104_cubone/artwork_gen1_us.jpg
104,cubone,sugimori_gen1_jp,pokemondb_artwork,104_cubone/artwork_gen1_jp.jpg
104,cubone,global_link,pokemondb_artwork,104_cubone/artwork_global_link.png
104,cubone,sugimori_highres,hybridshivam_github,104_cubone/artwork_highres.png
105,marowak,sugimori_gen1_us,pokemondb_artwork,105_marowak/artwork_gen1_us.jpg
105,marowak,sugimori_gen1_jp,pokemondb_artwork,105_marowak/artwork_gen1_jp.jpg
105,marowak,global_link,pokemondb_artwork,105_marowak/artwork_global_link.png
105,marowak,sugimori_highres,hybridshivam_github,105_marowak/artwork_highres.png
106,hitmonlee,sugimori_gen1_us,pokemondb_artwork,106_hitmonlee/artwork_gen1_us.jpg
106,hitmonlee,sugimori_gen1_jp,pokemondb_artwork,106_hitmonlee/artwork_gen1_jp.jpg
106,hitmonlee,global_link,pokemondb_artwork,106_hitmonlee/artwork_global_link.png
106,hitmonlee,sugimori_highres,hybridshivam_github,106_hitmonlee/artwork_highres.png
107,hitmonchan,sugimori_gen1_us,pokemondb_artwork,107_hitmonchan/artwork_gen1_us.jpg
107,hitmonchan,sugimori_gen1_jp,pokemondb_artwork,107_hitmonchan/artwork_gen1_jp.jpg
107,hitmonchan,global_link,pokemondb_artwork,107_hitmonchan/artwork_global_link.png
107,hitmonchan,sugimori_highres,hybridshivam_github,107_hitmonchan/artwork_highres.png
108,lickitung,sugimori_gen1_us,pokemondb_artwork,108_lickitung/artwork_gen1_us.jpg
108,lickitung,sugimori_gen1_jp,pokemondb_artwork,108_lickitung/artwork_gen1_jp.jpg
108,lickitung,global_link,pokemondb_artwork,108_lickitung/artwork_global_link.png
108,lickitung,sugimori_highres,hybridshivam_github,108_lickitung/artwork_highres.png
109,koffing,sugimori_gen1_us,pokemondb_artwork,109_koffing/artwork_gen1_us.jpg
109,koffing,sugimori_gen1_jp,pokemondb_artwork,109_koffing/artwork_gen1_jp.jpg
109,koffing,global_link,pokemondb_artwork,109_koffing/artwork_global_link.png
109,koffing,sugimori_highres,hybridshivam_github,109_koffing/artwork_highres.png
110,weezing,sugimori_gen1_us,pokemondb_artwork,110_weezing/artwork_gen1_us.jpg
110,weezing,sugimori_gen1_jp,pokemondb_artwork,110_weezing/artwork_gen1_jp.jpg
110,weezing,global_link,pokemondb_artwork,110_weezing/artwork_global_link.png
110,weezing,sugimori_highres,hybridshivam_github,110_weezing/artwork_highres.png
111,rhyhorn,sugimori_gen1_us,pokemondb_artwork,111_rhyhorn/artwork_gen1_us.jpg
111,rhyhorn,sugimori_gen1_jp,pokemondb_artwork,111_rhyhorn/artwork_gen1_jp.jpg
111,rhyhorn,global_link,pokemondb_artwork,111_rhyhorn/artwork_global_link.png
111,rhyhorn,sugimori_highres,hybridshivam_github,111_rhyhorn/artwork_highres.png
112,rhydon,sugimori_gen1_us,pokemondb_artwork,112_rhydon/artwork_gen1_us.jpg
112,rhydon,sugimori_gen1_jp,pokemondb_artwork,112_rhydon/artwork_gen1_jp.jpg
112,rhydon,global_link,pokemondb_artwork,112_rhydon/artwork_global_link.png
112,rhydon,sugimori_highres,hybridshivam_github,112_rhydon/artwork_highres.png
113,chansey,sugimori_gen1_us,pokemondb_artwork,113_chansey/artwork_gen1_us.jpg
113,chansey,sugimori_gen1_jp,pokemondb_artwork,113_chansey/artwork_gen1_jp.jpg
113,chansey,global_link,pokemondb_artwork,113_chansey/artwork_global_link.png
113,chansey,sugimori_highres,hybridshivam_github,113_chansey/artwork_highres.png
114,tangela,sugimori_gen1_us,pokemondb_artwork,114_tangela/artwork_gen1_us.jpg
114,tangela,sugimori_gen1_jp,pokemondb_artwork,114_tangela/artwork_gen1_jp.jpg
114,tangela,global_link,pokemondb_artwork,114_tangela/artwork_global_link.png
114,tangela,sugimori_highres,hybridshivam_github,114_tangela/artwork_highres.png
115,kangaskhan,sugimori_gen1_us,pokemondb_artwork,115_kangaskhan/artwork_gen1_us.jpg
115,kangaskhan,sugimori_gen1_jp,pokemondb_artwork,115_kangaskhan/artwork_gen1_jp.jpg
115,kangaskhan,global_link,pokemondb_artwork,115_kangaskhan/artwork_global_link.png
115,kangaskhan,sugimori_highres,hybridshivam_github,115_kangaskhan/artwork_highres.png
116,horsea,sugimori_gen1_us,pokemondb_artwork,116_horsea/artwork_gen1_us.jpg
116,horsea,sugimori_gen1_jp,pokemondb_artwork,116_horsea/artwork_gen1_jp.jpg
116,horsea,global_link,pokemondb_artwork,116_horsea/artwork_global_link.png
116,horsea,sugimori_highres,hybridshivam_github,116_horsea/artwork_highres.png
117,seadra,sugimori_gen1_us,pokemondb_artwork,117_seadra/artwork_gen1_us.jpg
117,seadra,sugimori_gen1_jp,pokemondb_artwork,117_seadra/artwork_gen1_jp.jpg
117,seadra,global_link,pokemondb_artwork,117_seadra/artwork_global_link.png
117,seadra,sugimori_highres,hybridshivam_github,117_seadra/artwork_highres.png
118,goldeen,sugimori_gen1_us,pokemondb_artwork,118_goldeen/artwork_gen1_us.jpg
118,goldeen,sugimori_gen1_jp,pokemondb_artwork,118_goldeen/artwork_gen1_jp.jpg
118,goldeen,global_link,pokemondb_artwork,118_goldeen/artwork_global_link.png
118,goldeen,sugimori_highres,hybridshivam_github,118_goldeen/artwork_highres.png
119,seaking,sugimori_gen1_us,pokemondb_artwork,119_seaking/artwork_gen1_us.jpg
119,seaking,sugimori_gen1_jp,pokemondb_artwork,119_seaking/artwork_gen1_jp.jpg
119,seaking,global_link,pokemondb_artwork,119_seaking/artwork_global_link.png
119,seaking,sugimori_highres,hybridshivam_github,119_seaking/artwork_highres.png
120,staryu,sugimori_gen1_us,pokemondb_artwork,120_staryu/artwork_gen1_us.jpg
120,staryu,sugimori_gen1_jp,pokemondb_artwork,120_staryu/artwork_gen1_jp.jpg
120,staryu,global_link,pokemondb_artwork,120_staryu/artwork_global_link.png
120,staryu,sugimori_highres,hybridshivam_github,120_staryu/artwork_highres.png
121,starmie,sugimori_gen1_us,pokemondb_artwork,121_starmie/artwork_gen1_us.jpg
121,starmie,sugimori_gen1_jp,pokemondb_artwork,121_starmie/artwork_gen1_jp.jpg
121,starmie,global_link,pokemondb_artwork,121_starmie/artwork_global_link.png
121,starmie,sugimori_highres,hybridshivam_github,121_starmie/artwork_highres.png
122,mr-mime,sugimori_gen1_us,pokemondb_artwork,122_mr-mime/artwork_gen1_us.jpg
122,mr-mime,sugimori_gen1_jp,pokemondb_artwork,122_mr-mime/artwork_gen1_jp.jpg
122,mr-mime,global_link,pokemondb_artwork,122_mr-mime/artwork_global_link.png
122,mr-mime,sugimori_highres,hybridshivam_github,122_mr-mime/artwork_highres.png
123,scyther,sugimori_gen1_us,pokemondb_artwork,123_scyther/artwork_gen1_us.jpg
123,scyther,sugimori_gen1_jp,pokemondb_artwork,123_scyther/artwork_gen1_jp.jpg
123,scyther,global_link,pokemondb_artwork,123_scyther/artwork_global_link.png
123,scyther,sugimori_highres,hybridshivam_github,123_scyther/artwork_highres.png
124,jynx,sugimori_gen1_us,pokemondb_artwork,124_jynx/artwork_gen1_us.jpg
124,jynx,sugimori_gen1_jp,pokemondb_artwork,124_jynx/artwork_gen1_jp.jpg
124,jynx,global_link,pokemondb_artwork,124_jynx/artwork_global_link.png
124,jynx,sugimori_highres,hybridshivam_github,124_jynx/artwork_highres.png
125,electabuzz,sugimori_gen1_us,pokemondb_artwork,125_electabuzz/artwork_gen1_us.jpg
125,electabuzz,sugimori_gen1_jp,pokemondb_artwork,125_electabuzz/artwork_gen1_jp.jpg
125,electabuzz,global_link,pokemondb_artwork,125_electabuzz/artwork_global_link.png
125,electabuzz,sugimori_highres,hybridshivam_github,125_electabuzz/artwork_highres.png
126,magmar,sugimori_gen1_us,pokemondb_artwork,126_magmar/artwork_gen1_us.jpg
126,magmar,sugimori_gen1_jp,pokemondb_artwork,126_magmar/artwork_gen1_jp.jpg
126,magmar,global_link,pokemondb_artwork,126_magmar/artwork_global_link.png
126,magmar,sugimori_highres,hybridshivam_github,126_magmar/artwork_highres.png
127,pinsir,sugimori_gen1_us,pokemondb_artwork,127_pinsir/artwork_gen1_us.jpg
127,pinsir,sugimori_gen1_jp,pokemondb_artwork,127_pinsir/artwork_gen1_jp.jpg
127,pinsir,global_link,pokemondb_artwork,127_pinsir/artwork_global_link.png
127,pinsir,sugimori_highres,hybridshivam_github,127_pinsir/artwork_highres.png
128,tauros,sugimori_gen1_us,pokemondb_artwork,128_tauros/artwork_gen1_us.jpg
128,tauros,sugimori_gen1_jp,pokemondb_artwork,128_tauros/artwork_gen1_jp.jpg
128,tauros,global_link,pokemondb_artwork,128_tauros/artwork_global_link.png
128,tauros,sugimori_highres,hybridshivam_github,128_tauros/artwork_highres.png
129,magikarp,sugimori_gen1_us,pokemondb_artwork,129_magikarp/artwork_gen1_us.jpg
129,magikarp,sugimori_gen1_jp,pokemondb_artwork,129_magikarp/artwork_gen1_jp.jpg
129,magikarp,global_link,pokemondb_artwork,129_magikarp/artwork_global_link.png
129,magikarp,sugimori_highres,hybridshivam_github,129_magikarp/artwork_highres.png
130,gyarados,sugimori_gen1_us,pokemondb_artwork,130_gyarados/artwork_gen1_us.jpg
130,gyarados,sugimori_gen1_jp,pokemondb_artwork,130_gyarados/artwork_gen1_jp.jpg
130,gyarados,global_link,pokemondb_artwork,130_gyarados/artwork_global_link.png
130,gyarados,sugimori_highres,hybridshivam_github,130_gyarados/artwork_highres.png
131,lapras,sugimori_gen1_us,pokemondb_artwork,131_lapras/artwork_gen1_us.jpg
131,lapras,sugimori_gen1_jp,pokemondb_artwork,131_lapras/artwork_gen1_jp.jpg
131,lapras,global_link,pokemondb_artwork,131_lapras/artwork_global_link.png
131,lapras,sugimori_highres,hybridshivam_github,131_lapras/artwork_highres.png
132,ditto,sugimori_gen1_us,pokemondb_artwork,132_ditto/artwork_gen1_us.jpg
132,ditto,sugimori_gen1_jp,pokemondb_artwork,132_ditto/artwork_gen1_jp.jpg
132,ditto,global_link,pokemondb_artwork,132_ditto/artwork_global_link.png
132,ditto,sugimori_highres,hybridshivam_github,132_ditto/artwork_highres.png
133,eevee,sugimori_gen1_us,pokemondb_artwork,133_eevee/artwork_gen1_us.jpg
133,eevee,sugimori_gen1_jp,pokemondb_artwork,133_eevee/artwork_gen1_jp.jpg
133,eevee,global_link,pokemondb_artwork,133_eevee/artwork_global_link.png
133,eevee,sugimori_highres,hybridshivam_github,133_eevee/artwork_highres.png
134,vaporeon,sugimori_gen1_us,pokemondb_artwork,134_vaporeon/artwork_gen1_us.jpg
134,vaporeon,sugimori_gen1_jp,pokemondb_artwork,134_vaporeon/artwork_gen1_jp.jpg
134,vaporeon,global_link,pokemondb_artwork,134_vaporeon/artwork_global_link.png
134,vaporeon,sugimori_highres,hybridshivam_github,134_vaporeon/artwork_highres.png
135,jolteon,sugimori_gen1_us,pokemondb_artwork,135_jolteon/artwork_gen1_us.jpg
135,jolteon,sugimori_gen1_jp,pokemondb_artwork,135_jolteon/artwork_gen1_jp.jpg
135,jolteon,global_link,pokemondb_artwork,135_jolteon/artwork_global_link.png
135,jolteon,sugimori_highres,hybridshivam_github,135_jolteon/artwork_highres.png
136,flareon,sugimori_gen1_us,pokemondb_artwork,136_flareon/artwork_gen1_us.jpg
136,flareon,sugimori_gen1_jp,pokemondb_artwork,136_flareon/artwork_gen1_jp.jpg
136,flareon,global_link,pokemondb_artwork,136_flareon/artwork_global_link.png
136,flareon,sugimori_highres,hybridshivam_github,136_flareon/artwork_highres.png
137,porygon,sugimori_gen1_us,pokemondb_artwork,137_porygon/artwork_gen1_us.jpg
137,porygon,sugimori_gen1_jp,pokemondb_artwork,137_porygon/artwork_gen1_jp.jpg
137,porygon,global_link,pokemondb_artwork,137_porygon/artwork_global_link.png
137,porygon,sugimori_highres,hybridshivam_github,137_porygon/artwork_highres.png
138,omanyte,sugimori_gen1_us,pokemondb_artwork,138_omanyte/artwork_gen1_us.jpg
138,omanyte,sugimori_gen1_jp,pokemondb_artwork,138_omanyte/artwork_gen1_jp.jpg
138,omanyte,global_link,pokemondb_artwork,138_omanyte/artwork_global_link.png
138,omanyte,sugimori_highres,hybridshivam_github,138_omanyte/artwork_highres.png
139,omastar,sugimori_gen1_us,pokemondb_artwork,139_omastar/artwork_gen1_us.jpg
139,omastar,sugimori_gen1_jp,pokemondb_artwork,139_omastar/artwork_gen1_jp.jpg
139,omastar,global_link,pokemondb_artwork,139_omastar/artwork_global_link.png
139,omastar,sugimori_highres,hybridshivam_github,139_omastar/artwork_highres.png
140,kabuto,sugimori_gen1_us,pokemondb_artwork,140_kabuto/artwork_gen1_us.jpg
140,kabuto,sugimori_gen1_jp,pokemondb_artwork,140_kabuto/artwork_gen1_jp.jpg
140,kabuto,global_link,pokemondb_artwork,140_kabuto/artwork_global_link.png
140,kabuto,sugimori_highres,hybridshivam_github,140_kabuto/artwork_highres.png
141,kabutops,sugimori_gen1_us,pokemondb_artwork,141_kabutops/artwork_gen1_us.jpg
141,kabutops,sugimori_gen1_jp,pokemondb_artwork,141_kabutops/artwork_gen1_jp.jpg
141,kabutops,global_link,pokemondb_artwork,141_kabutops/artwork_global_link.png
141,kabutops,sugimori_highres,hybridshivam_github,141_kabutops/artwork_highres.png
142,aerodactyl,sugimori_gen1_us,pokemondb_artwork,142_aerodactyl/artwork_gen1_us.jpg
142,aerodactyl,sugimori_gen1_jp,pokemondb_artwork,142_aerodactyl/artwork_gen1_jp.jpg
142,aerodactyl,global_link,pokemondb_artwork,142_aerodactyl/artwork_global_link.png
142,aerodactyl,sugimori_highres,hybridshivam_github,142_aerodactyl/artwork_highres.png
143,snorlax,sugimori_gen1_us,pokemondb_artwork,143_snorlax/artwork_gen1_us.jpg
143,snorlax,sugimori_gen1_jp,pokemondb_artwork,143_snorlax/artwork_gen1_jp.jpg
143,snorlax,global_link,pokemondb_artwork,143_snorlax/artwork_global_link.png
143,snorlax,sugimori_highres,hybridshivam_github,143_snorlax/artwork_highres.png
144,articuno,sugimori_gen1_us,pokemondb_artwork,144_articuno/artwork_gen1_us.jpg
144,articuno,sugimori_gen1_jp,pokemondb_artwork,144_articuno/artwork_gen1_jp.jpg
144,articuno,global_link,pokemondb_artwork,144_articuno/artwork_global_link.png
144,articuno,sugimori_highres,hybridshivam_github,144_articuno/artwork_highres.png
145,zapdos,sugimori_gen1_us,pokemondb_artwork,145_zapdos/artwork_gen1_us.jpg
145,zapdos,sugimori_gen1_jp,pokemondb_artwork,145_zapdos/artwork_gen1_jp.jpg
145,zapdos,global_link,pokemondb_artwork,145_zapdos/artwork_global_link.png
145,zapdos,sugimori_highres,hybridshivam_github,145_zapdos/artwork_highres.png
146,moltres,sugimori_gen1_us,pokemondb_artwork,146_moltres/artwork_gen1_us.jpg
146,moltres,sugimori_gen1_jp,pokemondb_artwork,146_moltres/artwork_gen1_jp.jpg
146,moltres,global_link,pokemondb_artwork,146_moltres/artwork_global_link.png
146,moltres,sugimori_highres,hybridshivam_github,146_moltres/artwork_highres.png
147,dratini,sugimori_gen1_us,pokemondb_artwork,147_dratini/artwork_gen1_us.jpg
147,dratini,sugimori_gen1_jp,pokemondb_artwork,147_dratini/artwork_gen1_jp.jpg
147,dratini,global_link,pokemondb_artwork,147_dratini/artwork_global_link.png
147,dratini,sugimori_highres,hybridshivam_github,147_dratini/artwork_highres.png
148,dragonair,sugimori_gen1_us,pokemondb_artwork,148_dragonair/artwork_gen1_us.jpg
148,dragonair,sugimori_gen1_jp,pokemondb_artwork,148_dragonair/artwork_gen1_jp.jpg
148,dragonair,global_link,pokemondb_artwork,148_dragonair/artwork_global_link.png
148,dragonair,sugimori_highres,hybridshivam_github,148_dragonair/artwork_highres.png
149,dragonite,sugimori_gen1_us,pokemondb_artwork,149_dragonite/artwork_gen1_us.jpg
149,dragonite,sugimori_gen1_jp,pokemondb_artwork,149_dragonite/artwork_gen1_jp.jpg
149,dragonite,global_link,pokemondb_artwork,149_dragonite/artwork_global_link.png
149,dragonite,sugimori_highres,hybridshivam_github,149_dragonite/artwork_highres.png
150,mewtwo,sugimori_gen1_us,pokemondb_artwork,150_mewtwo/artwork_gen1_us.jpg
150,mewtwo,sugimori_gen1_jp,pokemondb_artwork,150_mewtwo/artwork_gen1_jp.jpg
150,mewtwo,global_link,pokemondb_artwork,150_mewtwo/artwork_global_link.png
150,mewtwo,sugimori_highres,hybridshivam_github,150_mewtwo/artwork_highres.png
151,mew,sugimori_gen1_us,pokemondb_artwork,151_mew/artwork_gen1_us.jpg
151,mew,sugimori_gen1_jp,pokemondb_artwork,151_mew/artwork_gen1_jp.jpg
151,mew,global_link,pokemondb_artwork,151_mew/artwork_global_link.png
151,mew,sugimori_highres,hybridshivam_github,151_mew/artwork_highres.png
152,chikorita,official_art,official-artwork,152_chikorita/official_artwork.png
152,chikorita,home_art,pokemon_home,152_chikorita/home_art.png
152,chikorita,gen6_xy_front,pokeapi_versions,152_chikorita/gen6_xy_front.png
152,chikorita,gen6_xy_shiny_front,pokeapi_versions,152_chikorita/gen6_xy_shiny_front.png
152,chikorita,gen6_oras_front,pokeapi_versions,152_chikorita/gen6_oras_front.png
152,chikorita,gen6_oras_shiny_front,pokeapi_versions,152_chikorita/gen6_oras_shiny_front.png
152,chikorita,gen7_usum_front,pokeapi_versions,152_chikorita/gen7_usum_front.png
152,chikorita,gen7_usum_shiny_front,pokeapi_versions,152_chikorita/gen7_usum_shiny_front.png
153,bayleef,official_art,official-artwork,153_bayleef/official_artwork.png
153,bayleef,home_art,pokemon_home,153_bayleef/home_art.png
153,bayleef,gen6_xy_front,pokeapi_versions,153_bayleef/gen6_xy_front.png
153,bayleef,gen6_xy_shiny_front,pokeapi_versions,153_bayleef/gen6_xy_shiny_front.png
153,bayleef,gen6_oras_front,pokeapi_versions,153_bayleef/gen6_oras_front.png
153,bayleef,gen6_oras_shiny_front,pokeapi_versions,153_bayleef/gen6_oras_shiny_front.png
153,bayleef,gen7_usum_front,pokeapi_versions,153_bayleef/gen7_usum_front.png
153,bayleef,gen7_usum_shiny_front,pokeapi_versions,153_bayleef/gen7_usum_shiny_front.png
154,meganium,official_art,official-artwork,154_meganium/official_artwork.png
154,meganium,home_art,pokemon_home,154_meganium/home_art.png
154,meganium,gen6_xy_front,pokeapi_versions,154_meganium/gen6_xy_front.png
154,meganium,gen6_xy_shiny_front,pokeapi_versions,154_meganium/gen6_xy_shiny_front.png
154,meganium,gen6_oras_front,pokeapi_versions,154_meganium/gen6_oras_front.png
154,meganium,gen6_oras_shiny_front,pokeapi_versions,154_meganium/gen6_oras_shiny_front.png
154,meganium,gen7_usum_front,pokeapi_versions,154_meganium/gen7_usum_front.png
154,meganium,gen7_usum_shiny_front,pokeapi_versions,154_meganium/gen7_usum_shiny_front.png
155,cyndaquil,official_art,official-artwork,155_cyndaquil/official_artwork.png
155,cyndaquil,home_art,pokemon_home,155_cyndaquil/home_art.png
155,cyndaquil,gen6_xy_front,pokeapi_versions,155_cyndaquil/gen6_xy_front.png
155,cyndaquil,gen6_xy_shiny_front,pokeapi_versions,155_cyndaquil/gen6_xy_shiny_front.png
155,cyndaquil,gen6_oras_front,pokeapi_versions,155_cyndaquil/gen6_oras_front.png
155,cyndaquil,gen6_oras_shiny_front,pokeapi_versions,155_cyndaquil/gen6_oras_shiny_front.png
155,cyndaquil,gen7_usum_front,pokeapi_versions,155_cyndaquil/gen7_usum_front.png
155,cyndaquil,gen7_usum_shiny_front,pokeapi_versions,155_cyndaquil/gen7_usum_shiny_front.png
156,quilava,official_art,official-artwork,156_quilava/official_artwork.png
156,quilava,home_art,pokemon_home,156_quilava/home_art.png
156,quilava,gen6_xy_front,pokeapi_versions,156_quilava/gen6_xy_front.png
156,quilava,gen6_xy_shiny_front,pokeapi_versions,156_quilava/gen6_xy_shiny_front.png
156,quilava,gen6_oras_front,pokeapi_versions,156_quilava/gen6_oras_front.png
156,quilava,gen6_oras_shiny_front,pokeapi_versions,156_quilava/gen6_oras_shiny_front.png
156,quilava,gen7_usum_front,pokeapi_versions,156_quilava/gen7_usum_front.png
156,quilava,gen7_usum_shiny_front,pokeapi_versions,156_quilava/gen7_usum_shiny_front.png
157,typhlosion,official_art,official-artwork,157_typhlosion/official_artwork.png
157,typhlosion,home_art,pokemon_home,157_typhlosion/home_art.png
157,typhlosion,gen6_xy_front,pokeapi_versions,157_typhlosion/gen6_xy_front.png
157,typhlosion,gen6_xy_shiny_front,pokeapi_versions,157_typhlosion/gen6_xy_shiny_front.png
157,typhlosion,gen6_oras_front,pokeapi_versions,157_typhlosion/gen6_oras_front.png
157,typhlosion,gen6_oras_shiny_front,pokeapi_versions,157_typhlosion/gen6_oras_shiny_front.png
157,typhlosion,gen7_usum_front,pokeapi_versions,157_typhlosion/gen7_usum_front.png
157,typhlosion,gen7_usum_shiny_front,pokeapi_versions,157_typhlosion/gen7_usum_shiny_front.png
158,totodile,official_art,official-artwork,158_totodile/official_artwork.png
158,totodile,home_art,pokemon_home,158_totodile/home_art.png
158,totodile,gen6_xy_front,pokeapi_versions,158_totodile/gen6_xy_front.png
158,totodile,gen6_xy_shiny_front,pokeapi_versions,158_totodile/gen6_xy_shiny_front.png
158,totodile,gen6_oras_front,pokeapi_versions,158_totodile/gen6_oras_front.png
158,totodile,gen6_oras_shiny_front,pokeapi_versions,158_totodile/gen6_oras_shiny_front.png
158,totodile,gen7_usum_front,pokeapi_versions,158_totodile/gen7_usum_front.png
158,totodile,gen7_usum_shiny_front,pokeapi_versions,158_totodile/gen7_usum_shiny_front.png
159,croconaw,official_art,official-artwork,159_croconaw/official_artwork.png
159,croconaw,home_art,pokemon_home,159_croconaw/home_art.png
159,croconaw,gen6_xy_front,pokeapi_versions,159_croconaw/gen6_xy_front.png
159,croconaw,gen6_xy_shiny_front,pokeapi_versions,159_croconaw/gen6_xy_shiny_front.png
159,croconaw,gen6_oras_front,pokeapi_versions,159_croconaw/gen6_oras_front.png
159,croconaw,gen6_oras_shiny_front,pokeapi_versions,159_croconaw/gen6_oras_shiny_front.png
159,croconaw,gen7_usum_front,pokeapi_versions,159_croconaw/gen7_usum_front.png
159,croconaw,gen7_usum_shiny_front,pokeapi_versions,159_croconaw/gen7_usum_shiny_front.png
160,feraligatr,official_art,official-artwork,160_feraligatr/official_artwork.png
160,feraligatr,home_art,pokemon_home,160_feraligatr/home_art.png
160,feraligatr,gen6_xy_front,pokeapi_versions,160_feraligatr/gen6_xy_front.png
160,feraligatr,gen6_xy_shiny_front,pokeapi_versions,160_feraligatr/gen6_xy_shiny_front.png
160,feraligatr,gen6_oras_front,pokeapi_versions,160_feraligatr/gen6_oras_front.png
160,feraligatr,gen6_oras_shiny_front,pokeapi_versions,160_feraligatr/gen6_oras_shiny_front.png
160,feraligatr,gen7_usum_front,pokeapi_versions,160_feraligatr/gen7_usum_front.png
160,feraligatr,gen7_usum_shiny_front,pokeapi_versions,160_feraligatr/gen7_usum_shiny_front.png
161,sentret,official_art,official-artwork,161_sentret/official_artwork.png
161,sentret,home_art,pokemon_home,161_sentret/home_art.png
161,sentret,gen6_xy_front,pokeapi_versions,161_sentret/gen6_xy_front.png
161,sentret,gen6_xy_shiny_front,pokeapi_versions,161_sentret/gen6_xy_shiny_front.png
161,sentret,gen6_oras_front,pokeapi_versions,161_sentret/gen6_oras_front.png
161,sentret,gen6_oras_shiny_front,pokeapi_versions,161_sentret/gen6_oras_shiny_front.png
161,sentret,gen7_usum_front,pokeapi_versions,161_sentret/gen7_usum_front.png
161,sentret,gen7_usum_shiny_front,pokeapi_versions,161_sentret/gen7_usum_shiny_front.png
162,furret,official_art,official-artwork,162_furret/official_artwork.png
162,furret,home_art,pokemon_home,162_furret/home_art.png
162,furret,gen6_xy_front,pokeapi_versions,162_furret/gen6_xy_front.png
162,furret,gen6_xy_shiny_front,pokeapi_versions,162_furret/gen6_xy_shiny_front.png
162,furret,gen6_oras_front,pokeapi_versions,162_furret/gen6_oras_front.png
162,furret,gen6_oras_shiny_front,pokeapi_versions,162_furret/gen6_oras_shiny_front.png
162,furret,gen7_usum_front,pokeapi_versions,162_furret/gen7_usum_front.png
162,furret,gen7_usum_shiny_front,pokeapi_versions,162_furret/gen7_usum_shiny_front.png
163,hoothoot,official_art,official-artwork,163_hoothoot/official_artwork.png
163,hoothoot,home_art,pokemon_home,163_hoothoot/home_art.png
163,hoothoot,gen6_xy_front,pokeapi_versions,163_hoothoot/gen6_xy_front.png
163,hoothoot,gen6_xy_shiny_front,pokeapi_versions,163_hoothoot/gen6_xy_shiny_front.png
163,hoothoot,gen6_oras_front,pokeapi_versions,163_hoothoot/gen6_oras_front.png
163,hoothoot,gen6_oras_shiny_front,pokeapi_versions,163_hoothoot/gen6_oras_shiny_front.png
163,hoothoot,gen7_usum_front,pokeapi_versions,163_hoothoot/gen7_usum_front.png
163,hoothoot,gen7_usum_shiny_front,pokeapi_versions,163_hoothoot/gen7_usum_shiny_front.png
164,noctowl,official_art,official-artwork,164_noctowl/official_artwork.png
164,noctowl,home_art,pokemon_home,164_noctowl/home_art.png
164,noctowl,gen6_xy_front,pokeapi_versions,164_noctowl/gen6_xy_front.png
164,noctowl,gen6_xy_shiny_front,pokeapi_versions,164_noctowl/gen6_xy_shiny_front.png
164,noctowl,gen6_oras_front,pokeapi_versions,164_noctowl/gen6_oras_front.png
164,noctowl,gen6_oras_shiny_front,pokeapi_versions,164_noctowl/gen6_oras_shiny_front.png
164,noctowl,gen7_usum_front,pokeapi_versions,164_noctowl/gen7_usum_front.png
164,noctowl,gen7_usum_shiny_front,pokeapi_versions,164_noctowl/gen7_usum_shiny_front.png
165,ledyba,official_art,official-artwork,165_ledyba/official_artwork.png
165,ledyba,home_art,pokemon_home,165_ledyba/home_art.png
165,ledyba,gen6_xy_front,pokeapi_versions,165_ledyba/gen6_xy_front.png
165,ledyba,gen6_xy_shiny_front,pokeapi_versions,165_ledyba/gen6_xy_shiny_front.png
165,ledyba,gen6_oras_front,pokeapi_versions,165_ledyba/gen6_oras_front.png
165,ledyba,gen6_oras_shiny_front,pokeapi_versions,165_ledyba/gen6_oras_shiny_front.png
165,ledyba,gen7_usum_front,pokeapi_versions,165_ledyba/gen7_usum_front.png
165,ledyba,gen7_usum_shiny_front,pokeapi_versions,165_ledyba/gen7_usum_shiny_front.png
166,ledian,official_art,official-artwork,166_ledian/official_artwork.png
166,ledian,home_art,pokemon_home,166_ledian/home_art.png
166,ledian,gen6_xy_front,pokeapi_versions,166_ledian/gen6_xy_front.png
166,ledian,gen6_xy_shiny_front,pokeapi_versions,166_ledian/gen6_xy_shiny_front.png
166,ledian,gen6_oras_front,pokeapi_versions,166_ledian/gen6_oras_front.png
166,ledian,gen6_oras_shiny_front,pokeapi_versions,166_ledian/gen6_oras_shiny_front.png
166,ledian,gen7_usum_front,pokeapi_versions,166_ledian/gen7_usum_front.png
166,ledian,gen7_usum_shiny_front,pokeapi_versions,166_ledian/gen7_usum_shiny_front.png
167,spinarak,official_art,official-artwork,167_spinarak/official_artwork.png
167,spinarak,home_art,pokemon_home,167_spinarak/home_art.png
167,spinarak,gen6_xy_front,pokeapi_versions,167_spinarak/gen6_xy_front.png
167,spinarak,gen6_xy_shiny_front,pokeapi_versions,167_spinarak/gen6_xy_shiny_front.png
167,spinarak,gen6_oras_front,pokeapi_versions,167_spinarak/gen6_oras_front.png
167,spinarak,gen6_oras_shiny_front,pokeapi_versions,167_spinarak/gen6_oras_shiny_front.png
167,spinarak,gen7_usum_front,pokeapi_versions,167_spinarak/gen7_usum_front.png
167,spinarak,gen7_usum_shiny_front,pokeapi_versions,167_spinarak/gen7_usum_shiny_front.png
168,ariados,official_art,official-artwork,168_ariados/official_artwork.png
168,ariados,home_art,pokemon_home,168_ariados/home_art.png
168,ariados,gen6_xy_front,pokeapi_versions,168_ariados/gen6_xy_front.png
168,ariados,gen6_xy_shiny_front,pokeapi_versions,168_ariados/gen6_xy_shiny_front.png
168,ariados,gen6_oras_front,pokeapi_versions,168_ariados/gen6_oras_front.png
168,ariados,gen6_oras_shiny_front,pokeapi_versions,168_ariados/gen6_oras_shiny_front.png
168,ariados,gen7_usum_front,pokeapi_versions,168_ariados/gen7_usum_front.png
168,ariados,gen7_usum_shiny_front,pokeapi_versions,168_ariados/gen7_usum_shiny_front.png
169,crobat,official_art,official-artwork,169_crobat/official_artwork.png
169,crobat,home_art,pokemon_home,169_crobat/home_art.png
169,crobat,gen6_xy_front,pokeapi_versions,169_crobat/gen6_xy_front.png
169,crobat,gen6_xy_shiny_front,pokeapi_versions,169_crobat/gen6_xy_shiny_front.png
169,crobat,gen6_oras_front,pokeapi_versions,169_crobat/gen6_oras_front.png
169,crobat,gen6_oras_shiny_front,pokeapi_versions,169_crobat/gen6_oras_shiny_front.png
169,crobat,gen7_usum_front,pokeapi_versions,169_crobat/gen7_usum_front.png
169,crobat,gen7_usum_shiny_front,pokeapi_versions,169_crobat/gen7_usum_shiny_front.png
170,chinchou,official_art,official-artwork,170_chinchou/official_artwork.png
170,chinchou,home_art,pokemon_home,170_chinchou/home_art.png
170,chinchou,gen6_xy_front,pokeapi_versions,170_chinchou/gen6_xy_front.png
170,chinchou,gen6_xy_shiny_front,pokeapi_versions,170_chinchou/gen6_xy_shiny_front.png
170,chinchou,gen6_oras_front,pokeapi_versions,170_chinchou/gen6_oras_front.png
170,chinchou,gen6_oras_shiny_front,pokeapi_versions,170_chinchou/gen6_oras_shiny_front.png
170,chinchou,gen7_usum_front,pokeapi_versions,170_chinchou/gen7_usum_front.png
170,chinchou,gen7_usum_shiny_front,pokeapi_versions,170_chinchou/gen7_usum_shiny_front.png
171,lanturn,official_art,official-artwork,171_lanturn/official_artwork.png
171,lanturn,home_art,pokemon_home,171_lanturn/home_art.png
171,lanturn,gen6_xy_front,pokeapi_versions,171_lanturn/gen6_xy_front.png
171,lanturn,gen6_xy_shiny_front,pokeapi_versions,171_lanturn/gen6_xy_shiny_front.png
171,lanturn,gen6_oras_front,pokeapi_versions,171_lanturn/gen6_oras_front.png
171,lanturn,gen6_oras_shiny_front,pokeapi_versions,171_lanturn/gen6_oras_shiny_front.png
171,lanturn,gen7_usum_front,pokeapi_versions,171_lanturn/gen7_usum_front.png
171,lanturn,gen7_usum_shiny_front,pokeapi_versions,171_lanturn/gen7_usum_shiny_front.png
172,pichu,official_art,official-artwork,172_pichu/official_artwork.png
172,pichu,home_art,pokemon_home,172_pichu/home_art.png
172,pichu,gen6_xy_front,pokeapi_versions,172_pichu/gen6_xy_front.png
172,pichu,gen6_xy_shiny_front,pokeapi_versions,172_pichu/gen6_xy_shiny_front.png
172,pichu,gen6_oras_front,pokeapi_versions,172_pichu/gen6_oras_front.png
172,pichu,gen6_oras_shiny_front,pokeapi_versions,172_pichu/gen6_oras_shiny_front.png
172,pichu,gen7_usum_front,pokeapi_versions,172_pichu/gen7_usum_front.png
172,pichu,gen7_usum_shiny_front,pokeapi_versions,172_pichu/gen7_usum_shiny_front.png
173,cleffa,official_art,official-artwork,173_cleffa/official_artwork.png
173,cleffa,home_art,pokemon_home,173_cleffa/home_art.png
173,cleffa,gen6_xy_front,pokeapi_versions,173_cleffa/gen6_xy_front.png
173,cleffa,gen6_xy_shiny_front,pokeapi_versions,173_cleffa/gen6_xy_shiny_front.png
173,cleffa,gen6_oras_front,pokeapi_versions,173_cleffa/gen6_oras_front.png
173,cleffa,gen6_oras_shiny_front,pokeapi_versions,173_cleffa/gen6_oras_shiny_front.png
173,cleffa,gen7_usum_front,pokeapi_versions,173_cleffa/gen7_usum_front.png
173,cleffa,gen7_usum_shiny_front,pokeapi_versions,173_cleffa/gen7_usum_shiny_front.png
174,igglybuff,official_art,official-artwork,174_igglybuff/official_artwork.png
174,igglybuff,home_art,pokemon_home,174_igglybuff/home_art.png
174,igglybuff,gen6_xy_front,pokeapi_versions,174_igglybuff/gen6_xy_front.png
174,igglybuff,gen6_xy_shiny_front,pokeapi_versions,174_igglybuff/gen6_xy_shiny_front.png
174,igglybuff,gen6_oras_front,pokeapi_versions,174_igglybuff/gen6_oras_front.png
174,igglybuff,gen6_oras_shiny_front,pokeapi_versions,174_igglybuff/gen6_oras_shiny_front.png
174,igglybuff,gen7_usum_front,pokeapi_versions,174_igglybuff/gen7_usum_front.png
174,igglybuff,gen7_usum_shiny_front,pokeapi_versions,174_igglybuff/gen7_usum_shiny_front.png
175,togepi,official_art,official-artwork,175_togepi/official_artwork.png
175,togepi,home_art,pokemon_home,175_togepi/home_art.png
175,togepi,gen6_xy_front,pokeapi_versions,175_togepi/gen6_xy_front.png
175,togepi,gen6_xy_shiny_front,pokeapi_versions,175_togepi/gen6_xy_shiny_front.png
175,togepi,gen6_oras_front,pokeapi_versions,175_togepi/gen6_oras_front.png
175,togepi,gen6_oras_shiny_front,pokeapi_versions,175_togepi/gen6_oras_shiny_front.png
175,togepi,gen7_usum_front,pokeapi_versions,175_togepi/gen7_usum_front.png
175,togepi,gen7_usum_shiny_front,pokeapi_versions,175_togepi/gen7_usum_shiny_front.png
176,togetic,official_art,official-artwork,176_togetic/official_artwork.png
176,togetic,home_art,pokemon_home,176_togetic/home_art.png
176,togetic,gen6_xy_front,pokeapi_versions,176_togetic/gen6_xy_front.png
176,togetic,gen6_xy_shiny_front,pokeapi_versions,176_togetic/gen6_xy_shiny_front.png
176,togetic,gen6_oras_front,pokeapi_versions,176_togetic/gen6_oras_front.png
176,togetic,gen6_oras_shiny_front,pokeapi_versions,176_togetic/gen6_oras_shiny_front.png
176,togetic,gen7_usum_front,pokeapi_versions,176_togetic/gen7_usum_front.png
176,togetic,gen7_usum_shiny_front,pokeapi_versions,176_togetic/gen7_usum_shiny_front.png
177,natu,official_art,official-artwork,177_natu/official_artwork.png
177,natu,home_art,pokemon_home,177_natu/home_art.png
177,natu,gen6_xy_front,pokeapi_versions,177_natu/gen6_xy_front.png
177,natu,gen6_xy_shiny_front,pokeapi_versions,177_natu/gen6_xy_shiny_front.png
177,natu,gen6_oras_front,pokeapi_versions,177_natu/gen6_oras_front.png
177,natu,gen6_oras_shiny_front,pokeapi_versions,177_natu/gen6_oras_shiny_front.png
177,natu,gen7_usum_front,pokeapi_versions,177_natu/gen7_usum_front.png
177,natu,gen7_usum_shiny_front,pokeapi_versions,177_natu/gen7_usum_shiny_front.png
178,xatu,official_art,official-artwork,178_xatu/official_artwork.png
178,xatu,home_art,pokemon_home,178_xatu/home_art.png
178,xatu,gen6_xy_front,pokeapi_versions,178_xatu/gen6_xy_front.png
178,xatu,gen6_xy_shiny_front,pokeapi_versions,178_xatu/gen6_xy_shiny_front.png
178,xatu,gen6_oras_front,pokeapi_versions,178_xatu/gen6_oras_front.png
178,xatu,gen6_oras_shiny_front,pokeapi_versions,178_xatu/gen6_oras_shiny_front.png
178,xatu,gen7_usum_front,pokeapi_versions,178_xatu/gen7_usum_front.png
178,xatu,gen7_usum_shiny_front,pokeapi_versions,178_xatu/gen7_usum_shiny_front.png
179,mareep,official_art,official-artwork,179_mareep/official_artwork.png
179,mareep,home_art,pokemon_home,179_mareep/home_art.png
179,mareep,gen6_xy_front,pokeapi_versions,179_mareep/gen6_xy_front.png
179,mareep,gen6_xy_shiny_front,pokeapi_versions,179_mareep/gen6_xy_shiny_front.png
179,mareep,gen6_oras_front,pokeapi_versions,179_mareep/gen6_oras_front.png
179,mareep,gen6_oras_shiny_front,pokeapi_versions,179_mareep/gen6_oras_shiny_front.png
179,mareep,gen7_usum_front,pokeapi_versions,179_mareep/gen7_usum_front.png
179,mareep,gen7_usum_shiny_front,pokeapi_versions,179_mareep/gen7_usum_shiny_front.png
180,flaaffy,official_art,official-artwork,180_flaaffy/official_artwork.png
180,flaaffy,home_art,pokemon_home,180_flaaffy/home_art.png
180,flaaffy,gen6_xy_front,pokeapi_versions,180_flaaffy/gen6_xy_front.png
180,flaaffy,gen6_xy_shiny_front,pokeapi_versions,180_flaaffy/gen6_xy_shiny_front.png
180,flaaffy,gen6_oras_front,pokeapi_versions,180_flaaffy/gen6_oras_front.png
180,flaaffy,gen6_oras_shiny_front,pokeapi_versions,180_flaaffy/gen6_oras_shiny_front.png
180,flaaffy,gen7_usum_front,pokeapi_versions,180_flaaffy/gen7_usum_front.png
180,flaaffy,gen7_usum_shiny_front,pokeapi_versions,180_flaaffy/gen7_usum_shiny_front.png
181,ampharos,official_art,official-artwork,181_ampharos/official_artwork.png
181,ampharos,home_art,pokemon_home,181_ampharos/home_art.png
181,ampharos,gen6_xy_front,pokeapi_versions,181_ampharos/gen6_xy_front.png
181,ampharos,gen6_xy_shiny_front,pokeapi_versions,181_ampharos/gen6_xy_shiny_front.png
181,ampharos,gen6_oras_front,pokeapi_versions,181_ampharos/gen6_oras_front.png
181,ampharos,gen6_oras_shiny_front,pokeapi_versions,181_ampharos/gen6_oras_shiny_front.png
181,ampharos,gen7_usum_front,pokeapi_versions,181_ampharos/gen7_usum_front.png
181,ampharos,gen7_usum_shiny_front,pokeapi_versions,181_ampharos/gen7_usum_shiny_front.png
182,bellossom,official_art,official-artwork,182_bellossom/official_artwork.png
182,bellossom,home_art,pokemon_home,182_bellossom/home_art.png
182,bellossom,gen6_xy_front,pokeapi_versions,182_bellossom/gen6_xy_front.png
182,bellossom,gen6_xy_shiny_front,pokeapi_versions,182_bellossom/gen6_xy_shiny_front.png
182,bellossom,gen6_oras_front,pokeapi_versions,182_bellossom/gen6_oras_front.png
182,bellossom,gen6_oras_shiny_front,pokeapi_versions,182_bellossom/gen6_oras_shiny_front.png
182,bellossom,gen7_usum_front,pokeapi_versions,182_bellossom/gen7_usum_front.png
182,bellossom,gen7_usum_shiny_front,pokeapi_versions,182_bellossom/gen7_usum_shiny_front.png
183,marill,official_art,official-artwork,183_marill/official_artwork.png
183,marill,home_art,pokemon_home,183_marill/home_art.png
183,marill,gen6_xy_front,pokeapi_versions,183_marill/gen6_xy_front.png
183,marill,gen6_xy_shiny_front,pokeapi_versions,183_marill/gen6_xy_shiny_front.png
183,marill,gen6_oras_front,pokeapi_versions,183_marill/gen6_oras_front.png
183,marill,gen6_oras_shiny_front,pokeapi_versions,183_marill/gen6_oras_shiny_front.png
183,marill,gen7_usum_front,pokeapi_versions,183_marill/gen7_usum_front.png
183,marill,gen7_usum_shiny_front,pokeapi_versions,183_marill/gen7_usum_shiny_front.png
184,azumarill,official_art,official-artwork,184_azumarill/official_artwork.png
184,azumarill,home_art,pokemon_home,184_azumarill/home_art.png
184,azumarill,gen6_xy_front,pokeapi_versions,184_azumarill/gen6_xy_front.png
184,azumarill,gen6_xy_shiny_front,pokeapi_versions,184_azumarill/gen6_xy_shiny_front.png
184,azumarill,gen6_oras_front,pokeapi_versions,184_azumarill/gen6_oras_front.png
184,azumarill,gen6_oras_shiny_front,pokeapi_versions,184_azumarill/gen6_oras_shiny_front.png
184,azumarill,gen7_usum_front,pokeapi_versions,184_azumarill/gen7_usum_front.png
184,azumarill,gen7_usum_shiny_front,pokeapi_versions,184_azumarill/gen7_usum_shiny_front.png
185,sudowoodo,official_art,official-artwork,185_sudowoodo/official_artwork.png
185,sudowoodo,home_art,pokemon_home,185_sudowoodo/home_art.png
185,sudowoodo,gen6_xy_front,pokeapi_versions,185_sudowoodo/gen6_xy_front.png
185,sudowoodo,gen6_xy_shiny_front,pokeapi_versions,185_sudowoodo/gen6_xy_shiny_front.png
185,sudowoodo,gen6_oras_front,pokeapi_versions,185_sudowoodo/gen6_oras_front.png
185,sudowoodo,gen6_oras_shiny_front,pokeapi_versions,185_sudowoodo/gen6_oras_shiny_front.png
185,sudowoodo,gen7_usum_front,pokeapi_versions,185_sudowoodo/gen7_usum_front.png
185,sudowoodo,gen7_usum_shiny_front,pokeapi_versions,185_sudowoodo/gen7_usum_shiny_front.png
186,politoed,official_art,official-artwork,186_politoed/official_artwork.png
186,politoed,home_art,pokemon_home,186_politoed/home_art.png
186,politoed,gen6_xy_front,pokeapi_versions,186_politoed/gen6_xy_front.png
186,politoed,gen6_xy_shiny_front,pokeapi_versions,186_politoed/gen6_xy_shiny_front.png
186,politoed,gen6_oras_front,pokeapi_versions,186_politoed/gen6_oras_front.png
186,politoed,gen6_oras_shiny_front,pokeapi_versions,186_politoed/gen6_oras_shiny_front.png
186,politoed,gen7_usum_front,pokeapi_versions,186_politoed/gen7_usum_front.png
186,politoed,gen7_usum_shiny_front,pokeapi_versions,186_politoed/gen7_usum_shiny_front.png
187,hoppip,official_art,official-artwork,187_hoppip/official_artwork.png
187,hoppip,home_art,pokemon_home,187_hoppip/home_art.png
187,hoppip,gen6_xy_front,pokeapi_versions,187_hoppip/gen6_xy_front.png
187,hoppip,gen6_xy_shiny_front,pokeapi_versions,187_hoppip/gen6_xy_shiny_front.png
187,hoppip,gen6_oras_front,pokeapi_versions,187_hoppip/gen6_oras_front.png
187,hoppip,gen6_oras_shiny_front,pokeapi_versions,187_hoppip/gen6_oras_shiny_front.png
187,hoppip,gen7_usum_front,pokeapi_versions,187_hoppip/gen7_usum_front.png
187,hoppip,gen7_usum_shiny_front,pokeapi_versions,187_hoppip/gen7_usum_shiny_front.png
188,skiploom,official_art,official-artwork,188_skiploom/official_artwork.png
188,skiploom,home_art,pokemon_home,188_skiploom/home_art.png
188,skiploom,gen6_xy_front,pokeapi_versions,188_skiploom/gen6_xy_front.png
188,skiploom,gen6_xy_shiny_front,pokeapi_versions,188_skiploom/gen6_xy_shiny_front.png
188,skiploom,gen6_oras_front,pokeapi_versions,188_skiploom/gen6_oras_front.png
188,skiploom,gen6_oras_shiny_front,pokeapi_versions,188_skiploom/gen6_oras_shiny_front.png
188,skiploom,gen7_usum_front,pokeapi_versions,188_skiploom/gen7_usum_front.png
188,skiploom,gen7_usum_shiny_front,pokeapi_versions,188_skiploom/gen7_usum_shiny_front.png
189,jumpluff,official_art,official-artwork,189_jumpluff/official_artwork.png
189,jumpluff,home_art,pokemon_home,189_jumpluff/home_art.png
189,jumpluff,gen6_xy_front,pokeapi_versions,189_jumpluff/gen6_xy_front.png
189,jumpluff,gen6_xy_shiny_front,pokeapi_versions,189_jumpluff/gen6_xy_shiny_front.png
189,jumpluff,gen6_oras_front,pokeapi_versions,189_jumpluff/gen6_oras_front.png
189,jumpluff,gen6_oras_shiny_front,pokeapi_versions,189_jumpluff/gen6_oras_shiny_front.png
189,jumpluff,gen7_usum_front,pokeapi_versions,189_jumpluff/gen7_usum_front.png
189,jumpluff,gen7_usum_shiny_front,pokeapi_versions,189_jumpluff/gen7_usum_shiny_front.png
190,aipom,official_art,official-artwork,190_aipom/official_artwork.png
190,aipom,home_art,pokemon_home,190_aipom/home_art.png
190,aipom,gen6_xy_front,pokeapi_versions,190_aipom/gen6_xy_front.png
190,aipom,gen6_xy_shiny_front,pokeapi_versions,190_aipom/gen6_xy_shiny_front.png
190,aipom,gen6_oras_front,pokeapi_versions,190_aipom/gen6_oras_front.png
190,aipom,gen6_oras_shiny_front,pokeapi_versions,190_aipom/gen6_oras_shiny_front.png
190,aipom,gen7_usum_front,pokeapi_versions,190_aipom/gen7_usum_front.png
190,aipom,gen7_usum_shiny_front,pokeapi_versions,190_aipom/gen7_usum_shiny_front.png
191,sunkern,official_art,official-artwork,191_sunkern/official_artwork.png
191,sunkern,home_art,pokemon_home,191_sunkern/home_art.png
191,sunkern,gen6_xy_front,pokeapi_versions,191_sunkern/gen6_xy_front.png
191,sunkern,gen6_xy_shiny_front,pokeapi_versions,191_sunkern/gen6_xy_shiny_front.png
191,sunkern,gen6_oras_front,pokeapi_versions,191_sunkern/gen6_oras_front.png
191,sunkern,gen6_oras_shiny_front,pokeapi_versions,191_sunkern/gen6_oras_shiny_front.png
191,sunkern,gen7_usum_front,pokeapi_versions,191_sunkern/gen7_usum_front.png
191,sunkern,gen7_usum_shiny_front,pokeapi_versions,191_sunkern/gen7_usum_shiny_front.png
192,sunflora,official_art,official-artwork,192_sunflora/official_artwork.png
192,sunflora,home_art,pokemon_home,192_sunflora/home_art.png
192,sunflora,gen6_xy_front,pokeapi_versions,192_sunflora/gen6_xy_front.png
192,sunflora,gen6_xy_shiny_front,pokeapi_versions,192_sunflora/gen6_xy_shiny_front.png
192,sunflora,gen6_oras_front,pokeapi_versions,192_sunflora/gen6_oras_front.png
192,sunflora,gen6_oras_shiny_front,pokeapi_versions,192_sunflora/gen6_oras_shiny_front.png
192,sunflora,gen7_usum_front,pokeapi_versions,192_sunflora/gen7_usum_front.png
192,sunflora,gen7_usum_shiny_front,pokeapi_versions,192_sunflora/gen7_usum_shiny_front.png
193,yanma,official_art,official-artwork,193_yanma/official_artwork.png
193,yanma,home_art,pokemon_home,193_yanma/home_art.png
193,yanma,gen6_xy_front,pokeapi_versions,193_yanma/gen6_xy_front.png
193,yanma,gen6_xy_shiny_front,pokeapi_versions,193_yanma/gen6_xy_shiny_front.png
193,yanma,gen6_oras_front,pokeapi_versions,193_yanma/gen6_oras_front.png
193,yanma,gen6_oras_shiny_front,pokeapi_versions,193_yanma/gen6_oras_shiny_front.png
193,yanma,gen7_usum_front,pokeapi_versions,193_yanma/gen7_usum_front.png
193,yanma,gen7_usum_shiny_front,pokeapi_versions,193_yanma/gen7_usum_shiny_front.png
194,wooper,official_art,official-artwork,194_wooper/official_artwork.png
194,wooper,home_art,pokemon_home,194_wooper/home_art.png
194,wooper,gen6_xy_front,pokeapi_versions,194_wooper/gen6_xy_front.png
194,wooper,gen6_xy_shiny_front,pokeapi_versions,194_wooper/gen6_xy_shiny_front.png
194,wooper,gen6_oras_front,pokeapi_versions,194_wooper/gen6_oras_front.png
194,wooper,gen6_oras_shiny_front,pokeapi_versions,194_wooper/gen6_oras_shiny_front.png
194,wooper,gen7_usum_front,pokeapi_versions,194_wooper/gen7_usum_front.png
194,wooper,gen7_usum_shiny_front,pokeapi_versions,194_wooper/gen7_usum_shiny_front.png
195,quagsire,official_art,official-artwork,195_quagsire/official_artwork.png
195,quagsire,home_art,pokemon_home,195_quagsire/home_art.png
195,quagsire,gen6_xy_front,pokeapi_versions,195_quagsire/gen6_xy_front.png
195,quagsire,gen6_xy_shiny_front,pokeapi_versions,195_quagsire/gen6_xy_shiny_front.png
195,quagsire,gen6_oras_front,pokeapi_versions,195_quagsire/gen6_oras_front.png
195,quagsire,gen6_oras_shiny_front,pokeapi_versions,195_quagsire/gen6_oras_shiny_front.png
195,quagsire,gen7_usum_front,pokeapi_versions,195_quagsire/gen7_usum_front.png
195,quagsire,gen7_usum_shiny_front,pokeapi_versions,195_quagsire/gen7_usum_shiny_front.png
196,espeon,official_art,official-artwork,196_espeon/official_artwork.png
196,espeon,home_art,pokemon_home,196_espeon/home_art.png
196,espeon,gen6_xy_front,pokeapi_versions,196_espeon/gen6_xy_front.png
196,espeon,gen6_xy_shiny_front,pokeapi_versions,196_espeon/gen6_xy_shiny_front.png
196,espeon,gen6_oras_front,pokeapi_versions,196_espeon/gen6_oras_front.png
196,espeon,gen6_oras_shiny_front,pokeapi_versions,196_espeon/gen6_oras_shiny_front.png
196,espeon,gen7_usum_front,pokeapi_versions,196_espeon/gen7_usum_front.png
196,espeon,gen7_usum_shiny_front,pokeapi_versions,196_espeon/gen7_usum_shiny_front.png
197,umbreon,official_art,official-artwork,197_umbreon/official_artwork.png
197,umbreon,home_art,pokemon_home,197_umbreon/home_art.png
197,umbreon,gen6_xy_front,pokeapi_versions,197_umbreon/gen6_xy_front.png
197,umbreon,gen6_xy_shiny_front,pokeapi_versions,197_umbreon/gen6_xy_shiny_front.png
197,umbreon,gen6_oras_front,pokeapi_versions,197_umbreon/gen6_oras_front.png
197,umbreon,gen6_oras_shiny_front,pokeapi_versions,197_umbreon/gen6_oras_shiny_front.png
197,umbreon,gen7_usum_front,pokeapi_versions,197_umbreon/gen7_usum_front.png
197,umbreon,gen7_usum_shiny_front,pokeapi_versions,197_umbreon/gen7_usum_shiny_front.png
198,murkrow,official_art,official-artwork,198_murkrow/official_artwork.png
198,murkrow,home_art,pokemon_home,198_murkrow/home_art.png
198,murkrow,gen6_xy_front,pokeapi_versions,198_murkrow/gen6_xy_front.png
198,murkrow,gen6_xy_shiny_front,pokeapi_versions,198_murkrow/gen6_xy_shiny_front.png
198,murkrow,gen6_oras_front,pokeapi_versions,198_murkrow/gen6_oras_front.png
198,murkrow,gen6_oras_shiny_front,pokeapi_versions,198_murkrow/gen6_oras_shiny_front.png
198,murkrow,gen7_usum_front,pokeapi_versions,198_murkrow/gen7_usum_front.png
198,murkrow,gen7_usum_shiny_front,pokeapi_versions,198_murkrow/gen7_usum_shiny_front.png
199,slowking,official_art,official-artwork,199_slowking/official_artwork.png
199,slowking,home_art,pokemon_home,199_slowking/home_art.png
199,slowking,gen6_xy_front,pokeapi_versions,199_slowking/gen6_xy_front.png
199,slowking,gen6_xy_shiny_front,pokeapi_versions,199_slowking/gen6_xy_shiny_front.png
199,slowking,gen6_oras_front,pokeapi_versions,199_slowking/gen6_oras_front.png
199,slowking,gen6_oras_shiny_front,pokeapi_versions,199_slowking/gen6_oras_shiny_front.png
199,slowking,gen7_usum_front,pokeapi_versions,199_slowking/gen7_usum_front.png
199,slowking,gen7_usum_shiny_front,pokeapi_versions,199_slowking/gen7_usum_shiny_front.png
200,misdreavus,official_art,official-artwork,200_misdreavus/official_artwork.png
200,misdreavus,home_art,pokemon_home,200_misdreavus/home_art.png
200,misdreavus,gen6_xy_front,pokeapi_versions,200_misdreavus/gen6_xy_front.png
200,misdreavus,gen6_xy_shiny_front,pokeapi_versions,200_misdreavus/gen6_xy_shiny_front.png
200,misdreavus,gen6_oras_front,pokeapi_versions,200_misdreavus/gen6_oras_front.png
200,misdreavus,gen6_oras_shiny_front,pokeapi_versions,200_misdreavus/gen6_oras_shiny_front.png
200,misdreavus,gen7_usum_front,pokeapi_versions,200_misdreavus/gen7_usum_front.png
200,misdreavus,gen7_usum_shiny_front,pokeapi_versions,200_misdreavus/gen7_usum_shiny_front.png
201,unown,official_art,official-artwork,201_unown/official_artwork.png
201,unown,home_art,pokemon_home,201_unown/home_art.png
201,unown,gen6_xy_front,pokeapi_versions,201_unown/gen6_xy_front.png
201,unown,gen6_xy_shiny_front,pokeapi_versions,201_unown/gen6_xy_shiny_front.png
201,unown,gen6_oras_front,pokeapi_versions,201_unown/gen6_oras_front.png
201,unown,gen6_oras_shiny_front,pokeapi_versions,201_unown/gen6_oras_shiny_front.png
201,unown,gen7_usum_front,pokeapi_versions,201_unown/gen7_usum_front.png
201,unown,gen7_usum_shiny_front,pokeapi_versions,201_unown/gen7_usum_shiny_front.png
202,wobbuffet,official_art,official-artwork,202_wobbuffet/official_artwork.png
202,wobbuffet,home_art,pokemon_home,202_wobbuffet/home_art.png
202,wobbuffet,gen6_xy_front,pokeapi_versions,202_wobbuffet/gen6_xy_front.png
202,wobbuffet,gen6_xy_shiny_front,pokeapi_versions,202_wobbuffet/gen6_xy_shiny_front.png
202,wobbuffet,gen6_oras_front,pokeapi_versions,202_wobbuffet/gen6_oras_front.png
202,wobbuffet,gen6_oras_shiny_front,pokeapi_versions,202_wobbuffet/gen6_oras_shiny_front.png
202,wobbuffet,gen7_usum_front,pokeapi_versions,202_wobbuffet/gen7_usum_front.png
202,wobbuffet,gen7_usum_shiny_front,pokeapi_versions,202_wobbuffet/gen7_usum_shiny_front.png
203,girafarig,official_art,official-artwork,203_girafarig/official_artwork.png
203,girafarig,home_art,pokemon_home,203_girafarig/home_art.png
203,girafarig,gen6_xy_front,pokeapi_versions,203_girafarig/gen6_xy_front.png
203,girafarig,gen6_xy_shiny_front,pokeapi_versions,203_girafarig/gen6_xy_shiny_front.png
203,girafarig,gen6_oras_front,pokeapi_versions,203_girafarig/gen6_oras_front.png
203,girafarig,gen6_oras_shiny_front,pokeapi_versions,203_girafarig/gen6_oras_shiny_front.png
203,girafarig,gen7_usum_front,pokeapi_versions,203_girafarig/gen7_usum_front.png
203,girafarig,gen7_usum_shiny_front,pokeapi_versions,203_girafarig/gen7_usum_shiny_front.png
204,pineco,official_art,official-artwork,204_pineco/official_artwork.png
204,pineco,home_art,pokemon_home,204_pineco/home_art.png
204,pineco,gen6_xy_front,pokeapi_versions,204_pineco/gen6_xy_front.png
204,pineco,gen6_xy_shiny_front,pokeapi_versions,204_pineco/gen6_xy_shiny_front.png
204,pineco,gen6_oras_front,pokeapi_versions,204_pineco/gen6_oras_front.png
204,pineco,gen6_oras_shiny_front,pokeapi_versions,204_pineco/gen6_oras_shiny_front.png
204,pineco,gen7_usum_front,pokeapi_versions,204_pineco/gen7_usum_front.png
204,pineco,gen7_usum_shiny_front,pokeapi_versions,204_pineco/gen7_usum_shiny_front.png
205,forretress,official_art,official-artwork,205_forretress/official_artwork.png
205,forretress,home_art,pokemon_home,205_forretress/home_art.png
205,forretress,gen6_xy_front,pokeapi_versions,205_forretress/gen6_xy_front.png
205,forretress,gen6_xy_shiny_front,pokeapi_versions,205_forretress/gen6_xy_shiny_front.png
205,forretress,gen6_oras_front,pokeapi_versions,205_forretress/gen6_oras_front.png
205,forretress,gen6_oras_shiny_front,pokeapi_versions,205_forretress/gen6_oras_shiny_front.png
205,forretress,gen7_usum_front,pokeapi_versions,205_forretress/gen7_usum_front.png
205,forretress,gen7_usum_shiny_front,pokeapi_versions,205_forretress/gen7_usum_shiny_front.png
206,dunsparce,official_art,official-artwork,206_dunsparce/official_artwork.png
206,dunsparce,home_art,pokemon_home,206_dunsparce/home_art.png
206,dunsparce,gen6_xy_front,pokeapi_versions,206_dunsparce/gen6_xy_front.png
206,dunsparce,gen6_xy_shiny_front,pokeapi_versions,206_dunsparce/gen6_xy_shiny_front.png
206,dunsparce,gen6_oras_front,pokeapi_versions,206_dunsparce/gen6_oras_front.png
206,dunsparce,gen6_oras_shiny_front,pokeapi_versions,206_dunsparce/gen6_oras_shiny_front.png
206,dunsparce,gen7_usum_front,pokeapi_versions,206_dunsparce/gen7_usum_front.png
206,dunsparce,gen7_usum_shiny_front,pokeapi_versions,206_dunsparce/gen7_usum_shiny_front.png
207,gligar,official_art,official-artwork,207_gligar/official_artwork.png
207,gligar,home_art,pokemon_home,207_gligar/home_art.png
207,gligar,gen6_xy_front,pokeapi_versions,207_gligar/gen6_xy_front.png
207,gligar,gen6_xy_shiny_front,pokeapi_versions,207_gligar/gen6_xy_shiny_front.png
207,gligar,gen6_oras_front,pokeapi_versions,207_gligar/gen6_oras_front.png
207,gligar,gen6_oras_shiny_front,pokeapi_versions,207_gligar/gen6_oras_shiny_front.png
207,gligar,gen7_usum_front,pokeapi_versions,207_gligar/gen7_usum_front.png
207,gligar,gen7_usum_shiny_front,pokeapi_versions,207_gligar/gen7_usum_shiny_front.png
208,steelix,official_art,official-artwork,208_steelix/official_artwork.png
208,steelix,home_art,pokemon_home,208_steelix/home_art.png
208,steelix,gen6_xy_front,pokeapi_versions,208_steelix/gen6_xy_front.png
208,steelix,gen6_xy_shiny_front,pokeapi_versions,208_steelix/gen6_xy_shiny_front.png
208,steelix,gen6_oras_front,pokeapi_versions,208_steelix/gen6_oras_front.png
208,steelix,gen6_oras_shiny_front,pokeapi_versions,208_steelix/gen6_oras_shiny_front.png
208,steelix,gen7_usum_front,pokeapi_versions,208_steelix/gen7_usum_front.png
208,steelix,gen7_usum_shiny_front,pokeapi_versions,208_steelix/gen7_usum_shiny_front.png
209,snubbull,official_art,official-artwork,209_snubbull/official_artwork.png
209,snubbull,home_art,pokemon_home,209_snubbull/home_art.png
209,snubbull,gen6_xy_front,pokeapi_versions,209_snubbull/gen6_xy_front.png
209,snubbull,gen6_xy_shiny_front,pokeapi_versions,209_snubbull/gen6_xy_shiny_front.png
209,snubbull,gen6_oras_front,pokeapi_versions,209_snubbull/gen6_oras_front.png
209,snubbull,gen6_oras_shiny_front,pokeapi_versions,209_snubbull/gen6_oras_shiny_front.png
209,snubbull,gen7_usum_front,pokeapi_versions,209_snubbull/gen7_usum_front.png
209,snubbull,gen7_usum_shiny_front,pokeapi_versions,209_snubbull/gen7_usum_shiny_front.png
210,granbull,official_art,official-artwork,210_granbull/official_artwork.png
210,granbull,home_art,pokemon_home,210_granbull/home_art.png
210,granbull,gen6_xy_front,pokeapi_versions,210_granbull/gen6_xy_front.png
210,granbull,gen6_xy_shiny_front,pokeapi_versions,210_granbull/gen6_xy_shiny_front.png
210,granbull,gen6_oras_front,pokeapi_versions,210_granbull/gen6_oras_front.png
210,granbull,gen6_oras_shiny_front,pokeapi_versions,210_granbull/gen6_oras_shiny_front.png
210,granbull,gen7_usum_front,pokeapi_versions,210_granbull/gen7_usum_front.png
210,granbull,gen7_usum_shiny_front,pokeapi_versions,210_granbull/gen7_usum_shiny_front.png
211,qwilfish,official_art,official-artwork,211_qwilfish/official_artwork.png
211,qwilfish,home_art,pokemon_home,211_qwilfish/home_art.png
211,qwilfish,gen6_xy_front,pokeapi_versions,211_qwilfish/gen6_xy_front.png
211,qwilfish,gen6_xy_shiny_front,pokeapi_versions,211_qwilfish/gen6_xy_shiny_front.png
211,qwilfish,gen6_oras_front,pokeapi_versions,211_qwilfish/gen6_oras_front.png
211,qwilfish,gen6_oras_shiny_front,pokeapi_versions,211_qwilfish/gen6_oras_shiny_front.png
211,qwilfish,gen7_usum_front,pokeapi_versions,211_qwilfish/gen7_usum_front.png
211,qwilfish,gen7_usum_shiny_front,pokeapi_versions,211_qwilfish/gen7_usum_shiny_front.png
212,scizor,official_art,official-artwork,212_scizor/official_artwork.png
212,scizor,home_art,pokemon_home,212_scizor/home_art.png
212,scizor,gen6_xy_front,pokeapi_versions,212_scizor/gen6_xy_front.png
212,scizor,gen6_xy_shiny_front,pokeapi_versions,212_scizor/gen6_xy_shiny_front.png
212,scizor,gen6_oras_front,pokeapi_versions,212_scizor/gen6_oras_front.png
212,scizor,gen6_oras_shiny_front,pokeapi_versions,212_scizor/gen6_oras_shiny_front.png
212,scizor,gen7_usum_front,pokeapi_versions,212_scizor/gen7_usum_front.png
212,scizor,gen7_usum_shiny_front,pokeapi_versions,212_scizor/gen7_usum_shiny_front.png
213,shuckle,official_art,official-artwork,213_shuckle/official_artwork.png
213,shuckle,home_art,pokemon_home,213_shuckle/home_art.png
213,shuckle,gen6_xy_front,pokeapi_versions,213_shuckle/gen6_xy_front.png
213,shuckle,gen6_xy_shiny_front,pokeapi_versions,213_shuckle/gen6_xy_shiny_front.png
213,shuckle,gen6_oras_front,pokeapi_versions,213_shuckle/gen6_oras_front.png
213,shuckle,gen6_oras_shiny_front,pokeapi_versions,213_shuckle/gen6_oras_shiny_front.png
213,shuckle,gen7_usum_front,pokeapi_versions,213_shuckle/gen7_usum_front.png
213,shuckle,gen7_usum_shiny_front,pokeapi_versions,213_shuckle/gen7_usum_shiny_front.png
214,heracross,official_art,official-artwork,214_heracross/official_artwork.png
214,heracross,home_art,pokemon_home,214_heracross/home_art.png
214,heracross,gen6_xy_front,pokeapi_versions,214_heracross/gen6_xy_front.png
214,heracross,gen6_xy_shiny_front,pokeapi_versions,214_heracross/gen6_xy_shiny_front.png
214,heracross,gen6_oras_front,pokeapi_versions,214_heracross/gen6_oras_front.png
214,heracross,gen6_oras_shiny_front,pokeapi_versions,214_heracross/gen6_oras_shiny_front.png
214,heracross,gen7_usum_front,pokeapi_versions,214_heracross/gen7_usum_front.png
214,heracross,gen7_usum_shiny_front,pokeapi_versions,214_heracross/gen7_usum_shiny_front.png
215,sneasel,official_art,official-artwork,215_sneasel/official_artwork.png
215,sneasel,home_art,pokemon_home,215_sneasel/home_art.png
215,sneasel,gen6_xy_front,pokeapi_versions,215_sneasel/gen6_xy_front.png
215,sneasel,gen6_xy_shiny_front,pokeapi_versions,215_sneasel/gen6_xy_shiny_front.png
215,sneasel,gen6_oras_front,pokeapi_versions,215_sneasel/gen6_oras_front.png
215,sneasel,gen6_oras_shiny_front,pokeapi_versions,215_sneasel/gen6_oras_shiny_front.png
215,sneasel,gen7_usum_front,pokeapi_versions,215_sneasel/gen7_usum_front.png
215,sneasel,gen7_usum_shiny_front,pokeapi_versions,215_sneasel/gen7_usum_shiny_front.png
216,teddiursa,official_art,official-artwork,216_teddiursa/official_artwork.png
216,teddiursa,home_art,pokemon_home,216_teddiursa/home_art.png
216,teddiursa,gen6_xy_front,pokeapi_versions,216_teddiursa/gen6_xy_front.png
216,teddiursa,gen6_xy_shiny_front,pokeapi_versions,216_teddiursa/gen6_xy_shiny_front.png
216,teddiursa,gen6_oras_front,pokeapi_versions,216_teddiursa/gen6_oras_front.png
216,teddiursa,gen6_oras_shiny_front,pokeapi_versions,216_teddiursa/gen6_oras_shiny_front.png
216,teddiursa,gen7_usum_front,pokeapi_versions,216_teddiursa/gen7_usum_front.png
216,teddiursa,gen7_usum_shiny_front,pokeapi_versions,216_teddiursa/gen7_usum_shiny_front.png
217,ursaring,official_art,official-artwork,217_ursaring/official_artwork.png
217,ursaring,home_art,pokemon_home,217_ursaring/home_art.png
217,ursaring,gen6_xy_front,pokeapi_versions,217_ursaring/gen6_xy_front.png
217,ursaring,gen6_xy_shiny_front,pokeapi_versions,217_ursaring/gen6_xy_shiny_front.png
217,ursaring,gen6_oras_front,pokeapi_versions,217_ursaring/gen6_oras_front.png
217,ursaring,gen6_oras_shiny_front,pokeapi_versions,217_ursaring/gen6_oras_shiny_front.png
217,ursaring,gen7_usum_front,pokeapi_versions,217_ursaring/gen7_usum_front.png
217,ursaring,gen7_usum_shiny_front,pokeapi_versions,217_ursaring/gen7_usum_shiny_front.png
218,slugma,official_art,official-artwork,218_slugma/official_artwork.png
218,slugma,home_art,pokemon_home,218_slugma/home_art.png
218,slugma,gen6_xy_front,pokeapi_versions,218_slugma/gen6_xy_front.png
218,slugma,gen6_xy_shiny_front,pokeapi_versions,218_slugma/gen6_xy_shiny_front.png
218,slugma,gen6_oras_front,pokeapi_versions,218_slugma/gen6_oras_front.png
218,slugma,gen6_oras_shiny_front,pokeapi_versions,218_slugma/gen6_oras_shiny_front.png
218,slugma,gen7_usum_front,pokeapi_versions,218_slugma/gen7_usum_front.png
218,slugma,gen7_usum_shiny_front,pokeapi_versions,218_slugma/gen7_usum_shiny_front.png
219,magcargo,official_art,official-artwork,219_magcargo/official_artwork.png
219,magcargo,home_art,pokemon_home,219_magcargo/home_art.png
219,magcargo,gen6_xy_front,pokeapi_versions,219_magcargo/gen6_xy_front.png
219,magcargo,gen6_xy_shiny_front,pokeapi_versions,219_magcargo/gen6_xy_shiny_front.png
219,magcargo,gen6_oras_front,pokeapi_versions,219_magcargo/gen6_oras_front.png
219,magcargo,gen6_oras_shiny_front,pokeapi_versions,219_magcargo/gen6_oras_shiny_front.png
219,magcargo,gen7_usum_front,pokeapi_versions,219_magcargo/gen7_usum_front.png
219,magcargo,gen7_usum_shiny_front,pokeapi_versions,219_magcargo/gen7_usum_shiny_front.png
220,swinub,official_art,official-artwork,220_swinub/official_artwork.png
220,swinub,home_art,pokemon_home,220_swinub/home_art.png
220,swinub,gen6_xy_front,pokeapi_versions,220_swinub/gen6_xy_front.png
220,swinub,gen6_xy_shiny_front,pokeapi_versions,220_swinub/gen6_xy_shiny_front.png
220,swinub,gen6_oras_front,pokeapi_versions,220_swinub/gen6_oras_front.png
220,swinub,gen6_oras_shiny_front,pokeapi_versions,220_swinub/gen6_oras_shiny_front.png
220,swinub,gen7_usum_front,pokeapi_versions,220_swinub/gen7_usum_front.png
220,swinub,gen7_usum_shiny_front,pokeapi_versions,220_swinub/gen7_usum_shiny_front.png
221,piloswine,official_art,official-artwork,221_piloswine/official_artwork.png
221,piloswine,home_art,pokemon_home,221_piloswine/home_art.png
221,piloswine,gen6_xy_front,pokeapi_versions,221_piloswine/gen6_xy_front.png
221,piloswine,gen6_xy_shiny_front,pokeapi_versions,221_piloswine/gen6_xy_shiny_front.png
221,piloswine,gen6_oras_front,pokeapi_versions,221_piloswine/gen6_oras_front.png
221,piloswine,gen6_oras_shiny_front,pokeapi_versions,221_piloswine/gen6_oras_shiny_front.png
221,piloswine,gen7_usum_front,pokeapi_versions,221_piloswine/gen7_usum_front.png
221,piloswine,gen7_usum_shiny_front,pokeapi_versions,221_piloswine/gen7_usum_shiny_front.png
222,corsola,official_art,official-artwork,222_corsola/official_artwork.png
222,corsola,home_art,pokemon_home,222_corsola/home_art.png
222,corsola,gen6_xy_front,pokeapi_versions,222_corsola/gen6_xy_front.png
222,corsola,gen6_xy_shiny_front,pokeapi_versions,222_corsola/gen6_xy_shiny_front.png
222,corsola,gen6_oras_front,pokeapi_versions,222_corsola/gen6_oras_front.png
222,corsola,gen6_oras_shiny_front,pokeapi_versions,222_corsola/gen6_oras_shiny_front.png
222,corsola,gen7_usum_front,pokeapi_versions,222_corsola/gen7_usum_front.png
222,corsola,gen7_usum_shiny_front,pokeapi_versions,222_corsola/gen7_usum_shiny_front.png
223,remoraid,official_art,official-artwork,223_remoraid/official_artwork.png
223,remoraid,home_art,pokemon_home,223_remoraid/home_art.png
223,remoraid,gen6_xy_front,pokeapi_versions,223_remoraid/gen6_xy_front.png
223,remoraid,gen6_xy_shiny_front,pokeapi_versions,223_remoraid/gen6_xy_shiny_front.png
223,remoraid,gen6_oras_front,pokeapi_versions,223_remoraid/gen6_oras_front.png
223,remoraid,gen6_oras_shiny_front,pokeapi_versions,223_remoraid/gen6_oras_shiny_front.png
223,remoraid,gen7_usum_front,pokeapi_versions,223_remoraid/gen7_usum_front.png
223,remoraid,gen7_usum_shiny_front,pokeapi_versions,223_remoraid/gen7_usum_shiny_front.png
224,octillery,official_art,official-artwork,224_octillery/official_artwork.png
224,octillery,home_art,pokemon_home,224_octillery/home_art.png
224,octillery,gen6_xy_front,pokeapi_versions,224_octillery/gen6_xy_front.png
224,octillery,gen6_xy_shiny_front,pokeapi_versions,224_octillery/gen6_xy_shiny_front.png
224,octillery,gen6_oras_front,pokeapi_versions,224_octillery/gen6_oras_front.png
224,octillery,gen6_oras_shiny_front,pokeapi_versions,224_octillery/gen6_oras_shiny_front.png
224,octillery,gen7_usum_front,pokeapi_versions,224_octillery/gen7_usum_front.png
224,octillery,gen7_usum_shiny_front,pokeapi_versions,224_octillery/gen7_usum_shiny_front.png
225,delibird,official_art,official-artwork,225_delibird/official_artwork.png
225,delibird,home_art,pokemon_home,225_delibird/home_art.png
225,delibird,gen6_xy_front,pokeapi_versions,225_delibird/gen6_xy_front.png
225,delibird,gen6_xy_shiny_front,pokeapi_versions,225_delibird/gen6_xy_shiny_front.png
225,delibird,gen6_oras_front,pokeapi_versions,225_delibird/gen6_oras_front.png
225,delibird,gen6_oras_shiny_front,pokeapi_versions,225_delibird/gen6_oras_shiny_front.png
225,delibird,gen7_usum_front,pokeapi_versions,225_delibird/gen7_usum_front.png
225,delibird,gen7_usum_shiny_front,pokeapi_versions,225_delibird/gen7_usum_shiny_front.png
226,mantine,official_art,official-artwork,226_mantine/official_artwork.png
226,mantine,home_art,pokemon_home,226_mantine/home_art.png
226,mantine,gen6_xy_front,pokeapi_versions,226_mantine/gen6_xy_front.png
226,mantine,gen6_xy_shiny_front,pokeapi_versions,226_mantine/gen6_xy_shiny_front.png
226,mantine,gen6_oras_front,pokeapi_versions,226_mantine/gen6_oras_front.png
226,mantine,gen6_oras_shiny_front,pokeapi_versions,226_mantine/gen6_oras_shiny_front.png
226,mantine,gen7_usum_front,pokeapi_versions,226_mantine/gen7_usum_front.png
226,mantine,gen7_usum_shiny_front,pokeapi_versions,226_mantine/gen7_usum_shiny_front.png
227,skarmory,official_art,official-artwork,227_skarmory/official_artwork.png
227,skarmory,home_art,pokemon_home,227_skarmory/home_art.png
227,skarmory,gen6_xy_front,pokeapi_versions,227_skarmory/gen6_xy_front.png
227,skarmory,gen6_xy_shiny_front,pokeapi_versions,227_skarmory/gen6_xy_shiny_front.png
227,skarmory,gen6_oras_front,pokeapi_versions,227_skarmory/gen6_oras_front.png
227,skarmory,gen6_oras_shiny_front,pokeapi_versions,227_skarmory/gen6_oras_shiny_front.png
227,skarmory,gen7_usum_front,pokeapi_versions,227_skarmory/gen7_usum_front.png
227,skarmory,gen7_usum_shiny_front,pokeapi_versions,227_skarmory/gen7_usum_shiny_front.png
228,houndour,official_art,official-artwork,228_houndour/official_artwork.png
228,houndour,home_art,pokemon_home,228_houndour/home_art.png
228,houndour,gen6_xy_front,pokeapi_versions,228_houndour/gen6_xy_front.png
228,houndour,gen6_xy_shiny_front,pokeapi_versions,228_houndour/gen6_xy_shiny_front.png
228,houndour,gen6_oras_front,pokeapi_versions,228_houndour/gen6_oras_front.png
228,houndour,gen6_oras_shiny_front,pokeapi_versions,228_houndour/gen6_oras_shiny_front.png
228,houndour,gen7_usum_front,pokeapi_versions,228_houndour/gen7_usum_front.png
228,houndour,gen7_usum_shiny_front,pokeapi_versions,228_houndour/gen7_usum_shiny_front.png
229,houndoom,official_art,official-artwork,229_houndoom/official_artwork.png
229,houndoom,home_art,pokemon_home,229_houndoom/home_art.png
229,houndoom,gen6_xy_front,pokeapi_versions,229_houndoom/gen6_xy_front.png
229,houndoom,gen6_xy_shiny_front,pokeapi_versions,229_houndoom/gen6_xy_shiny_front.png
229,houndoom,gen6_oras_front,pokeapi_versions,229_houndoom/gen6_oras_front.png
229,houndoom,gen6_oras_shiny_front,pokeapi_versions,229_houndoom/gen6_oras_shiny_front.png
229,houndoom,gen7_usum_front,pokeapi_versions,229_houndoom/gen7_usum_front.png
229,houndoom,gen7_usum_shiny_front,pokeapi_versions,229_houndoom/gen7_usum_shiny_front.png
230,kingdra,official_art,official-artwork,230_kingdra/official_artwork.png
230,kingdra,home_art,pokemon_home,230_kingdra/home_art.png
230,kingdra,gen6_xy_front,pokeapi_versions,230_kingdra/gen6_xy_front.png
230,kingdra,gen6_xy_shiny_front,pokeapi_versions,230_kingdra/gen6_xy_shiny_front.png
230,kingdra,gen6_oras_front,pokeapi_versions,230_kingdra/gen6_oras_front.png
230,kingdra,gen6_oras_shiny_front,pokeapi_versions,230_kingdra/gen6_oras_shiny_front.png
230,kingdra,gen7_usum_front,pokeapi_versions,230_kingdra/gen7_usum_front.png
230,kingdra,gen7_usum_shiny_front,pokeapi_versions,230_kingdra/gen7_usum_shiny_front.png
231,phanpy,official_art,official-artwork,231_phanpy/official_artwork.png
231,phanpy,home_art,pokemon_home,231_phanpy/home_art.png
231,phanpy,gen6_xy_front,pokeapi_versions,231_phanpy/gen6_xy_front.png
231,phanpy,gen6_xy_shiny_front,pokeapi_versions,231_phanpy/gen6_xy_shiny_front.png
231,phanpy,gen6_oras_front,pokeapi_versions,231_phanpy/gen6_oras_front.png
231,phanpy,gen6_oras_shiny_front,pokeapi_versions,231_phanpy/gen6_oras_shiny_front.png
231,phanpy,gen7_usum_front,pokeapi_versions,231_phanpy/gen7_usum_front.png
231,phanpy,gen7_usum_shiny_front,pokeapi_versions,231_phanpy/gen7_usum_shiny_front.png
232,donphan,official_art,official-artwork,232_donphan/official_artwork.png
232,donphan,home_art,pokemon_home,232_donphan/home_art.png
232,donphan,gen6_xy_front,pokeapi_versions,232_donphan/gen6_xy_front.png
232,donphan,gen6_xy_shiny_front,pokeapi_versions,232_donphan/gen6_xy_shiny_front.png
232,donphan,gen6_oras_front,pokeapi_versions,232_donphan/gen6_oras_front.png
232,donphan,gen6_oras_shiny_front,pokeapi_versions,232_donphan/gen6_oras_shiny_front.png
232,donphan,gen7_usum_front,pokeapi_versions,232_donphan/gen7_usum_front.png
232,donphan,gen7_usum_shiny_front,pokeapi_versions,232_donphan/gen7_usum_shiny_front.png
233,porygon2,official_art,official-artwork,233_porygon2/official_artwork.png
233,porygon2,home_art,pokemon_home,233_porygon2/home_art.png
233,porygon2,gen6_xy_front,pokeapi_versions,233_porygon2/gen6_xy_front.png
233,porygon2,gen6_xy_shiny_front,pokeapi_versions,233_porygon2/gen6_xy_shiny_front.png
233,porygon2,gen6_oras_front,pokeapi_versions,233_porygon2/gen6_oras_front.png
233,porygon2,gen6_oras_shiny_front,pokeapi_versions,233_porygon2/gen6_oras_shiny_front.png
233,porygon2,gen7_usum_front,pokeapi_versions,233_porygon2/gen7_usum_front.png
233,porygon2,gen7_usum_shiny_front,pokeapi_versions,233_porygon2/gen7_usum_shiny_front.png
234,stantler,official_art,official-artwork,234_stantler/official_artwork.png
234,stantler,home_art,pokemon_home,234_stantler/home_art.png
234,stantler,gen6_xy_front,pokeapi_versions,234_stantler/gen6_xy_front.png
234,stantler,gen6_xy_shiny_front,pokeapi_versions,234_stantler/gen6_xy_shiny_front.png
234,stantler,gen6_oras_front,pokeapi_versions,234_stantler/gen6_oras_front.png
234,stantler,gen6_oras_shiny_front,pokeapi_versions,234_stantler/gen6_oras_shiny_front.png
234,stantler,gen7_usum_front,pokeapi_versions,234_stantler/gen7_usum_front.png
234,stantler,gen7_usum_shiny_front,pokeapi_versions,234_stantler/gen7_usum_shiny_front.png
235,smeargle,official_art,official-artwork,235_smeargle/official_artwork.png
235,smeargle,home_art,pokemon_home,235_smeargle/home_art.png
235,smeargle,gen6_xy_front,pokeapi_versions,235_smeargle/gen6_xy_front.png
235,smeargle,gen6_xy_shiny_front,pokeapi_versions,235_smeargle/gen6_xy_shiny_front.png
235,smeargle,gen6_oras_front,pokeapi_versions,235_smeargle/gen6_oras_front.png
235,smeargle,gen6_oras_shiny_front,pokeapi_versions,235_smeargle/gen6_oras_shiny_front.png
235,smeargle,gen7_usum_front,pokeapi_versions,235_smeargle/gen7_usum_front.png
235,smeargle,gen7_usum_shiny_front,pokeapi_versions,235_smeargle/gen7_usum_shiny_front.png
236,tyrogue,official_art,official-artwork,236_tyrogue/official_artwork.png
236,tyrogue,home_art,pokemon_home,236_tyrogue/home_art.png
236,tyrogue,gen6_xy_front,pokeapi_versions,236_tyrogue/gen6_xy_front.png
236,tyrogue,gen6_xy_shiny_front,pokeapi_versions,236_tyrogue/gen6_xy_shiny_front.png
236,tyrogue,gen6_oras_front,pokeapi_versions,236_tyrogue/gen6_oras_front.png
236,tyrogue,gen6_oras_shiny_front,pokeapi_versions,236_tyrogue/gen6_oras_shiny_front.png
236,tyrogue,gen7_usum_front,pokeapi_versions,236_tyrogue/gen7_usum_front.png
236,tyrogue,gen7_usum_shiny_front,pokeapi_versions,236_tyrogue/gen7_usum_shiny_front.png
237,hitmontop,official_art,official-artwork,237_hitmontop/official_artwork.png
237,hitmontop,home_art,pokemon_home,237_hitmontop/home_art.png
237,hitmontop,gen6_xy_front,pokeapi_versions,237_hitmontop/gen6_xy_front.png
237,hitmontop,gen6_xy_shiny_front,pokeapi_versions,237_hitmontop/gen6_xy_shiny_front.png
237,hitmontop,gen6_oras_front,pokeapi_versions,237_hitmontop/gen6_oras_front.png
237,hitmontop,gen6_oras_shiny_front,pokeapi_versions,237_hitmontop/gen6_oras_shiny_front.png
237,hitmontop,gen7_usum_front,pokeapi_versions,237_hitmontop/gen7_usum_front.png
237,hitmontop,gen7_usum_shiny_front,pokeapi_versions,237_hitmontop/gen7_usum_shiny_front.png
238,smoochum,official_art,official-artwork,238_smoochum/official_artwork.png
238,smoochum,home_art,pokemon_home,238_smoochum/home_art.png
238,smoochum,gen6_xy_front,pokeapi_versions,238_smoochum/gen6_xy_front.png
238,smoochum,gen6_xy_shiny_front,pokeapi_versions,238_smoochum/gen6_xy_shiny_front.png
238,smoochum,gen6_oras_front,pokeapi_versions,238_smoochum/gen6_oras_front.png
238,smoochum,gen6_oras_shiny_front,pokeapi_versions,238_smoochum/gen6_oras_shiny_front.png
238,smoochum,gen7_usum_front,pokeapi_versions,238_smoochum/gen7_usum_front.png
238,smoochum,gen7_usum_shiny_front,pokeapi_versions,238_smoochum/gen7_usum_shiny_front.png
239,elekid,official_art,official-artwork,239_elekid/official_artwork.png
239,elekid,home_art,pokemon_home,239_elekid/home_art.png
239,elekid,gen6_xy_front,pokeapi_versions,239_elekid/gen6_xy_front.png
239,elekid,gen6_xy_shiny_front,pokeapi_versions,239_elekid/gen6_xy_shiny_front.png
239,elekid,gen6_oras_front,pokeapi_versions,239_elekid/gen6_oras_front.png
239,elekid,gen6_oras_shiny_front,pokeapi_versions,239_elekid/gen6_oras_shiny_front.png
239,elekid,gen7_usum_front,pokeapi_versions,239_elekid/gen7_usum_front.png
239,elekid,gen7_usum_shiny_front,pokeapi_versions,239_elekid/gen7_usum_shiny_front.png
240,magby,official_art,official-artwork,240_magby/official_artwork.png
240,magby,home_art,pokemon_home,240_magby/home_art.png
240,magby,gen6_xy_front,pokeapi_versions,240_magby/gen6_xy_front.png
240,magby,gen6_xy_shiny_front,pokeapi_versions,240_magby/gen6_xy_shiny_front.png
240,magby,gen6_oras_front,pokeapi_versions,240_magby/gen6_oras_front.png
240,magby,gen6_oras_shiny_front,pokeapi_versions,240_magby/gen6_oras_shiny_front.png
240,magby,gen7_usum_front,pokeapi_versions,240_magby/gen7_usum_front.png
240,magby,gen7_usum_shiny_front,pokeapi_versions,240_magby/gen7_usum_shiny_front.png
241,miltank,official_art,official-artwork,241_miltank/official_artwork.png
241,miltank,home_art,pokemon_home,241_miltank/home_art.png
241,miltank,gen6_xy_front,pokeapi_versions,241_miltank/gen6_xy_front.png
241,miltank,gen6_xy_shiny_front,pokeapi_versions,241_miltank/gen6_xy_shiny_front.png
241,miltank,gen6_oras_front,pokeapi_versions,241_miltank/gen6_oras_front.png
241,miltank,gen6_oras_shiny_front,pokeapi_versions,241_miltank/gen6_oras_shiny_front.png
241,miltank,gen7_usum_front,pokeapi_versions,241_miltank/gen7_usum_front.png
241,miltank,gen7_usum_shiny_front,pokeapi_versions,241_miltank/gen7_usum_shiny_front.png
242,blissey,official_art,official-artwork,242_blissey/official_artwork.png
242,blissey,home_art,pokemon_home,242_blissey/home_art.png
242,blissey,gen6_xy_front,pokeapi_versions,242_blissey/gen6_xy_front.png
242,blissey,gen6_xy_shiny_front,pokeapi_versions,242_blissey/gen6_xy_shiny_front.png
242,blissey,gen6_oras_front,pokeapi_versions,242_blissey/gen6_oras_front.png
242,blissey,gen6_oras_shiny_front,pokeapi_versions,242_blissey/gen6_oras_shiny_front.png
242,blissey,gen7_usum_front,pokeapi_versions,242_blissey/gen7_usum_front.png
242,blissey,gen7_usum_shiny_front,pokeapi_versions,242_blissey/gen7_usum_shiny_front.png
243,raikou,official_art,official-artwork,243_raikou/official_artwork.png
243,raikou,home_art,pokemon_home,243_raikou/home_art.png
243,raikou,gen6_xy_front,pokeapi_versions,243_raikou/gen6_xy_front.png
243,raikou,gen6_xy_shiny_front,pokeapi_versions,243_raikou/gen6_xy_shiny_front.png
243,raikou,gen6_oras_front,pokeapi_versions,243_raikou/gen6_oras_front.png
243,raikou,gen6_oras_shiny_front,pokeapi_versions,243_raikou/gen6_oras_shiny_front.png
243,raikou,gen7_usum_front,pokeapi_versions,243_raikou/gen7_usum_front.png
243,raikou,gen7_usum_shiny_front,pokeapi_versions,243_raikou/gen7_usum_shiny_front.png
244,entei,official_art,official-artwork,244_entei/official_artwork.png
244,entei,home_art,pokemon_home,244_entei/home_art.png
244,entei,gen6_xy_front,pokeapi_versions,244_entei/gen6_xy_front.png
244,entei,gen6_xy_shiny_front,pokeapi_versions,244_entei/gen6_xy_shiny_front.png
244,entei,gen6_oras_front,pokeapi_versions,244_entei/gen6_oras_front.png
244,entei,gen6_oras_shiny_front,pokeapi_versions,244_entei/gen6_oras_shiny_front.png
244,entei,gen7_usum_front,pokeapi_versions,244_entei/gen7_usum_front.png
244,entei,gen7_usum_shiny_front,pokeapi_versions,244_entei/gen7_usum_shiny_front.png
245,suicune,official_art,official-artwork,245_suicune/official_artwork.png
245,suicune,home_art,pokemon_home,245_suicune/home_art.png
245,suicune,gen6_xy_front,pokeapi_versions,245_suicune/gen6_xy_front.png
245,suicune,gen6_xy_shiny_front,pokeapi_versions,245_suicune/gen6_xy_shiny_front.png
245,suicune,gen6_oras_front,pokeapi_versions,245_suicune/gen6_oras_front.png
245,suicune,gen6_oras_shiny_front,pokeapi_versions,245_suicune/gen6_oras_shiny_front.png
245,suicune,gen7_usum_front,pokeapi_versions,245_suicune/gen7_usum_front.png
245,suicune,gen7_usum_shiny_front,pokeapi_versions,245_suicune/gen7_usum_shiny_front.png
246,larvitar,official_art,official-artwork,246_larvitar/official_artwork.png
246,larvitar,home_art,pokemon_home,246_larvitar/home_art.png
246,larvitar,gen6_xy_front,pokeapi_versions,246_larvitar/gen6_xy_front.png
246,larvitar,gen6_xy_shiny_front,pokeapi_versions,246_larvitar/gen6_xy_shiny_front.png
246,larvitar,gen6_oras_front,pokeapi_versions,246_larvitar/gen6_oras_front.png
246,larvitar,gen6_oras_shiny_front,pokeapi_versions,246_larvitar/gen6_oras_shiny_front.png
246,larvitar,gen7_usum_front,pokeapi_versions,246_larvitar/gen7_usum_front.png
246,larvitar,gen7_usum_shiny_front,pokeapi_versions,246_larvitar/gen7_usum_shiny_front.png
247,pupitar,official_art,official-artwork,247_pupitar/official_artwork.png
247,pupitar,home_art,pokemon_home,247_pupitar/home_art.png
247,pupitar,gen6_xy_front,pokeapi_versions,247_pupitar/gen6_xy_front.png
247,pupitar,gen6_xy_shiny_front,pokeapi_versions,247_pupitar/gen6_xy_shiny_front.png
247,pupitar,gen6_oras_front,pokeapi_versions,247_pupitar/gen6_oras_front.png
247,pupitar,gen6_oras_shiny_front,pokeapi_versions,247_pupitar/gen6_oras_shiny_front.png
247,pupitar,gen7_usum_front,pokeapi_versions,247_pupitar/gen7_usum_front.png
247,pupitar,gen7_usum_shiny_front,pokeapi_versions,247_pupitar/gen7_usum_shiny_front.png
248,tyranitar,official_art,official-artwork,248_tyranitar/official_artwork.png
248,tyranitar,home_art,pokemon_home,248_tyranitar/home_art.png
248,tyranitar,gen6_xy_front,pokeapi_versions,248_tyranitar/gen6_xy_front.png
248,tyranitar,gen6_xy_shiny_front,pokeapi_versions,248_tyranitar/gen6_xy_shiny_front.png
248,tyranitar,gen6_oras_front,pokeapi_versions,248_tyranitar/gen6_oras_front.png
248,tyranitar,gen6_oras_shiny_front,pokeapi_versions,248_tyranitar/gen6_oras_shiny_front.png
248,tyranitar,gen7_usum_front,pokeapi_versions,248_tyranitar/gen7_usum_front.png
248,tyranitar,gen7_usum_shiny_front,pokeapi_versions,248_tyranitar/gen7_usum_shiny_front.png
249,lugia,official_art,official-artwork,249_lugia/official_artwork.png
249,lugia,home_art,pokemon_home,249_lugia/home_art.png
249,lugia,gen6_xy_front,pokeapi_versions,249_lugia/gen6_xy_front.png
249,lugia,gen6_xy_shiny_front,pokeapi_versions,249_lugia/gen6_xy_shiny_front.png
249,lugia,gen6_oras_front,pokeapi_versions,249_lugia/gen6_oras_front.png
249,lugia,gen6_oras_shiny_front,pokeapi_versions,249_lugia/gen6_oras_shiny_front.png
249,lugia,gen7_usum_front,pokeapi_versions,249_lugia/gen7_usum_front.png
249,lugia,gen7_usum_shiny_front,pokeapi_versions,249_lugia/gen7_usum_shiny_front.png
250,ho-oh,official_art,official-artwork,250_ho-oh/official_artwork.png
250,ho-oh,home_art,pokemon_home,250_ho-oh/home_art.png
250,ho-oh,gen6_xy_front,pokeapi_versions,250_ho-oh/gen6_xy_front.png
250,ho-oh,gen6_xy_shiny_front,pokeapi_versions,250_ho-oh/gen6_xy_shiny_front.png
250,ho-oh,gen6_oras_front,pokeapi_versions,250_ho-oh/gen6_oras_front.png
250,ho-oh,gen6_oras_shiny_front,pokeapi_versions,250_ho-oh/gen6_oras_shiny_front.png
250,ho-oh,gen7_usum_front,pokeapi_versions,250_ho-oh/gen7_usum_front.png
250,ho-oh,gen7_usum_shiny_front,pokeapi_versions,250_ho-oh/gen7_usum_shiny_front.png
251,celebi,official_art,official-artwork,251_celebi/official_artwork.png
251,celebi,home_art,pokemon_home,251_celebi/home_art.png
251,celebi,gen6_xy_front,pokeapi_versions,251_celebi/gen6_xy_front.png
251,celebi,gen6_xy_shiny_front,pokeapi_versions,251_celebi/gen6_xy_shiny_front.png
251,celebi,gen6_oras_front,pokeapi_versions,251_celebi/gen6_oras_front.png
251,celebi,gen6_oras_shiny_front,pokeapi_versions,251_celebi/gen6_oras_shiny_front.png
251,celebi,gen7_usum_front,pokeapi_versions,251_celebi/gen7_usum_front.png
251,celebi,gen7_usum_shiny_front,pokeapi_versions,251_celebi/gen7_usum_shiny_front.png
152,chikorita,global_link,pokemondb_artwork,152_chikorita/artwork_global_link.png
152,chikorita,sugimori_highres,hybridshivam_github,152_chikorita/artwork_highres.png
153,bayleef,global_link,pokemondb_artwork,153_bayleef/artwork_global_link.png
153,bayleef,sugimori_highres,hybridshivam_github,153_bayleef/artwork_highres.png
154,meganium,global_link,pokemondb_artwork,154_meganium/artwork_global_link.png
154,meganium,sugimori_highres,hybridshivam_github,154_meganium/artwork_highres.png
155,cyndaquil,global_link,pokemondb_artwork,155_cyndaquil/artwork_global_link.png
155,cyndaquil,sugimori_highres,hybridshivam_github,155_cyndaquil/artwork_highres.png
156,quilava,global_link,pokemondb_artwork,156_quilava/artwork_global_link.png
156,quilava,sugimori_highres,hybridshivam_github,156_quilava/artwork_highres.png
157,typhlosion,global_link,pokemondb_artwork,157_typhlosion/artwork_global_link.png
157,typhlosion,sugimori_highres,hybridshivam_github,157_typhlosion/artwork_highres.png
158,totodile,global_link,pokemondb_artwork,158_totodile/artwork_global_link.png
158,totodile,sugimori_highres,hybridshivam_github,158_totodile/artwork_highres.png
159,croconaw,global_link,pokemondb_artwork,159_croconaw/artwork_global_link.png
159,croconaw,sugimori_highres,hybridshivam_github,159_croconaw/artwork_highres.png
160,feraligatr,global_link,pokemondb_artwork,160_feraligatr/artwork_global_link.png
160,feraligatr,sugimori_highres,hybridshivam_github,160_feraligatr/artwork_highres.png
161,sentret,global_link,pokemondb_artwork,161_sentret/artwork_global_link.png
161,sentret,sugimori_highres,hybridshivam_github,161_sentret/artwork_highres.png
162,furret,global_link,pokemondb_artwork,162_furret/artwork_global_link.png
162,furret,sugimori_highres,hybridshivam_github,162_furret/artwork_highres.png
163,hoothoot,global_link,pokemondb_artwork,163_hoothoot/artwork_global_link.png
163,hoothoot,sugimori_highres,hybridshivam_github,163_hoothoot/artwork_highres.png
164,noctowl,global_link,pokemondb_artwork,164_noctowl/artwork_global_link.png
164,noctowl,sugimori_highres,hybridshivam_github,164_noctowl/artwork_highres.png
165,ledyba,global_link,pokemondb_artwork,165_ledyba/artwork_global_link.png
165,ledyba,sugimori_highres,hybridshivam_github,165_ledyba/artwork_highres.png
166,ledian,global_link,pokemondb_artwork,166_ledian/artwork_global_link.png
166,ledian,sugimori_highres,hybridshivam_github,166_ledian/artwork_highres.png
167,spinarak,global_link,pokemondb_artwork,167_spinarak/artwork_global_link.png
167,spinarak,sugimori_highres,hybridshivam_github,167_spinarak/artwork_highres.png
168,ariados,global_link,pokemondb_artwork,168_ariados/artwork_global_link.png
168,ariados,sugimori_highres,hybridshivam_github,168_ariados/artwork_highres.png
169,crobat,global_link,pokemondb_artwork,169_crobat/artwork_global_link.png
169,crobat,sugimori_highres,hybridshivam_github,169_crobat/artwork_highres.png
170,chinchou,global_link,pokemondb_artwork,170_chinchou/artwork_global_link.png
170,chinchou,sugimori_highres,hybridshivam_github,170_chinchou/artwork_highres.png
171,lanturn,global_link,pokemondb_artwork,171_lanturn/artwork_global_link.png
171,lanturn,sugimori_highres,hybridshivam_github,171_lanturn/artwork_highres.png
172,pichu,global_link,pokemondb_artwork,172_pichu/artwork_global_link.png
172,pichu,sugimori_highres,hybridshivam_github,172_pichu/artwork_highres.png
173,cleffa,global_link,pokemondb_artwork,173_cleffa/artwork_global_link.png
173,cleffa,sugimori_highres,hybridshivam_github,173_cleffa/artwork_highres.png
174,igglybuff,global_link,pokemondb_artwork,174_igglybuff/artwork_global_link.png
174,igglybuff,sugimori_highres,hybridshivam_github,174_igglybuff/artwork_highres.png
175,togepi,global_link,pokemondb_artwork,175_togepi/artwork_global_link.png
175,togepi,sugimori_highres,hybridshivam_github,175_togepi/artwork_highres.png
176,togetic,global_link,pokemondb_artwork,176_togetic/artwork_global_link.png
176,togetic,sugimori_highres,hybridshivam_github,176_togetic/artwork_highres.png
177,natu,global_link,pokemondb_artwork,177_natu/artwork_global_link.png
177,natu,sugimori_highres,hybridshivam_github,177_natu/artwork_highres.png
178,xatu,global_link,pokemondb_artwork,178_xatu/artwork_global_link.png
178,xatu,sugimori_highres,hybridshivam_github,178_xatu/artwork_highres.png
179,mareep,global_link,pokemondb_artwork,179_mareep/artwork_global_link.png
179,mareep,sugimori_highres,hybridshivam_github,179_mareep/artwork_highres.png
180,flaaffy,global_link,pokemondb_artwork,180_flaaffy/artwork_global_link.png
180,flaaffy,sugimori_highres,hybridshivam_github,180_flaaffy/artwork_highres.png
181,ampharos,global_link,pokemondb_artwork,181_ampharos/artwork_global_link.png
181,ampharos,sugimori_highres,hybridshivam_github,181_ampharos/artwork_highres.png
182,bellossom,global_link,pokemondb_artwork,182_bellossom/artwork_global_link.png
182,bellossom,sugimori_highres,hybridshivam_github,182_bellossom/artwork_highres.png
183,marill,global_link,pokemondb_artwork,183_marill/artwork_global_link.png
183,marill,sugimori_highres,hybridshivam_github,183_marill/artwork_highres.png
184,azumarill,global_link,pokemondb_artwork,184_azumarill/artwork_global_link.png
184,azumarill,sugimori_highres,hybridshivam_github,184_azumarill/artwork_highres.png
185,sudowoodo,global_link,pokemondb_artwork,185_sudowoodo/artwork_global_link.png
185,sudowoodo,sugimori_highres,hybridshivam_github,185_sudowoodo/artwork_highres.png
186,politoed,global_link,pokemondb_artwork,186_politoed/artwork_global_link.png
186,politoed,sugimori_highres,hybridshivam_github,186_politoed/artwork_highres.png
187,hoppip,global_link,pokemondb_artwork,187_hoppip/artwork_global_link.png
187,hoppip,sugimori_highres,hybridshivam_github,187_hoppip/artwork_highres.png
188,skiploom,global_link,pokemondb_artwork,188_skiploom/artwork_global_link.png
188,skiploom,sugimori_highres,hybridshivam_github,188_skiploom/artwork_highres.png
189,jumpluff,global_link,pokemondb_artwork,189_jumpluff/artwork_global_link.png
189,jumpluff,sugimori_highres,hybridshivam_github,189_jumpluff/artwork_highres.png
190,aipom,global_link,pokemondb_artwork,190_aipom/artwork_global_link.png
190,aipom,sugimori_highres,hybridshivam_github,190_aipom/artwork_highres.png
191,sunkern,global_link,pokemondb_artwork,191_sunkern/artwork_global_link.png
191,sunkern,sugimori_highres,hybridshivam_github,191_sunkern/artwork_highres.png
192,sunflora,global_link,pokemondb_artwork,192_sunflora/artwork_global_link.png
192,sunflora,sugimori_highres,hybridshivam_github,192_sunflora/artwork_highres.png
193,yanma,global_link,pokemondb_artwork,193_yanma/artwork_global_link.png
193,yanma,sugimori_highres,hybridshivam_github,193_yanma/artwork_highres.png
194,wooper,global_link,pokemondb_artwork,194_wooper/artwork_global_link.png
194,wooper,sugimori_highres,hybridshivam_github,194_wooper/artwork_highres.png
195,quagsire,global_link,pokemondb_artwork,195_quagsire/artwork_global_link.png
195,quagsire,sugimori_highres,hybridshivam_github,195_quagsire/artwork_highres.png
196,espeon,global_link,pokemondb_artwork,196_espeon/artwork_global_link.png
196,espeon,sugimori_highres,hybridshivam_github,196_espeon/artwork_highres.png
197,umbreon,global_link,pokemondb_artwork,197_umbreon/artwork_global_link.png
197,umbreon,sugimori_highres,hybridshivam_github,197_umbreon/artwork_highres.png
198,murkrow,global_link,pokemondb_artwork,198_murkrow/artwork_global_link.png
198,murkrow,sugimori_highres,hybridshivam_github,198_murkrow/artwork_highres.png
199,slowking,global_link,pokemondb_artwork,199_slowking/artwork_global_link.png
199,slowking,sugimori_highres,hybridshivam_github,199_slowking/artwork_highres.png
200,misdreavus,global_link,pokemondb_artwork,200_misdreavus/artwork_global_link.png
200,misdreavus,sugimori_highres,hybridshivam_github,200_misdreavus/artwork_highres.png
201,unown,global_link,pokemondb_artwork,201_unown/artwork_global_link.png
201,unown,sugimori_highres,hybridshivam_github,201_unown/artwork_highres.png
202,wobbuffet,global_link,pokemondb_artwork,202_wobbuffet/artwork_global_link.png
202,wobbuffet,sugimori_highres,hybridshivam_github,202_wobbuffet/artwork_highres.png
203,girafarig,global_link,pokemondb_artwork,203_girafarig/artwork_global_link.png
203,girafarig,sugimori_highres,hybridshivam_github,203_girafarig/artwork_highres.png
204,pineco,global_link,pokemondb_artwork,204_pineco/artwork_global_link.png
204,pineco,sugimori_highres,hybridshivam_github,204_pineco/artwork_highres.png
205,forretress,global_link,pokemondb_artwork,205_forretress/artwork_global_link.png
205,forretress,sugimori_highres,hybridshivam_github,205_forretress/artwork_highres.png
206,dunsparce,global_link,pokemondb_artwork,206_dunsparce/artwork_global_link.png
206,dunsparce,sugimori_highres,hybridshivam_github,206_dunsparce/artwork_highres.png
207,gligar,global_link,pokemondb_artwork,207_gligar/artwork_global_link.png
207,gligar,sugimori_highres,hybridshivam_github,207_gligar/artwork_highres.png
208,steelix,global_link,pokemondb_artwork,208_steelix/artwork_global_link.png
208,steelix,sugimori_highres,hybridshivam_github,208_steelix/artwork_highres.png
209,snubbull,global_link,pokemondb_artwork,209_snubbull/artwork_global_link.png
209,snubbull,sugimori_highres,hybridshivam_github,209_snubbull/artwork_highres.png
210,granbull,global_link,pokemondb_artwork,210_granbull/artwork_global_link.png
210,granbull,sugimori_highres,hybridshivam_github,210_granbull/artwork_highres.png
211,qwilfish,global_link,pokemondb_artwork,211_qwilfish/artwork_global_link.png
211,qwilfish,sugimori_highres,hybridshivam_github,211_qwilfish/artwork_highres.png
212,scizor,global_link,pokemondb_artwork,212_scizor/artwork_global_link.png
212,scizor,sugimori_highres,hybridshivam_github,212_scizor/artwork_highres.png
213,shuckle,global_link,pokemondb_artwork,213_shuckle/artwork_global_link.png
213,shuckle,sugimori_highres,hybridshivam_github,213_shuckle/artwork_highres.png
214,heracross,global_link,pokemondb_artwork,214_heracross/artwork_global_link.png
214,heracross,sugimori_highres,hybridshivam_github,214_heracross/artwork_highres.png
215,sneasel,global_link,pokemondb_artwork,215_sneasel/artwork_global_link.png
215,sneasel,sugimori_highres,hybridshivam_github,215_sneasel/artwork_highres.png
216,teddiursa,global_link,pokemondb_artwork,216_teddiursa/artwork_global_link.png
216,teddiursa,sugimori_highres,hybridshivam_github,216_teddiursa/artwork_highres.png
217,ursaring,global_link,pokemondb_artwork,217_ursaring/artwork_global_link.png
217,ursaring,sugimori_highres,hybridshivam_github,217_ursaring/artwork_highres.png
218,slugma,global_link,pokemondb_artwork,218_slugma/artwork_global_link.png
218,slugma,sugimori_highres,hybridshivam_github,218_slugma/artwork_highres.png
219,magcargo,global_link,pokemondb_artwork,219_magcargo/artwork_global_link.png
219,magcargo,sugimori_highres,hybridshivam_github,219_magcargo/artwork_highres.png
220,swinub,global_link,pokemondb_artwork,220_swinub/artwork_global_link.png
220,swinub,sugimori_highres,hybridshivam_github,220_swinub/artwork_highres.png
221,piloswine,global_link,pokemondb_artwork,221_piloswine/artwork_global_link.png
221,piloswine,sugimori_highres,hybridshivam_github,221_piloswine/artwork_highres.png
222,corsola,global_link,pokemondb_artwork,222_corsola/artwork_global_link.png
222,corsola,sugimori_highres,hybridshivam_github,222_corsola/artwork_highres.png
223,remoraid,global_link,pokemondb_artwork,223_remoraid/artwork_global_link.png
223,remoraid,sugimori_highres,hybridshivam_github,223_remoraid/artwork_highres.png
224,octillery,global_link,pokemondb_artwork,224_octillery/artwork_global_link.png
224,octillery,sugimori_highres,hybridshivam_github,224_octillery/artwork_highres.png
225,delibird,global_link,pokemondb_artwork,225_delibird/artwork_global_link.png
225,delibird,sugimori_highres,hybridshivam_github,225_delibird/artwork_highres.png
226,mantine,global_link,pokemondb_artwork,226_mantine/artwork_global_link.png
226,mantine,sugimori_highres,hybridshivam_github,226_mantine/artwork_highres.png
227,skarmory,global_link,pokemondb_artwork,227_skarmory/artwork_global_link.png
227,skarmory,sugimori_highres,hybridshivam_github,227_skarmory/artwork_highres.png
228,houndour,global_link,pokemondb_artwork,228_houndour/artwork_global_link.png
228,houndour,sugimori_highres,hybridshivam_github,228_houndour/artwork_highres.png
229,houndoom,global_link,pokemondb_artwork,229_houndoom/artwork_global_link.png
229,houndoom,sugimori_highres,hybridshivam_github,229_houndoom/artwork_highres.png
230,kingdra,global_link,pokemondb_artwork,230_kingdra/artwork_global_link.png
230,kingdra,sugimori_highres,hybridshivam_github,230_kingdra/artwork_highres.png
231,phanpy,global_link,pokemondb_artwork,231_phanpy/artwork_global_link.png
231,phanpy,sugimori_highres,hybridshivam_github,231_phanpy/artwork_highres.png
232,donphan,global_link,pokemondb_artwork,232_donphan/artwork_global_link.png
232,donphan,sugimori_highres,hybridshivam_github,232_donphan/artwork_highres.png
233,porygon2,global_link,pokemondb_artwork,233_porygon2/artwork_global_link.png
233,porygon2,sugimori_highres,hybridshivam_github,233_porygon2/artwork_highres.png
234,stantler,global_link,pokemondb_artwork,234_stantler/artwork_global_link.png
234,stantler,sugimori_highres,hybridshivam_github,234_stantler/artwork_highres.png
235,smeargle,global_link,pokemondb_artwork,235_smeargle/artwork_global_link.png
235,smeargle,sugimori_highres,hybridshivam_github,235_smeargle/artwork_highres.png
236,tyrogue,global_link,pokemondb_artwork,236_tyrogue/artwork_global_link.png
236,tyrogue,sugimori_highres,hybridshivam_github,236_tyrogue/artwork_highres.png
237,hitmontop,global_link,pokemondb_artwork,237_hitmontop/artwork_global_link.png
237,hitmontop,sugimori_highres,hybridshivam_github,237_hitmontop/artwork_highres.png
238,smoochum,global_link,pokemondb_artwork,238_smoochum/artwork_global_link.png
238,smoochum,sugimori_highres,hybridshivam_github,238_smoochum/artwork_highres.png
239,elekid,global_link,pokemondb_artwork,239_elekid/artwork_global_link.png
239,elekid,sugimori_highres,hybridshivam_github,239_elekid/artwork_highres.png
240,magby,global_link,pokemondb_artwork,240_magby/artwork_global_link.png
240,magby,sugimori_highres,hybridshivam_github,240_magby/artwork_highres.png
241,miltank,global_link,pokemondb_artwork,241_miltank/artwork_global_link.png
241,miltank,sugimori_highres,hybridshivam_github,241_miltank/artwork_highres.png
242,blissey,global_link,pokemondb_artwork,242_blissey/artwork_global_link.png
242,blissey,sugimori_highres,hybridshivam_github,242_blissey/artwork_highres.png
243,raikou,global_link,pokemondb_artwork,243_raikou/artwork_global_link.png
243,raikou,sugimori_highres,hybridshivam_github,243_raikou/artwork_highres.png
244,entei,global_link,pokemondb_artwork,244_entei/artwork_global_link.png
244,entei,sugimori_highres,hybridshivam_github,244_entei/artwork_highres.png
245,suicune,global_link,pokemondb_artwork,245_suicune/artwork_global_link.png
245,suicune,sugimori_highres,hybridshivam_github,245_suicune/artwork_highres.png
246,larvitar,global_link,pokemondb_artwork,246_larvitar/artwork_global_link.png
246,larvitar,sugimori_highres,hybridshivam_github,246_larvitar/artwork_highres.png
247,pupitar,global_link,pokemondb_artwork,247_pupitar/artwork_global_link.png
247,pupitar,sugimori_highres,hybridshivam_github,247_pupitar/artwork_highres.png
248,tyranitar,global_link,pokemondb_artwork,248_tyranitar/artwork_global_link.png
248,tyranitar,sugimori_highres,hybridshivam_github,248_tyranitar/artwork_highres.png
249,lugia,global_link,pokemondb_artwork,249_lugia/artwork_global_link.png
249,lugia,sugimori_highres,hybridshivam_github,249_lugia/artwork_highres.png
250,ho-oh,global_link,pokemondb_artwork,250_ho-oh/artwork_global_link.png
250,ho-oh,sugimori_highres,hybridshivam_github,250_ho-oh/artwork_highres.png
251,celebi,global_link,pokemondb_artwork,251_celebi/artwork_global_link.png
251,celebi,sugimori_highres,hybridshivam_github,251_celebi/artwork_highres.png
252,treecko,official_art,official-artwork,252_treecko/official_artwork.png
252,treecko,home_art,pokemon_home,252_treecko/home_art.png
252,treecko,gen6_xy_front,pokeapi_versions,252_treecko/gen6_xy_front.png
252,treecko,gen6_xy_shiny_front,pokeapi_versions,252_treecko/gen6_xy_shiny_front.png
252,treecko,gen6_oras_front,pokeapi_versions,252_treecko/gen6_oras_front.png
252,treecko,gen6_oras_shiny_front,pokeapi_versions,252_treecko/gen6_oras_shiny_front.png
252,treecko,gen7_usum_front,pokeapi_versions,252_treecko/gen7_usum_front.png
252,treecko,gen7_usum_shiny_front,pokeapi_versions,252_treecko/gen7_usum_shiny_front.png
253,grovyle,official_art,official-artwork,253_grovyle/official_artwork.png
253,grovyle,home_art,pokemon_home,253_grovyle/home_art.png
253,grovyle,gen6_xy_front,pokeapi_versions,253_grovyle/gen6_xy_front.png
253,grovyle,gen6_xy_shiny_front,pokeapi_versions,253_grovyle/gen6_xy_shiny_front.png
253,grovyle,gen6_oras_front,pokeapi_versions,253_grovyle/gen6_oras_front.png
253,grovyle,gen6_oras_shiny_front,pokeapi_versions,253_grovyle/gen6_oras_shiny_front.png
253,grovyle,gen7_usum_front,pokeapi_versions,253_grovyle/gen7_usum_front.png
253,grovyle,gen7_usum_shiny_front,pokeapi_versions,253_grovyle/gen7_usum_shiny_front.png
254,sceptile,official_art,official-artwork,254_sceptile/official_artwork.png
254,sceptile,home_art,pokemon_home,254_sceptile/home_art.png
254,sceptile,gen6_xy_front,pokeapi_versions,254_sceptile/gen6_xy_front.png
254,sceptile,gen6_xy_shiny_front,pokeapi_versions,254_sceptile/gen6_xy_shiny_front.png
254,sceptile,gen6_oras_front,pokeapi_versions,254_sceptile/gen6_oras_front.png
254,sceptile,gen6_oras_shiny_front,pokeapi_versions,254_sceptile/gen6_oras_shiny_front.png
254,sceptile,gen7_usum_front,pokeapi_versions,254_sceptile/gen7_usum_front.png
254,sceptile,gen7_usum_shiny_front,pokeapi_versions,254_sceptile/gen7_usum_shiny_front.png
255,torchic,official_art,official-artwork,255_torchic/official_artwork.png
255,torchic,home_art,pokemon_home,255_torchic/home_art.png
255,torchic,gen6_xy_front,pokeapi_versions,255_torchic/gen6_xy_front.png
255,torchic,gen6_xy_shiny_front,pokeapi_versions,255_torchic/gen6_xy_shiny_front.png
255,torchic,gen6_oras_front,pokeapi_versions,255_torchic/gen6_oras_front.png
255,torchic,gen6_oras_shiny_front,pokeapi_versions,255_torchic/gen6_oras_shiny_front.png
255,torchic,gen7_usum_front,pokeapi_versions,255_torchic/gen7_usum_front.png
255,torchic,gen7_usum_shiny_front,pokeapi_versions,255_torchic/gen7_usum_shiny_front.png
256,combusken,official_art,official-artwork,256_combusken/official_artwork.png
256,combusken,home_art,pokemon_home,256_combusken/home_art.png
256,combusken,gen6_xy_front,pokeapi_versions,256_combusken/gen6_xy_front.png
256,combusken,gen6_xy_shiny_front,pokeapi_versions,256_combusken/gen6_xy_shiny_front.png
256,combusken,gen6_oras_front,pokeapi_versions,256_combusken/gen6_oras_front.png
256,combusken,gen6_oras_shiny_front,pokeapi_versions,256_combusken/gen6_oras_shiny_front.png
256,combusken,gen7_usum_front,pokeapi_versions,256_combusken/gen7_usum_front.png
256,combusken,gen7_usum_shiny_front,pokeapi_versions,256_combusken/gen7_usum_shiny_front.png
257,blaziken,official_art,official-artwork,257_blaziken/official_artwork.png
257,blaziken,home_art,pokemon_home,257_blaziken/home_art.png
257,blaziken,gen6_xy_front,pokeapi_versions,257_blaziken/gen6_xy_front.png
257,blaziken,gen6_xy_shiny_front,pokeapi_versions,257_blaziken/gen6_xy_shiny_front.png
257,blaziken,gen6_oras_front,pokeapi_versions,257_blaziken/gen6_oras_front.png
257,blaziken,gen6_oras_shiny_front,pokeapi_versions,257_blaziken/gen6_oras_shiny_front.png
257,blaziken,gen7_usum_front,pokeapi_versions,257_blaziken/gen7_usum_front.png
257,blaziken,gen7_usum_shiny_front,pokeapi_versions,257_blaziken/gen7_usum_shiny_front.png
258,mudkip,official_art,official-artwork,258_mudkip/official_artwork.png
258,mudkip,home_art,pokemon_home,258_mudkip/home_art.png
258,mudkip,gen6_xy_front,pokeapi_versions,258_mudkip/gen6_xy_front.png
258,mudkip,gen6_xy_shiny_front,pokeapi_versions,258_mudkip/gen6_xy_shiny_front.png
258,mudkip,gen6_oras_front,pokeapi_versions,258_mudkip/gen6_oras_front.png
258,mudkip,gen6_oras_shiny_front,pokeapi_versions,258_mudkip/gen6_oras_shiny_front.png
258,mudkip,gen7_usum_front,pokeapi_versions,258_mudkip/gen7_usum_front.png
258,mudkip,gen7_usum_shiny_front,pokeapi_versions,258_mudkip/gen7_usum_shiny_front.png
259,marshtomp,official_art,official-artwork,259_marshtomp/official_artwork.png
259,marshtomp,home_art,pokemon_home,259_marshtomp/home_art.png
259,marshtomp,gen6_xy_front,pokeapi_versions,259_marshtomp/gen6_xy_front.png
259,marshtomp,gen6_xy_shiny_front,pokeapi_versions,259_marshtomp/gen6_xy_shiny_front.png
259,marshtomp,gen6_oras_front,pokeapi_versions,259_marshtomp/gen6_oras_front.png
259,marshtomp,gen6_oras_shiny_front,pokeapi_versions,259_marshtomp/gen6_oras_shiny_front.png
259,marshtomp,gen7_usum_front,pokeapi_versions,259_marshtomp/gen7_usum_front.png
259,marshtomp,gen7_usum_shiny_front,pokeapi_versions,259_marshtomp/gen7_usum_shiny_front.png
260,swampert,official_art,official-artwork,260_swampert/official_artwork.png
260,swampert,home_art,pokemon_home,260_swampert/home_art.png
260,swampert,gen6_xy_front,pokeapi_versions,260_swampert/gen6_xy_front.png
260,swampert,gen6_xy_shiny_front,pokeapi_versions,260_swampert/gen6_xy_shiny_front.png
260,swampert,gen6_oras_front,pokeapi_versions,260_swampert/gen6_oras_front.png
260,swampert,gen6_oras_shiny_front,pokeapi_versions,260_swampert/gen6_oras_shiny_front.png
260,swampert,gen7_usum_front,pokeapi_versions,260_swampert/gen7_usum_front.png
260,swampert,gen7_usum_shiny_front,pokeapi_versions,260_swampert/gen7_usum_shiny_front.png
261,poochyena,official_art,official-artwork,261_poochyena/official_artwork.png
261,poochyena,home_art,pokemon_home,261_poochyena/home_art.png
261,poochyena,gen6_xy_front,pokeapi_versions,261_poochyena/gen6_xy_front.png
261,poochyena,gen6_xy_shiny_front,pokeapi_versions,261_poochyena/gen6_xy_shiny_front.png
261,poochyena,gen6_oras_front,pokeapi_versions,261_poochyena/gen6_oras_front.png
261,poochyena,gen6_oras_shiny_front,pokeapi_versions,261_poochyena/gen6_oras_shiny_front.png
261,poochyena,gen7_usum_front,pokeapi_versions,261_poochyena/gen7_usum_front.png
261,poochyena,gen7_usum_shiny_front,pokeapi_versions,261_poochyena/gen7_usum_shiny_front.png
262,mightyena,official_art,official-artwork,262_mightyena/official_artwork.png
262,mightyena,home_art,pokemon_home,262_mightyena/home_art.png
262,mightyena,gen6_xy_front,pokeapi_versions,262_mightyena/gen6_xy_front.png
262,mightyena,gen6_xy_shiny_front,pokeapi_versions,262_mightyena/gen6_xy_shiny_front.png
262,mightyena,gen6_oras_front,pokeapi_versions,262_mightyena/gen6_oras_front.png
262,mightyena,gen6_oras_shiny_front,pokeapi_versions,262_mightyena/gen6_oras_shiny_front.png
262,mightyena,gen7_usum_front,pokeapi_versions,262_mightyena/gen7_usum_front.png
262,mightyena,gen7_usum_shiny_front,pokeapi_versions,262_mightyena/gen7_usum_shiny_front.png
263,zigzagoon,official_art,official-artwork,263_zigzagoon/official_artwork.png
263,zigzagoon,home_art,pokemon_home,263_zigzagoon/home_art.png
263,zigzagoon,gen6_xy_front,pokeapi_versions,263_zigzagoon/gen6_xy_front.png
263,zigzagoon,gen6_xy_shiny_front,pokeapi_versions,263_zigzagoon/gen6_xy_shiny_front.png
263,zigzagoon,gen6_oras_front,pokeapi_versions,263_zigzagoon/gen6_oras_front.png
263,zigzagoon,gen6_oras_shiny_front,pokeapi_versions,263_zigzagoon/gen6_oras_shiny_front.png
263,zigzagoon,gen7_usum_front,pokeapi_versions,263_zigzagoon/gen7_usum_front.png
263,zigzagoon,gen7_usum_shiny_front,pokeapi_versions,263_zigzagoon/gen7_usum_shiny_front.png
264,linoone,official_art,official-artwork,264_linoone/official_artwork.png
264,linoone,home_art,pokemon_home,264_linoone/home_art.png
264,linoone,gen6_xy_front,pokeapi_versions,264_linoone/gen6_xy_front.png
264,linoone,gen6_xy_shiny_front,pokeapi_versions,264_linoone/gen6_xy_shiny_front.png
264,linoone,gen6_oras_front,pokeapi_versions,264_linoone/gen6_oras_front.png
264,linoone,gen6_oras_shiny_front,pokeapi_versions,264_linoone/gen6_oras_shiny_front.png
264,linoone,gen7_usum_front,pokeapi_versions,264_linoone/gen7_usum_front.png
264,linoone,gen7_usum_shiny_front,pokeapi_versions,264_linoone/gen7_usum_shiny_front.png
265,wurmple,official_art,official-artwork,265_wurmple/official_artwork.png
265,wurmple,home_art,pokemon_home,265_wurmple/home_art.png
265,wurmple,gen6_xy_front,pokeapi_versions,265_wurmple/gen6_xy_front.png
265,wurmple,gen6_xy_shiny_front,pokeapi_versions,265_wurmple/gen6_xy_shiny_front.png
265,wurmple,gen6_oras_front,pokeapi_versions,265_wurmple/gen6_oras_front.png
265,wurmple,gen6_oras_shiny_front,pokeapi_versions,265_wurmple/gen6_oras_shiny_front.png
265,wurmple,gen7_usum_front,pokeapi_versions,265_wurmple/gen7_usum_front.png
265,wurmple,gen7_usum_shiny_front,pokeapi_versions,265_wurmple/gen7_usum_shiny_front.png
266,silcoon,official_art,official-artwork,266_silcoon/official_artwork.png
266,silcoon,home_art,pokemon_home,266_silcoon/home_art.png
266,silcoon,gen6_xy_front,pokeapi_versions,266_silcoon/gen6_xy_front.png
266,silcoon,gen6_xy_shiny_front,pokeapi_versions,266_silcoon/gen6_xy_shiny_front.png
266,silcoon,gen6_oras_front,pokeapi_versions,266_silcoon/gen6_oras_front.png
266,silcoon,gen6_oras_shiny_front,pokeapi_versions,266_silcoon/gen6_oras_shiny_front.png
266,silcoon,gen7_usum_front,pokeapi_versions,266_silcoon/gen7_usum_front.png
266,silcoon,gen7_usum_shiny_front,pokeapi_versions,266_silcoon/gen7_usum_shiny_front.png
267,beautifly,official_art,official-artwork,267_beautifly/official_artwork.png
267,beautifly,home_art,pokemon_home,267_beautifly/home_art.png
267,beautifly,gen6_xy_front,pokeapi_versions,267_beautifly/gen6_xy_front.png
267,beautifly,gen6_xy_shiny_front,pokeapi_versions,267_beautifly/gen6_xy_shiny_front.png
267,beautifly,gen6_oras_front,pokeapi_versions,267_beautifly/gen6_oras_front.png
267,beautifly,gen6_oras_shiny_front,pokeapi_versions,267_beautifly/gen6_oras_shiny_front.png
267,beautifly,gen7_usum_front,pokeapi_versions,267_beautifly/gen7_usum_front.png
267,beautifly,gen7_usum_shiny_front,pokeapi_versions,267_beautifly/gen7_usum_shiny_front.png
268,cascoon,official_art,official-artwork,268_cascoon/official_artwork.png
268,cascoon,home_art,pokemon_home,268_cascoon/home_art.png
268,cascoon,gen6_xy_front,pokeapi_versions,268_cascoon/gen6_xy_front.png
268,cascoon,gen6_xy_shiny_front,pokeapi_versions,268_cascoon/gen6_xy_shiny_front.png
268,cascoon,gen6_oras_front,pokeapi_versions,268_cascoon/gen6_oras_front.png
268,cascoon,gen6_oras_shiny_front,pokeapi_versions,268_cascoon/gen6_oras_shiny_front.png
268,cascoon,gen7_usum_front,pokeapi_versions,268_cascoon/gen7_usum_front.png
268,cascoon,gen7_usum_shiny_front,pokeapi_versions,268_cascoon/gen7_usum_shiny_front.png
269,dustox,official_art,official-artwork,269_dustox/official_artwork.png
269,dustox,home_art,pokemon_home,269_dustox/home_art.png
269,dustox,gen6_xy_front,pokeapi_versions,269_dustox/gen6_xy_front.png
269,dustox,gen6_xy_shiny_front,pokeapi_versions,269_dustox/gen6_xy_shiny_front.png
269,dustox,gen6_oras_front,pokeapi_versions,269_dustox/gen6_oras_front.png
269,dustox,gen6_oras_shiny_front,pokeapi_versions,269_dustox/gen6_oras_shiny_front.png
269,dustox,gen7_usum_front,pokeapi_versions,269_dustox/gen7_usum_front.png
269,dustox,gen7_usum_shiny_front,pokeapi_versions,269_dustox/gen7_usum_shiny_front.png
270,lotad,official_art,official-artwork,270_lotad/official_artwork.png
270,lotad,home_art,pokemon_home,270_lotad/home_art.png
270,lotad,gen6_xy_front,pokeapi_versions,270_lotad/gen6_xy_front.png
270,lotad,gen6_xy_shiny_front,pokeapi_versions,270_lotad/gen6_xy_shiny_front.png
270,lotad,gen6_oras_front,pokeapi_versions,270_lotad/gen6_oras_front.png
270,lotad,gen6_oras_shiny_front,pokeapi_versions,270_lotad/gen6_oras_shiny_front.png
270,lotad,gen7_usum_front,pokeapi_versions,270_lotad/gen7_usum_front.png
270,lotad,gen7_usum_shiny_front,pokeapi_versions,270_lotad/gen7_usum_shiny_front.png
271,lombre,official_art,official-artwork,271_lombre/official_artwork.png
271,lombre,home_art,pokemon_home,271_lombre/home_art.png
271,lombre,gen6_xy_front,pokeapi_versions,271_lombre/gen6_xy_front.png
271,lombre,gen6_xy_shiny_front,pokeapi_versions,271_lombre/gen6_xy_shiny_front.png
271,lombre,gen6_oras_front,pokeapi_versions,271_lombre/gen6_oras_front.png
271,lombre,gen6_oras_shiny_front,pokeapi_versions,271_lombre/gen6_oras_shiny_front.png
271,lombre,gen7_usum_front,pokeapi_versions,271_lombre/gen7_usum_front.png
271,lombre,gen7_usum_shiny_front,pokeapi_versions,271_lombre/gen7_usum_shiny_front.png
272,ludicolo,official_art,official-artwork,272_ludicolo/official_artwork.png
272,ludicolo,home_art,pokemon_home,272_ludicolo/home_art.png
272,ludicolo,gen6_xy_front,pokeapi_versions,272_ludicolo/gen6_xy_front.png
272,ludicolo,gen6_xy_shiny_front,pokeapi_versions,272_ludicolo/gen6_xy_shiny_front.png
272,ludicolo,gen6_oras_front,pokeapi_versions,272_ludicolo/gen6_oras_front.png
272,ludicolo,gen6_oras_shiny_front,pokeapi_versions,272_ludicolo/gen6_oras_shiny_front.png
272,ludicolo,gen7_usum_front,pokeapi_versions,272_ludicolo/gen7_usum_front.png
272,ludicolo,gen7_usum_shiny_front,pokeapi_versions,272_ludicolo/gen7_usum_shiny_front.png
273,seedot,official_art,official-artwork,273_seedot/official_artwork.png
273,seedot,home_art,pokemon_home,273_seedot/home_art.png
273,seedot,gen6_xy_front,pokeapi_versions,273_seedot/gen6_xy_front.png
273,seedot,gen6_xy_shiny_front,pokeapi_versions,273_seedot/gen6_xy_shiny_front.png
273,seedot,gen6_oras_front,pokeapi_versions,273_seedot/gen6_oras_front.png
273,seedot,gen6_oras_shiny_front,pokeapi_versions,273_seedot/gen6_oras_shiny_front.png
273,seedot,gen7_usum_front,pokeapi_versions,273_seedot/gen7_usum_front.png
273,seedot,gen7_usum_shiny_front,pokeapi_versions,273_seedot/gen7_usum_shiny_front.png
274,nuzleaf,official_art,official-artwork,274_nuzleaf/official_artwork.png
274,nuzleaf,home_art,pokemon_home,274_nuzleaf/home_art.png
274,nuzleaf,gen6_xy_front,pokeapi_versions,274_nuzleaf/gen6_xy_front.png
274,nuzleaf,gen6_xy_shiny_front,pokeapi_versions,274_nuzleaf/gen6_xy_shiny_front.png
274,nuzleaf,gen6_oras_front,pokeapi_versions,274_nuzleaf/gen6_oras_front.png
274,nuzleaf,gen6_oras_shiny_front,pokeapi_versions,274_nuzleaf/gen6_oras_shiny_front.png
274,nuzleaf,gen7_usum_front,pokeapi_versions,274_nuzleaf/gen7_usum_front.png
274,nuzleaf,gen7_usum_shiny_front,pokeapi_versions,274_nuzleaf/gen7_usum_shiny_front.png
275,shiftry,official_art,official-artwork,275_shiftry/official_artwork.png
275,shiftry,home_art,pokemon_home,275_shiftry/home_art.png
275,shiftry,gen6_xy_front,pokeapi_versions,275_shiftry/gen6_xy_front.png
275,shiftry,gen6_xy_shiny_front,pokeapi_versions,275_shiftry/gen6_xy_shiny_front.png
275,shiftry,gen6_oras_front,pokeapi_versions,275_shiftry/gen6_oras_front.png
275,shiftry,gen6_oras_shiny_front,pokeapi_versions,275_shiftry/gen6_oras_shiny_front.png
275,shiftry,gen7_usum_front,pokeapi_versions,275_shiftry/gen7_usum_front.png
275,shiftry,gen7_usum_shiny_front,pokeapi_versions,275_shiftry/gen7_usum_shiny_front.png
276,taillow,official_art,official-artwork,276_taillow/official_artwork.png
276,taillow,home_art,pokemon_home,276_taillow/home_art.png
276,taillow,gen6_xy_front,pokeapi_versions,276_taillow/gen6_xy_front.png
276,taillow,gen6_xy_shiny_front,pokeapi_versions,276_taillow/gen6_xy_shiny_front.png
276,taillow,gen6_oras_front,pokeapi_versions,276_taillow/gen6_oras_front.png
276,taillow,gen6_oras_shiny_front,pokeapi_versions,276_taillow/gen6_oras_shiny_front.png
276,taillow,gen7_usum_front,pokeapi_versions,276_taillow/gen7_usum_front.png
276,taillow,gen7_usum_shiny_front,pokeapi_versions,276_taillow/gen7_usum_shiny_front.png
277,swellow,official_art,official-artwork,277_swellow/official_artwork.png
277,swellow,home_art,pokemon_home,277_swellow/home_art.png
277,swellow,gen6_xy_front,pokeapi_versions,277_swellow/gen6_xy_front.png
277,swellow,gen6_xy_shiny_front,pokeapi_versions,277_swellow/gen6_xy_shiny_front.png
277,swellow,gen6_oras_front,pokeapi_versions,277_swellow/gen6_oras_front.png
277,swellow,gen6_oras_shiny_front,pokeapi_versions,277_swellow/gen6_oras_shiny_front.png
277,swellow,gen7_usum_front,pokeapi_versions,277_swellow/gen7_usum_front.png
277,swellow,gen7_usum_shiny_front,pokeapi_versions,277_swellow/gen7_usum_shiny_front.png
278,wingull,official_art,official-artwork,278_wingull/official_artwork.png
278,wingull,home_art,pokemon_home,278_wingull/home_art.png
278,wingull,gen6_xy_front,pokeapi_versions,278_wingull/gen6_xy_front.png
278,wingull,gen6_xy_shiny_front,pokeapi_versions,278_wingull/gen6_xy_shiny_front.png
278,wingull,gen6_oras_front,pokeapi_versions,278_wingull/gen6_oras_front.png
278,wingull,gen6_oras_shiny_front,pokeapi_versions,278_wingull/gen6_oras_shiny_front.png
278,wingull,gen7_usum_front,pokeapi_versions,278_wingull/gen7_usum_front.png
278,wingull,gen7_usum_shiny_front,pokeapi_versions,278_wingull/gen7_usum_shiny_front.png
279,pelipper,official_art,official-artwork,279_pelipper/official_artwork.png
279,pelipper,home_art,pokemon_home,279_pelipper/home_art.png
279,pelipper,gen6_xy_front,pokeapi_versions,279_pelipper/gen6_xy_front.png
279,pelipper,gen6_xy_shiny_front,pokeapi_versions,279_pelipper/gen6_xy_shiny_front.png
279,pelipper,gen6_oras_front,pokeapi_versions,279_pelipper/gen6_oras_front.png
279,pelipper,gen6_oras_shiny_front,pokeapi_versions,279_pelipper/gen6_oras_shiny_front.png
279,pelipper,gen7_usum_front,pokeapi_versions,279_pelipper/gen7_usum_front.png
279,pelipper,gen7_usum_shiny_front,pokeapi_versions,279_pelipper/gen7_usum_shiny_front.png
280,ralts,official_art,official-artwork,280_ralts/official_artwork.png
280,ralts,home_art,pokemon_home,280_ralts/home_art.png
280,ralts,gen6_xy_front,pokeapi_versions,280_ralts/gen6_xy_front.png
280,ralts,gen6_xy_shiny_front,pokeapi_versions,280_ralts/gen6_xy_shiny_front.png
280,ralts,gen6_oras_front,pokeapi_versions,280_ralts/gen6_oras_front.png
280,ralts,gen6_oras_shiny_front,pokeapi_versions,280_ralts/gen6_oras_shiny_front.png
280,ralts,gen7_usum_front,pokeapi_versions,280_ralts/gen7_usum_front.png
280,ralts,gen7_usum_shiny_front,pokeapi_versions,280_ralts/gen7_usum_shiny_front.png
281,kirlia,official_art,official-artwork,281_kirlia/official_artwork.png
281,kirlia,home_art,pokemon_home,281_kirlia/home_art.png
281,kirlia,gen6_xy_front,pokeapi_versions,281_kirlia/gen6_xy_front.png
281,kirlia,gen6_xy_shiny_front,pokeapi_versions,281_kirlia/gen6_xy_shiny_front.png
281,kirlia,gen6_oras_front,pokeapi_versions,281_kirlia/gen6_oras_front.png
281,kirlia,gen6_oras_shiny_front,pokeapi_versions,281_kirlia/gen6_oras_shiny_front.png
281,kirlia,gen7_usum_front,pokeapi_versions,281_kirlia/gen7_usum_front.png
281,kirlia,gen7_usum_shiny_front,pokeapi_versions,281_kirlia/gen7_usum_shiny_front.png
282,gardevoir,official_art,official-artwork,282_gardevoir/official_artwork.png
282,gardevoir,home_art,pokemon_home,282_gardevoir/home_art.png
282,gardevoir,gen6_xy_front,pokeapi_versions,282_gardevoir/gen6_xy_front.png
282,gardevoir,gen6_xy_shiny_front,pokeapi_versions,282_gardevoir/gen6_xy_shiny_front.png
282,gardevoir,gen6_oras_front,pokeapi_versions,282_gardevoir/gen6_oras_front.png
282,gardevoir,gen6_oras_shiny_front,pokeapi_versions,282_gardevoir/gen6_oras_shiny_front.png
282,gardevoir,gen7_usum_front,pokeapi_versions,282_gardevoir/gen7_usum_front.png
282,gardevoir,gen7_usum_shiny_front,pokeapi_versions,282_gardevoir/gen7_usum_shiny_front.png
283,surskit,official_art,official-artwork,283_surskit/official_artwork.png
283,surskit,home_art,pokemon_home,283_surskit/home_art.png
283,surskit,gen6_xy_front,pokeapi_versions,283_surskit/gen6_xy_front.png
283,surskit,gen6_xy_shiny_front,pokeapi_versions,283_surskit/gen6_xy_shiny_front.png
283,surskit,gen6_oras_front,pokeapi_versions,283_surskit/gen6_oras_front.png
283,surskit,gen6_oras_shiny_front,pokeapi_versions,283_surskit/gen6_oras_shiny_front.png
283,surskit,gen7_usum_front,pokeapi_versions,283_surskit/gen7_usum_front.png
283,surskit,gen7_usum_shiny_front,pokeapi_versions,283_surskit/gen7_usum_shiny_front.png
284,masquerain,official_art,official-artwork,284_masquerain/official_artwork.png
284,masquerain,home_art,pokemon_home,284_masquerain/home_art.png
284,masquerain,gen6_xy_front,pokeapi_versions,284_masquerain/gen6_xy_front.png
284,masquerain,gen6_xy_shiny_front,pokeapi_versions,284_masquerain/gen6_xy_shiny_front.png
284,masquerain,gen6_oras_front,pokeapi_versions,284_masquerain/gen6_oras_front.png
284,masquerain,gen6_oras_shiny_front,pokeapi_versions,284_masquerain/gen6_oras_shiny_front.png
284,masquerain,gen7_usum_front,pokeapi_versions,284_masquerain/gen7_usum_front.png
284,masquerain,gen7_usum_shiny_front,pokeapi_versions,284_masquerain/gen7_usum_shiny_front.png
285,shroomish,official_art,official-artwork,285_shroomish/official_artwork.png
285,shroomish,home_art,pokemon_home,285_shroomish/home_art.png
285,shroomish,gen6_xy_front,pokeapi_versions,285_shroomish/gen6_xy_front.png
285,shroomish,gen6_xy_shiny_front,pokeapi_versions,285_shroomish/gen6_xy_shiny_front.png
285,shroomish,gen6_oras_front,pokeapi_versions,285_shroomish/gen6_oras_front.png
285,shroomish,gen6_oras_shiny_front,pokeapi_versions,285_shroomish/gen6_oras_shiny_front.png
285,shroomish,gen7_usum_front,pokeapi_versions,285_shroomish/gen7_usum_front.png
285,shroomish,gen7_usum_shiny_front,pokeapi_versions,285_shroomish/gen7_usum_shiny_front.png
286,breloom,official_art,official-artwork,286_breloom/official_artwork.png
286,breloom,home_art,pokemon_home,286_breloom/home_art.png
286,breloom,gen6_xy_front,pokeapi_versions,286_breloom/gen6_xy_front.png
286,breloom,gen6_xy_shiny_front,pokeapi_versions,286_breloom/gen6_xy_shiny_front.png
286,breloom,gen6_oras_front,pokeapi_versions,286_breloom/gen6_oras_front.png
286,breloom,gen6_oras_shiny_front,pokeapi_versions,286_breloom/gen6_oras_shiny_front.png
286,breloom,gen7_usum_front,pokeapi_versions,286_breloom/gen7_usum_front.png
286,breloom,gen7_usum_shiny_front,pokeapi_versions,286_breloom/gen7_usum_shiny_front.png
287,slakoth,official_art,official-artwork,287_slakoth/official_artwork.png
287,slakoth,home_art,pokemon_home,287_slakoth/home_art.png
287,slakoth,gen6_xy_front,pokeapi_versions,287_slakoth/gen6_xy_front.png
287,slakoth,gen6_xy_shiny_front,pokeapi_versions,287_slakoth/gen6_xy_shiny_front.png
287,slakoth,gen6_oras_front,pokeapi_versions,287_slakoth/gen6_oras_front.png
287,slakoth,gen6_oras_shiny_front,pokeapi_versions,287_slakoth/gen6_oras_shiny_front.png
287,slakoth,gen7_usum_front,pokeapi_versions,287_slakoth/gen7_usum_front.png
287,slakoth,gen7_usum_shiny_front,pokeapi_versions,287_slakoth/gen7_usum_shiny_front.png
288,vigoroth,official_art,official-artwork,288_vigoroth/official_artwork.png
288,vigoroth,home_art,pokemon_home,288_vigoroth/home_art.png
288,vigoroth,gen6_xy_front,pokeapi_versions,288_vigoroth/gen6_xy_front.png
288,vigoroth,gen6_xy_shiny_front,pokeapi_versions,288_vigoroth/gen6_xy_shiny_front.png
288,vigoroth,gen6_oras_front,pokeapi_versions,288_vigoroth/gen6_oras_front.png
288,vigoroth,gen6_oras_shiny_front,pokeapi_versions,288_vigoroth/gen6_oras_shiny_front.png
288,vigoroth,gen7_usum_front,pokeapi_versions,288_vigoroth/gen7_usum_front.png
288,vigoroth,gen7_usum_shiny_front,pokeapi_versions,288_vigoroth/gen7_usum_shiny_front.png
289,slaking,official_art,official-artwork,289_slaking/official_artwork.png
289,slaking,home_art,pokemon_home,289_slaking/home_art.png
289,slaking,gen6_xy_front,pokeapi_versions,289_slaking/gen6_xy_front.png
289,slaking,gen6_xy_shiny_front,pokeapi_versions,289_slaking/gen6_xy_shiny_front.png
289,slaking,gen6_oras_front,pokeapi_versions,289_slaking/gen6_oras_front.png
289,slaking,gen6_oras_shiny_front,pokeapi_versions,289_slaking/gen6_oras_shiny_front.png
289,slaking,gen7_usum_front,pokeapi_versions,289_slaking/gen7_usum_front.png
289,slaking,gen7_usum_shiny_front,pokeapi_versions,289_slaking/gen7_usum_shiny_front.png
290,nincada,official_art,official-artwork,290_nincada/official_artwork.png
290,nincada,home_art,pokemon_home,290_nincada/home_art.png
290,nincada,gen6_xy_front,pokeapi_versions,290_nincada/gen6_xy_front.png
290,nincada,gen6_xy_shiny_front,pokeapi_versions,290_nincada/gen6_xy_shiny_front.png
290,nincada,gen6_oras_front,pokeapi_versions,290_nincada/gen6_oras_front.png
290,nincada,gen6_oras_shiny_front,pokeapi_versions,290_nincada/gen6_oras_shiny_front.png
290,nincada,gen7_usum_front,pokeapi_versions,290_nincada/gen7_usum_front.png
290,nincada,gen7_usum_shiny_front,pokeapi_versions,290_nincada/gen7_usum_shiny_front.png
291,ninjask,official_art,official-artwork,291_ninjask/official_artwork.png
291,ninjask,home_art,pokemon_home,291_ninjask/home_art.png
291,ninjask,gen6_xy_front,pokeapi_versions,291_ninjask/gen6_xy_front.png
291,ninjask,gen6_xy_shiny_front,pokeapi_versions,291_ninjask/gen6_xy_shiny_front.png
291,ninjask,gen6_oras_front,pokeapi_versions,291_ninjask/gen6_oras_front.png
291,ninjask,gen6_oras_shiny_front,pokeapi_versions,291_ninjask/gen6_oras_shiny_front.png
291,ninjask,gen7_usum_front,pokeapi_versions,291_ninjask/gen7_usum_front.png
291,ninjask,gen7_usum_shiny_front,pokeapi_versions,291_ninjask/gen7_usum_shiny_front.png
292,shedinja,official_art,official-artwork,292_shedinja/official_artwork.png
292,shedinja,home_art,pokemon_home,292_shedinja/home_art.png
292,shedinja,gen6_xy_front,pokeapi_versions,292_shedinja/gen6_xy_front.png
292,shedinja,gen6_xy_shiny_front,pokeapi_versions,292_shedinja/gen6_xy_shiny_front.png
292,shedinja,gen6_oras_front,pokeapi_versions,292_shedinja/gen6_oras_front.png
292,shedinja,gen6_oras_shiny_front,pokeapi_versions,292_shedinja/gen6_oras_shiny_front.png
292,shedinja,gen7_usum_front,pokeapi_versions,292_shedinja/gen7_usum_front.png
292,shedinja,gen7_usum_shiny_front,pokeapi_versions,292_shedinja/gen7_usum_shiny_front.png
293,whismur,official_art,official-artwork,293_whismur/official_artwork.png
293,whismur,home_art,pokemon_home,293_whismur/home_art.png
293,whismur,gen6_xy_front,pokeapi_versions,293_whismur/gen6_xy_front.png
293,whismur,gen6_xy_shiny_front,pokeapi_versions,293_whismur/gen6_xy_shiny_front.png
293,whismur,gen6_oras_front,pokeapi_versions,293_whismur/gen6_oras_front.png
293,whismur,gen6_oras_shiny_front,pokeapi_versions,293_whismur/gen6_oras_shiny_front.png
293,whismur,gen7_usum_front,pokeapi_versions,293_whismur/gen7_usum_front.png
293,whismur,gen7_usum_shiny_front,pokeapi_versions,293_whismur/gen7_usum_shiny_front.png
294,loudred,official_art,official-artwork,294_loudred/official_artwork.png
294,loudred,home_art,pokemon_home,294_loudred/home_art.png
294,loudred,gen6_xy_front,pokeapi_versions,294_loudred/gen6_xy_front.png
294,loudred,gen6_xy_shiny_front,pokeapi_versions,294_loudred/gen6_xy_shiny_front.png
294,loudred,gen6_oras_front,pokeapi_versions,294_loudred/gen6_oras_front.png
294,loudred,gen6_oras_shiny_front,pokeapi_versions,294_loudred/gen6_oras_shiny_front.png
294,loudred,gen7_usum_front,pokeapi_versions,294_loudred/gen7_usum_front.png
294,loudred,gen7_usum_shiny_front,pokeapi_versions,294_loudred/gen7_usum_shiny_front.png
295,exploud,official_art,official-artwork,295_exploud/official_artwork.png
295,exploud,home_art,pokemon_home,295_exploud/home_art.png
295,exploud,gen6_xy_front,pokeapi_versions,295_exploud/gen6_xy_front.png
295,exploud,gen6_xy_shiny_front,pokeapi_versions,295_exploud/gen6_xy_shiny_front.png
295,exploud,gen6_oras_front,pokeapi_versions,295_exploud/gen6_oras_front.png
295,exploud,gen6_oras_shiny_front,pokeapi_versions,295_exploud/gen6_oras_shiny_front.png
295,exploud,gen7_usum_front,pokeapi_versions,295_exploud/gen7_usum_front.png
295,exploud,gen7_usum_shiny_front,pokeapi_versions,295_exploud/gen7_usum_shiny_front.png
296,makuhita,official_art,official-artwork,296_makuhita/official_artwork.png
296,makuhita,home_art,pokemon_home,296_makuhita/home_art.png
296,makuhita,gen6_xy_front,pokeapi_versions,296_makuhita/gen6_xy_front.png
296,makuhita,gen6_xy_shiny_front,pokeapi_versions,296_makuhita/gen6_xy_shiny_front.png
296,makuhita,gen6_oras_front,pokeapi_versions,296_makuhita/gen6_oras_front.png
296,makuhita,gen6_oras_shiny_front,pokeapi_versions,296_makuhita/gen6_oras_shiny_front.png
296,makuhita,gen7_usum_front,pokeapi_versions,296_makuhita/gen7_usum_front.png
296,makuhita,gen7_usum_shiny_front,pokeapi_versions,296_makuhita/gen7_usum_shiny_front.png
297,hariyama,official_art,official-artwork,297_hariyama/official_artwork.png
297,hariyama,home_art,pokemon_home,297_hariyama/home_art.png
297,hariyama,gen6_xy_front,pokeapi_versions,297_hariyama/gen6_xy_front.png
297,hariyama,gen6_xy_shiny_front,pokeapi_versions,297_hariyama/gen6_xy_shiny_front.png
297,hariyama,gen6_oras_front,pokeapi_versions,297_hariyama/gen6_oras_front.png
297,hariyama,gen6_oras_shiny_front,pokeapi_versions,297_hariyama/gen6_oras_shiny_front.png
297,hariyama,gen7_usum_front,pokeapi_versions,297_hariyama/gen7_usum_front.png
297,hariyama,gen7_usum_shiny_front,pokeapi_versions,297_hariyama/gen7_usum_shiny_front.png
298,azurill,official_art,official-artwork,298_azurill/official_artwork.png
298,azurill,home_art,pokemon_home,298_azurill/home_art.png
298,azurill,gen6_xy_front,pokeapi_versions,298_azurill/gen6_xy_front.png
298,azurill,gen6_xy_shiny_front,pokeapi_versions,298_azurill/gen6_xy_shiny_front.png
298,azurill,gen6_oras_front,pokeapi_versions,298_azurill/gen6_oras_front.png
298,azurill,gen6_oras_shiny_front,pokeapi_versions,298_azurill/gen6_oras_shiny_front.png
298,azurill,gen7_usum_front,pokeapi_versions,298_azurill/gen7_usum_front.png
298,azurill,gen7_usum_shiny_front,pokeapi_versions,298_azurill/gen7_usum_shiny_front.png
299,nosepass,official_art,official-artwork,299_nosepass/official_artwork.png
299,nosepass,home_art,pokemon_home,299_nosepass/home_art.png
299,nosepass,gen6_xy_front,pokeapi_versions,299_nosepass/gen6_xy_front.png
299,nosepass,gen6_xy_shiny_front,pokeapi_versions,299_nosepass/gen6_xy_shiny_front.png
299,nosepass,gen6_oras_front,pokeapi_versions,299_nosepass/gen6_oras_front.png
299,nosepass,gen6_oras_shiny_front,pokeapi_versions,299_nosepass/gen6_oras_shiny_front.png
299,nosepass,gen7_usum_front,pokeapi_versions,299_nosepass/gen7_usum_front.png
299,nosepass,gen7_usum_shiny_front,pokeapi_versions,299_nosepass/gen7_usum_shiny_front.png
300,skitty,official_art,official-artwork,300_skitty/official_artwork.png
300,skitty,home_art,pokemon_home,300_skitty/home_art.png
300,skitty,gen6_xy_front,pokeapi_versions,300_skitty/gen6_xy_front.png
300,skitty,gen6_xy_shiny_front,pokeapi_versions,300_skitty/gen6_xy_shiny_front.png
300,skitty,gen6_oras_front,pokeapi_versions,300_skitty/gen6_oras_front.png
300,skitty,gen6_oras_shiny_front,pokeapi_versions,300_skitty/gen6_oras_shiny_front.png
300,skitty,gen7_usum_front,pokeapi_versions,300_skitty/gen7_usum_front.png
300,skitty,gen7_usum_shiny_front,pokeapi_versions,300_skitty/gen7_usum_shiny_front.png
301,delcatty,official_art,official-artwork,301_delcatty/official_artwork.png
301,delcatty,home_art,pokemon_home,301_delcatty/home_art.png
301,delcatty,gen6_xy_front,pokeapi_versions,301_delcatty/gen6_xy_front.png
301,delcatty,gen6_xy_shiny_front,pokeapi_versions,301_delcatty/gen6_xy_shiny_front.png
301,delcatty,gen6_oras_front,pokeapi_versions,301_delcatty/gen6_oras_front.png
301,delcatty,gen6_oras_shiny_front,pokeapi_versions,301_delcatty/gen6_oras_shiny_front.png
301,delcatty,gen7_usum_front,pokeapi_versions,301_delcatty/gen7_usum_front.png
301,delcatty,gen7_usum_shiny_front,pokeapi_versions,301_delcatty/gen7_usum_shiny_front.png
302,sableye,official_art,official-artwork,302_sableye/official_artwork.png
302,sableye,home_art,pokemon_home,302_sableye/home_art.png
302,sableye,gen6_xy_front,pokeapi_versions,302_sableye/gen6_xy_front.png
302,sableye,gen6_xy_shiny_front,pokeapi_versions,302_sableye/gen6_xy_shiny_front.png
302,sableye,gen6_oras_front,pokeapi_versions,302_sableye/gen6_oras_front.png
302,sableye,gen6_oras_shiny_front,pokeapi_versions,302_sableye/gen6_oras_shiny_front.png
302,sableye,gen7_usum_front,pokeapi_versions,302_sableye/gen7_usum_front.png
302,sableye,gen7_usum_shiny_front,pokeapi_versions,302_sableye/gen7_usum_shiny_front.png
303,mawile,official_art,official-artwork,303_mawile/official_artwork.png
303,mawile,home_art,pokemon_home,303_mawile/home_art.png
303,mawile,gen6_xy_front,pokeapi_versions,303_mawile/gen6_xy_front.png
303,mawile,gen6_xy_shiny_front,pokeapi_versions,303_mawile/gen6_xy_shiny_front.png
303,mawile,gen6_oras_front,pokeapi_versions,303_mawile/gen6_oras_front.png
303,mawile,gen6_oras_shiny_front,pokeapi_versions,303_mawile/gen6_oras_shiny_front.png
303,mawile,gen7_usum_front,pokeapi_versions,303_mawile/gen7_usum_front.png
303,mawile,gen7_usum_shiny_front,pokeapi_versions,303_mawile/gen7_usum_shiny_front.png
304,aron,official_art,official-artwork,304_aron/official_artwork.png
304,aron,home_art,pokemon_home,304_aron/home_art.png
304,aron,gen6_xy_front,pokeapi_versions,304_aron/gen6_xy_front.png
304,aron,gen6_xy_shiny_front,pokeapi_versions,304_aron/gen6_xy_shiny_front.png
304,aron,gen6_oras_front,pokeapi_versions,304_aron/gen6_oras_front.png
304,aron,gen6_oras_shiny_front,pokeapi_versions,304_aron/gen6_oras_shiny_front.png
304,aron,gen7_usum_front,pokeapi_versions,304_aron/gen7_usum_front.png
304,aron,gen7_usum_shiny_front,pokeapi_versions,304_aron/gen7_usum_shiny_front.png
305,lairon,official_art,official-artwork,305_lairon/official_artwork.png
305,lairon,home_art,pokemon_home,305_lairon/home_art.png
305,lairon,gen6_xy_front,pokeapi_versions,305_lairon/gen6_xy_front.png
305,lairon,gen6_xy_shiny_front,pokeapi_versions,305_lairon/gen6_xy_shiny_front.png
305,lairon,gen6_oras_front,pokeapi_versions,305_lairon/gen6_oras_front.png
305,lairon,gen6_oras_shiny_front,pokeapi_versions,305_lairon/gen6_oras_shiny_front.png
305,lairon,gen7_usum_front,pokeapi_versions,305_lairon/gen7_usum_front.png
305,lairon,gen7_usum_shiny_front,pokeapi_versions,305_lairon/gen7_usum_shiny_front.png
306,aggron,official_art,official-artwork,306_aggron/official_artwork.png
306,aggron,home_art,pokemon_home,306_aggron/home_art.png
306,aggron,gen6_xy_front,pokeapi_versions,306_aggron/gen6_xy_front.png
306,aggron,gen6_xy_shiny_front,pokeapi_versions,306_aggron/gen6_xy_shiny_front.png
306,aggron,gen6_oras_front,pokeapi_versions,306_aggron/gen6_oras_front.png
306,aggron,gen6_oras_shiny_front,pokeapi_versions,306_aggron/gen6_oras_shiny_front.png
306,aggron,gen7_usum_front,pokeapi_versions,306_aggron/gen7_usum_front.png
306,aggron,gen7_usum_shiny_front,pokeapi_versions,306_aggron/gen7_usum_shiny_front.png
307,meditite,official_art,official-artwork,307_meditite/official_artwork.png
307,meditite,home_art,pokemon_home,307_meditite/home_art.png
307,meditite,gen6_xy_front,pokeapi_versions,307_meditite/gen6_xy_front.png
307,meditite,gen6_xy_shiny_front,pokeapi_versions,307_meditite/gen6_xy_shiny_front.png
307,meditite,gen6_oras_front,pokeapi_versions,307_meditite/gen6_oras_front.png
307,meditite,gen6_oras_shiny_front,pokeapi_versions,307_meditite/gen6_oras_shiny_front.png
307,meditite,gen7_usum_front,pokeapi_versions,307_meditite/gen7_usum_front.png
307,meditite,gen7_usum_shiny_front,pokeapi_versions,307_meditite/gen7_usum_shiny_front.png
308,medicham,official_art,official-artwork,308_medicham/official_artwork.png
308,medicham,home_art,pokemon_home,308_medicham/home_art.png
308,medicham,gen6_xy_front,pokeapi_versions,308_medicham/gen6_xy_front.png
308,medicham,gen6_xy_shiny_front,pokeapi_versions,308_medicham/gen6_xy_shiny_front.png
308,medicham,gen6_oras_front,pokeapi_versions,308_medicham/gen6_oras_front.png
308,medicham,gen6_oras_shiny_front,pokeapi_versions,308_medicham/gen6_oras_shiny_front.png
308,medicham,gen7_usum_front,pokeapi_versions,308_medicham/gen7_usum_front.png
308,medicham,gen7_usum_shiny_front,pokeapi_versions,308_medicham/gen7_usum_shiny_front.png
309,electrike,official_art,official-artwork,309_electrike/official_artwork.png
309,electrike,home_art,pokemon_home,309_electrike/home_art.png
309,electrike,gen6_xy_front,pokeapi_versions,309_electrike/gen6_xy_front.png
309,electrike,gen6_xy_shiny_front,pokeapi_versions,309_electrike/gen6_xy_shiny_front.png
309,electrike,gen6_oras_front,pokeapi_versions,309_electrike/gen6_oras_front.png
309,electrike,gen6_oras_shiny_front,pokeapi_versions,309_electrike/gen6_oras_shiny_front.png
309,electrike,gen7_usum_front,pokeapi_versions,309_electrike/gen7_usum_front.png
309,electrike,gen7_usum_shiny_front,pokeapi_versions,309_electrike/gen7_usum_shiny_front.png
310,manectric,official_art,official-artwork,310_manectric/official_artwork.png
310,manectric,home_art,pokemon_home,310_manectric/home_art.png
310,manectric,gen6_xy_front,pokeapi_versions,310_manectric/gen6_xy_front.png
310,manectric,gen6_xy_shiny_front,pokeapi_versions,310_manectric/gen6_xy_shiny_front.png
310,manectric,gen6_oras_front,pokeapi_versions,310_manectric/gen6_oras_front.png
310,manectric,gen6_oras_shiny_front,pokeapi_versions,310_manectric/gen6_oras_shiny_front.png
310,manectric,gen7_usum_front,pokeapi_versions,310_manectric/gen7_usum_front.png
310,manectric,gen7_usum_shiny_front,pokeapi_versions,310_manectric/gen7_usum_shiny_front.png
311,plusle,official_art,official-artwork,311_plusle/official_artwork.png
311,plusle,home_art,pokemon_home,311_plusle/home_art.png
311,plusle,gen6_xy_front,pokeapi_versions,311_plusle/gen6_xy_front.png
311,plusle,gen6_xy_shiny_front,pokeapi_versions,311_plusle/gen6_xy_shiny_front.png
311,plusle,gen6_oras_front,pokeapi_versions,311_plusle/gen6_oras_front.png
311,plusle,gen6_oras_shiny_front,pokeapi_versions,311_plusle/gen6_oras_shiny_front.png
311,plusle,gen7_usum_front,pokeapi_versions,311_plusle/gen7_usum_front.png
311,plusle,gen7_usum_shiny_front,pokeapi_versions,311_plusle/gen7_usum_shiny_front.png
312,minun,official_art,official-artwork,312_minun/official_artwork.png
312,minun,home_art,pokemon_home,312_minun/home_art.png
312,minun,gen6_xy_front,pokeapi_versions,312_minun/gen6_xy_front.png
312,minun,gen6_xy_shiny_front,pokeapi_versions,312_minun/gen6_xy_shiny_front.png
312,minun,gen6_oras_front,pokeapi_versions,312_minun/gen6_oras_front.png
312,minun,gen6_oras_shiny_front,pokeapi_versions,312_minun/gen6_oras_shiny_front.png
312,minun,gen7_usum_front,pokeapi_versions,312_minun/gen7_usum_front.png
312,minun,gen7_usum_shiny_front,pokeapi_versions,312_minun/gen7_usum_shiny_front.png
313,volbeat,official_art,official-artwork,313_volbeat/official_artwork.png
313,volbeat,home_art,pokemon_home,313_volbeat/home_art.png
313,volbeat,gen6_xy_front,pokeapi_versions,313_volbeat/gen6_xy_front.png
313,volbeat,gen6_xy_shiny_front,pokeapi_versions,313_volbeat/gen6_xy_shiny_front.png
313,volbeat,gen6_oras_front,pokeapi_versions,313_volbeat/gen6_oras_front.png
313,volbeat,gen6_oras_shiny_front,pokeapi_versions,313_volbeat/gen6_oras_shiny_front.png
313,volbeat,gen7_usum_front,pokeapi_versions,313_volbeat/gen7_usum_front.png
313,volbeat,gen7_usum_shiny_front,pokeapi_versions,313_volbeat/gen7_usum_shiny_front.png
314,illumise,official_art,official-artwork,314_illumise/official_artwork.png
314,illumise,home_art,pokemon_home,314_illumise/home_art.png
314,illumise,gen6_xy_front,pokeapi_versions,314_illumise/gen6_xy_front.png
314,illumise,gen6_xy_shiny_front,pokeapi_versions,314_illumise/gen6_xy_shiny_front.png
314,illumise,gen6_oras_front,pokeapi_versions,314_illumise/gen6_oras_front.png
314,illumise,gen6_oras_shiny_front,pokeapi_versions,314_illumise/gen6_oras_shiny_front.png
314,illumise,gen7_usum_front,pokeapi_versions,314_illumise/gen7_usum_front.png
314,illumise,gen7_usum_shiny_front,pokeapi_versions,314_illumise/gen7_usum_shiny_front.png
315,roselia,official_art,official-artwork,315_roselia/official_artwork.png
315,roselia,home_art,pokemon_home,315_roselia/home_art.png
315,roselia,gen6_xy_front,pokeapi_versions,315_roselia/gen6_xy_front.png
315,roselia,gen6_xy_shiny_front,pokeapi_versions,315_roselia/gen6_xy_shiny_front.png
315,roselia,gen6_oras_front,pokeapi_versions,315_roselia/gen6_oras_front.png
315,roselia,gen6_oras_shiny_front,pokeapi_versions,315_roselia/gen6_oras_shiny_front.png
315,roselia,gen7_usum_front,pokeapi_versions,315_roselia/gen7_usum_front.png
315,roselia,gen7_usum_shiny_front,pokeapi_versions,315_roselia/gen7_usum_shiny_front.png
316,gulpin,official_art,official-artwork,316_gulpin/official_artwork.png
316,gulpin,home_art,pokemon_home,316_gulpin/home_art.png
316,gulpin,gen6_xy_front,pokeapi_versions,316_gulpin/gen6_xy_front.png
316,gulpin,gen6_xy_shiny_front,pokeapi_versions,316_gulpin/gen6_xy_shiny_front.png
316,gulpin,gen6_oras_front,pokeapi_versions,316_gulpin/gen6_oras_front.png
316,gulpin,gen6_oras_shiny_front,pokeapi_versions,316_gulpin/gen6_oras_shiny_front.png
316,gulpin,gen7_usum_front,pokeapi_versions,316_gulpin/gen7_usum_front.png
316,gulpin,gen7_usum_shiny_front,pokeapi_versions,316_gulpin/gen7_usum_shiny_front.png
317,swalot,official_art,official-artwork,317_swalot/official_artwork.png
317,swalot,home_art,pokemon_home,317_swalot/home_art.png
317,swalot,gen6_xy_front,pokeapi_versions,317_swalot/gen6_xy_front.png
317,swalot,gen6_xy_shiny_front,pokeapi_versions,317_swalot/gen6_xy_shiny_front.png
317,swalot,gen6_oras_front,pokeapi_versions,317_swalot/gen6_oras_front.png
317,swalot,gen6_oras_shiny_front,pokeapi_versions,317_swalot/gen6_oras_shiny_front.png
317,swalot,gen7_usum_front,pokeapi_versions,317_swalot/gen7_usum_front.png
317,swalot,gen7_usum_shiny_front,pokeapi_versions,317_swalot/gen7_usum_shiny_front.png
318,carvanha,official_art,official-artwork,318_carvanha/official_artwork.png
318,carvanha,home_art,pokemon_home,318_carvanha/home_art.png
318,carvanha,gen6_xy_front,pokeapi_versions,318_carvanha/gen6_xy_front.png
318,carvanha,gen6_xy_shiny_front,pokeapi_versions,318_carvanha/gen6_xy_shiny_front.png
318,carvanha,gen6_oras_front,pokeapi_versions,318_carvanha/gen6_oras_front.png
318,carvanha,gen6_oras_shiny_front,pokeapi_versions,318_carvanha/gen6_oras_shiny_front.png
318,carvanha,gen7_usum_front,pokeapi_versions,318_carvanha/gen7_usum_front.png
318,carvanha,gen7_usum_shiny_front,pokeapi_versions,318_carvanha/gen7_usum_shiny_front.png
319,sharpedo,official_art,official-artwork,319_sharpedo/official_artwork.png
319,sharpedo,home_art,pokemon_home,319_sharpedo/home_art.png
319,sharpedo,gen6_xy_front,pokeapi_versions,319_sharpedo/gen6_xy_front.png
319,sharpedo,gen6_xy_shiny_front,pokeapi_versions,319_sharpedo/gen6_xy_shiny_front.png
319,sharpedo,gen6_oras_front,pokeapi_versions,319_sharpedo/gen6_oras_front.png
319,sharpedo,gen6_oras_shiny_front,pokeapi_versions,319_sharpedo/gen6_oras_shiny_front.png
319,sharpedo,gen7_usum_front,pokeapi_versions,319_sharpedo/gen7_usum_front.png
319,sharpedo,gen7_usum_shiny_front,pokeapi_versions,319_sharpedo/gen7_usum_shiny_front.png
320,wailmer,official_art,official-artwork,320_wailmer/official_artwork.png
320,wailmer,home_art,pokemon_home,320_wailmer/home_art.png
320,wailmer,gen6_xy_front,pokeapi_versions,320_wailmer/gen6_xy_front.png
320,wailmer,gen6_xy_shiny_front,pokeapi_versions,320_wailmer/gen6_xy_shiny_front.png
320,wailmer,gen6_oras_front,pokeapi_versions,320_wailmer/gen6_oras_front.png
320,wailmer,gen6_oras_shiny_front,pokeapi_versions,320_wailmer/gen6_oras_shiny_front.png
320,wailmer,gen7_usum_front,pokeapi_versions,320_wailmer/gen7_usum_front.png
320,wailmer,gen7_usum_shiny_front,pokeapi_versions,320_wailmer/gen7_usum_shiny_front.png
321,wailord,official_art,official-artwork,321_wailord/official_artwork.png
321,wailord,home_art,pokemon_home,321_wailord/home_art.png
321,wailord,gen6_xy_front,pokeapi_versions,321_wailord/gen6_xy_front.png
321,wailord,gen6_xy_shiny_front,pokeapi_versions,321_wailord/gen6_xy_shiny_front.png
321,wailord,gen6_oras_front,pokeapi_versions,321_wailord/gen6_oras_front.png
321,wailord,gen6_oras_shiny_front,pokeapi_versions,321_wailord/gen6_oras_shiny_front.png
321,wailord,gen7_usum_front,pokeapi_versions,321_wailord/gen7_usum_front.png
321,wailord,gen7_usum_shiny_front,pokeapi_versions,321_wailord/gen7_usum_shiny_front.png
322,numel,official_art,official-artwork,322_numel/official_artwork.png
322,numel,home_art,pokemon_home,322_numel/home_art.png
322,numel,gen6_xy_front,pokeapi_versions,322_numel/gen6_xy_front.png
322,numel,gen6_xy_shiny_front,pokeapi_versions,322_numel/gen6_xy_shiny_front.png
322,numel,gen6_oras_front,pokeapi_versions,322_numel/gen6_oras_front.png
322,numel,gen6_oras_shiny_front,pokeapi_versions,322_numel/gen6_oras_shiny_front.png
322,numel,gen7_usum_front,pokeapi_versions,322_numel/gen7_usum_front.png
322,numel,gen7_usum_shiny_front,pokeapi_versions,322_numel/gen7_usum_shiny_front.png
323,camerupt,official_art,official-artwork,323_camerupt/official_artwork.png
323,camerupt,home_art,pokemon_home,323_camerupt/home_art.png
323,camerupt,gen6_xy_front,pokeapi_versions,323_camerupt/gen6_xy_front.png
323,camerupt,gen6_xy_shiny_front,pokeapi_versions,323_camerupt/gen6_xy_shiny_front.png
323,camerupt,gen6_oras_front,pokeapi_versions,323_camerupt/gen6_oras_front.png
323,camerupt,gen6_oras_shiny_front,pokeapi_versions,323_camerupt/gen6_oras_shiny_front.png
323,camerupt,gen7_usum_front,pokeapi_versions,323_camerupt/gen7_usum_front.png
323,camerupt,gen7_usum_shiny_front,pokeapi_versions,323_camerupt/gen7_usum_shiny_front.png
324,torkoal,official_art,official-artwork,324_torkoal/official_artwork.png
324,torkoal,home_art,pokemon_home,324_torkoal/home_art.png
324,torkoal,gen6_xy_front,pokeapi_versions,324_torkoal/gen6_xy_front.png
324,torkoal,gen6_xy_shiny_front,pokeapi_versions,324_torkoal/gen6_xy_shiny_front.png
324,torkoal,gen6_oras_front,pokeapi_versions,324_torkoal/gen6_oras_front.png
324,torkoal,gen6_oras_shiny_front,pokeapi_versions,324_torkoal/gen6_oras_shiny_front.png
324,torkoal,gen7_usum_front,pokeapi_versions,324_torkoal/gen7_usum_front.png
324,torkoal,gen7_usum_shiny_front,pokeapi_versions,324_torkoal/gen7_usum_shiny_front.png
325,spoink,official_art,official-artwork,325_spoink/official_artwork.png
325,spoink,home_art,pokemon_home,325_spoink/home_art.png
325,spoink,gen6_xy_front,pokeapi_versions,325_spoink/gen6_xy_front.png
325,spoink,gen6_xy_shiny_front,pokeapi_versions,325_spoink/gen6_xy_shiny_front.png
325,spoink,gen6_oras_front,pokeapi_versions,325_spoink/gen6_oras_front.png
325,spoink,gen6_oras_shiny_front,pokeapi_versions,325_spoink/gen6_oras_shiny_front.png
325,spoink,gen7_usum_front,pokeapi_versions,325_spoink/gen7_usum_front.png
325,spoink,gen7_usum_shiny_front,pokeapi_versions,325_spoink/gen7_usum_shiny_front.png
326,grumpig,official_art,official-artwork,326_grumpig/official_artwork.png
326,grumpig,home_art,pokemon_home,326_grumpig/home_art.png
326,grumpig,gen6_xy_front,pokeapi_versions,326_grumpig/gen6_xy_front.png
326,grumpig,gen6_xy_shiny_front,pokeapi_versions,326_grumpig/gen6_xy_shiny_front.png
326,grumpig,gen6_oras_front,pokeapi_versions,326_grumpig/gen6_oras_front.png
326,grumpig,gen6_oras_shiny_front,pokeapi_versions,326_grumpig/gen6_oras_shiny_front.png
326,grumpig,gen7_usum_front,pokeapi_versions,326_grumpig/gen7_usum_front.png
326,grumpig,gen7_usum_shiny_front,pokeapi_versions,326_grumpig/gen7_usum_shiny_front.png
327,spinda,official_art,official-artwork,327_spinda/official_artwork.png
327,spinda,home_art,pokemon_home,327_spinda/home_art.png
327,spinda,gen6_xy_front,pokeapi_versions,327_spinda/gen6_xy_front.png
327,spinda,gen6_xy_shiny_front,pokeapi_versions,327_spinda/gen6_xy_shiny_front.png
327,spinda,gen6_oras_front,pokeapi_versions,327_spinda/gen6_oras_front.png
327,spinda,gen6_oras_shiny_front,pokeapi_versions,327_spinda/gen6_oras_shiny_front.png
327,spinda,gen7_usum_front,pokeapi_versions,327_spinda/gen7_usum_front.png
327,spinda,gen7_usum_shiny_front,pokeapi_versions,327_spinda/gen7_usum_shiny_front.png
328,trapinch,official_art,official-artwork,328_trapinch/official_artwork.png
328,trapinch,home_art,pokemon_home,328_trapinch/home_art.png
328,trapinch,gen6_xy_front,pokeapi_versions,328_trapinch/gen6_xy_front.png
328,trapinch,gen6_xy_shiny_front,pokeapi_versions,328_trapinch/gen6_xy_shiny_front.png
328,trapinch,gen6_oras_front,pokeapi_versions,328_trapinch/gen6_oras_front.png
328,trapinch,gen6_oras_shiny_front,pokeapi_versions,328_trapinch/gen6_oras_shiny_front.png
328,trapinch,gen7_usum_front,pokeapi_versions,328_trapinch/gen7_usum_front.png
328,trapinch,gen7_usum_shiny_front,pokeapi_versions,328_trapinch/gen7_usum_shiny_front.png
329,vibrava,official_art,official-artwork,329_vibrava/official_artwork.png
329,vibrava,home_art,pokemon_home,329_vibrava/home_art.png
329,vibrava,gen6_xy_front,pokeapi_versions,329_vibrava/gen6_xy_front.png
329,vibrava,gen6_xy_shiny_front,pokeapi_versions,329_vibrava/gen6_xy_shiny_front.png
329,vibrava,gen6_oras_front,pokeapi_versions,329_vibrava/gen6_oras_front.png
329,vibrava,gen6_oras_shiny_front,pokeapi_versions,329_vibrava/gen6_oras_shiny_front.png
329,vibrava,gen7_usum_front,pokeapi_versions,329_vibrava/gen7_usum_front.png
329,vibrava,gen7_usum_shiny_front,pokeapi_versions,329_vibrava/gen7_usum_shiny_front.png
330,flygon,official_art,official-artwork,330_flygon/official_artwork.png
330,flygon,home_art,pokemon_home,330_flygon/home_art.png
330,flygon,gen6_xy_front,pokeapi_versions,330_flygon/gen6_xy_front.png
330,flygon,gen6_xy_shiny_front,pokeapi_versions,330_flygon/gen6_xy_shiny_front.png
330,flygon,gen6_oras_front,pokeapi_versions,330_flygon/gen6_oras_front.png
330,flygon,gen6_oras_shiny_front,pokeapi_versions,330_flygon/gen6_oras_shiny_front.png
330,flygon,gen7_usum_front,pokeapi_versions,330_flygon/gen7_usum_front.png
330,flygon,gen7_usum_shiny_front,pokeapi_versions,330_flygon/gen7_usum_shiny_front.png
331,cacnea,official_art,official-artwork,331_cacnea/official_artwork.png
331,cacnea,home_art,pokemon_home,331_cacnea/home_art.png
331,cacnea,gen6_xy_front,pokeapi_versions,331_cacnea/gen6_xy_front.png
331,cacnea,gen6_xy_shiny_front,pokeapi_versions,331_cacnea/gen6_xy_shiny_front.png
331,cacnea,gen6_oras_front,pokeapi_versions,331_cacnea/gen6_oras_front.png
331,cacnea,gen6_oras_shiny_front,pokeapi_versions,331_cacnea/gen6_oras_shiny_front.png
331,cacnea,gen7_usum_front,pokeapi_versions,331_cacnea/gen7_usum_front.png
331,cacnea,gen7_usum_shiny_front,pokeapi_versions,331_cacnea/gen7_usum_shiny_front.png
332,cacturne,official_art,official-artwork,332_cacturne/official_artwork.png
332,cacturne,home_art,pokemon_home,332_cacturne/home_art.png
332,cacturne,gen6_xy_front,pokeapi_versions,332_cacturne/gen6_xy_front.png
332,cacturne,gen6_xy_shiny_front,pokeapi_versions,332_cacturne/gen6_xy_shiny_front.png
332,cacturne,gen6_oras_front,pokeapi_versions,332_cacturne/gen6_oras_front.png
332,cacturne,gen6_oras_shiny_front,pokeapi_versions,332_cacturne/gen6_oras_shiny_front.png
332,cacturne,gen7_usum_front,pokeapi_versions,332_cacturne/gen7_usum_front.png
332,cacturne,gen7_usum_shiny_front,pokeapi_versions,332_cacturne/gen7_usum_shiny_front.png
333,swablu,official_art,official-artwork,333_swablu/official_artwork.png
333,swablu,home_art,pokemon_home,333_swablu/home_art.png
333,swablu,gen6_xy_front,pokeapi_versions,333_swablu/gen6_xy_front.png
333,swablu,gen6_xy_shiny_front,pokeapi_versions,333_swablu/gen6_xy_shiny_front.png
333,swablu,gen6_oras_front,pokeapi_versions,333_swablu/gen6_oras_front.png
333,swablu,gen6_oras_shiny_front,pokeapi_versions,333_swablu/gen6_oras_shiny_front.png
333,swablu,gen7_usum_front,pokeapi_versions,333_swablu/gen7_usum_front.png
333,swablu,gen7_usum_shiny_front,pokeapi_versions,333_swablu/gen7_usum_shiny_front.png
334,altaria,official_art,official-artwork,334_altaria/official_artwork.png
334,altaria,home_art,pokemon_home,334_altaria/home_art.png
334,altaria,gen6_xy_front,pokeapi_versions,334_altaria/gen6_xy_front.png
334,altaria,gen6_xy_shiny_front,pokeapi_versions,334_altaria/gen6_xy_shiny_front.png
334,altaria,gen6_oras_front,pokeapi_versions,334_altaria/gen6_oras_front.png
334,altaria,gen6_oras_shiny_front,pokeapi_versions,334_altaria/gen6_oras_shiny_front.png
334,altaria,gen7_usum_front,pokeapi_versions,334_altaria/gen7_usum_front.png
334,altaria,gen7_usum_shiny_front,pokeapi_versions,334_altaria/gen7_usum_shiny_front.png
335,zangoose,official_art,official-artwork,335_zangoose/official_artwork.png
335,zangoose,home_art,pokemon_home,335_zangoose/home_art.png
335,zangoose,gen6_xy_front,pokeapi_versions,335_zangoose/gen6_xy_front.png
335,zangoose,gen6_xy_shiny_front,pokeapi_versions,335_zangoose/gen6_xy_shiny_front.png
335,zangoose,gen6_oras_front,pokeapi_versions,335_zangoose/gen6_oras_front.png
335,zangoose,gen6_oras_shiny_front,pokeapi_versions,335_zangoose/gen6_oras_shiny_front.png
335,zangoose,gen7_usum_front,pokeapi_versions,335_zangoose/gen7_usum_front.png
335,zangoose,gen7_usum_shiny_front,pokeapi_versions,335_zangoose/gen7_usum_shiny_front.png
336,seviper,official_art,official-artwork,336_seviper/official_artwork.png
336,seviper,home_art,pokemon_home,336_seviper/home_art.png
336,seviper,gen6_xy_front,pokeapi_versions,336_seviper/gen6_xy_front.png
336,seviper,gen6_xy_shiny_front,pokeapi_versions,336_seviper/gen6_xy_shiny_front.png
336,seviper,gen6_oras_front,pokeapi_versions,336_seviper/gen6_oras_front.png
336,seviper,gen6_oras_shiny_front,pokeapi_versions,336_seviper/gen6_oras_shiny_front.png
336,seviper,gen7_usum_front,pokeapi_versions,336_seviper/gen7_usum_front.png
336,seviper,gen7_usum_shiny_front,pokeapi_versions,336_seviper/gen7_usum_shiny_front.png
337,lunatone,official_art,official-artwork,337_lunatone/official_artwork.png
337,lunatone,home_art,pokemon_home,337_lunatone/home_art.png
337,lunatone,gen6_xy_front,pokeapi_versions,337_lunatone/gen6_xy_front.png
337,lunatone,gen6_xy_shiny_front,pokeapi_versions,337_lunatone/gen6_xy_shiny_front.png
337,lunatone,gen6_oras_front,pokeapi_versions,337_lunatone/gen6_oras_front.png
337,lunatone,gen6_oras_shiny_front,pokeapi_versions,337_lunatone/gen6_oras_shiny_front.png
337,lunatone,gen7_usum_front,pokeapi_versions,337_lunatone/gen7_usum_front.png
337,lunatone,gen7_usum_shiny_front,pokeapi_versions,337_lunatone/gen7_usum_shiny_front.png
338,solrock,official_art,official-artwork,338_solrock/official_artwork.png
338,solrock,home_art,pokemon_home,338_solrock/home_art.png
338,solrock,gen6_xy_front,pokeapi_versions,338_solrock/gen6_xy_front.png
338,solrock,gen6_xy_shiny_front,pokeapi_versions,338_solrock/gen6_xy_shiny_front.png
338,solrock,gen6_oras_front,pokeapi_versions,338_solrock/gen6_oras_front.png
338,solrock,gen6_oras_shiny_front,pokeapi_versions,338_solrock/gen6_oras_shiny_front.png
338,solrock,gen7_usum_front,pokeapi_versions,338_solrock/gen7_usum_front.png
338,solrock,gen7_usum_shiny_front,pokeapi_versions,338_solrock/gen7_usum_shiny_front.png
339,barboach,official_art,official-artwork,339_barboach/official_artwork.png
339,barboach,home_art,pokemon_home,339_barboach/home_art.png
339,barboach,gen6_xy_front,pokeapi_versions,339_barboach/gen6_xy_front.png
339,barboach,gen6_xy_shiny_front,pokeapi_versions,339_barboach/gen6_xy_shiny_front.png
339,barboach,gen6_oras_front,pokeapi_versions,339_barboach/gen6_oras_front.png
339,barboach,gen6_oras_shiny_front,pokeapi_versions,339_barboach/gen6_oras_shiny_front.png
339,barboach,gen7_usum_front,pokeapi_versions,339_barboach/gen7_usum_front.png
339,barboach,gen7_usum_shiny_front,pokeapi_versions,339_barboach/gen7_usum_shiny_front.png
340,whiscash,official_art,official-artwork,340_whiscash/official_artwork.png
340,whiscash,home_art,pokemon_home,340_whiscash/home_art.png
340,whiscash,gen6_xy_front,pokeapi_versions,340_whiscash/gen6_xy_front.png
340,whiscash,gen6_xy_shiny_front,pokeapi_versions,340_whiscash/gen6_xy_shiny_front.png
340,whiscash,gen6_oras_front,pokeapi_versions,340_whiscash/gen6_oras_front.png
340,whiscash,gen6_oras_shiny_front,pokeapi_versions,340_whiscash/gen6_oras_shiny_front.png
340,whiscash,gen7_usum_front,pokeapi_versions,340_whiscash/gen7_usum_front.png
340,whiscash,gen7_usum_shiny_front,pokeapi_versions,340_whiscash/gen7_usum_shiny_front.png
341,corphish,official_art,official-artwork,341_corphish/official_artwork.png
341,corphish,home_art,pokemon_home,341_corphish/home_art.png
341,corphish,gen6_xy_front,pokeapi_versions,341_corphish/gen6_xy_front.png
341,corphish,gen6_xy_shiny_front,pokeapi_versions,341_corphish/gen6_xy_shiny_front.png
341,corphish,gen6_oras_front,pokeapi_versions,341_corphish/gen6_oras_front.png
341,corphish,gen6_oras_shiny_front,pokeapi_versions,341_corphish/gen6_oras_shiny_front.png
341,corphish,gen7_usum_front,pokeapi_versions,341_corphish/gen7_usum_front.png
341,corphish,gen7_usum_shiny_front,pokeapi_versions,341_corphish/gen7_usum_shiny_front.png
342,crawdaunt,official_art,official-artwork,342_crawdaunt/official_artwork.png
342,crawdaunt,home_art,pokemon_home,342_crawdaunt/home_art.png
342,crawdaunt,gen6_xy_front,pokeapi_versions,342_crawdaunt/gen6_xy_front.png
342,crawdaunt,gen6_xy_shiny_front,pokeapi_versions,342_crawdaunt/gen6_xy_shiny_front.png
342,crawdaunt,gen6_oras_front,pokeapi_versions,342_crawdaunt/gen6_oras_front.png
342,crawdaunt,gen6_oras_shiny_front,pokeapi_versions,342_crawdaunt/gen6_oras_shiny_front.png
342,crawdaunt,gen7_usum_front,pokeapi_versions,342_crawdaunt/gen7_usum_front.png
342,crawdaunt,gen7_usum_shiny_front,pokeapi_versions,342_crawdaunt/gen7_usum_shiny_front.png
343,baltoy,official_art,official-artwork,343_baltoy/official_artwork.png
343,baltoy,home_art,pokemon_home,343_baltoy/home_art.png
343,baltoy,gen6_xy_front,pokeapi_versions,343_baltoy/gen6_xy_front.png
343,baltoy,gen6_xy_shiny_front,pokeapi_versions,343_baltoy/gen6_xy_shiny_front.png
343,baltoy,gen6_oras_front,pokeapi_versions,343_baltoy/gen6_oras_front.png
343,baltoy,gen6_oras_shiny_front,pokeapi_versions,343_baltoy/gen6_oras_shiny_front.png
343,baltoy,gen7_usum_front,pokeapi_versions,343_baltoy/gen7_usum_front.png
343,baltoy,gen7_usum_shiny_front,pokeapi_versions,343_baltoy/gen7_usum_shiny_front.png
344,claydol,official_art,official-artwork,344_claydol/official_artwork.png
344,claydol,home_art,pokemon_home,344_claydol/home_art.png
344,claydol,gen6_xy_front,pokeapi_versions,344_claydol/gen6_xy_front.png
344,claydol,gen6_xy_shiny_front,pokeapi_versions,344_claydol/gen6_xy_shiny_front.png
344,claydol,gen6_oras_front,pokeapi_versions,344_claydol/gen6_oras_front.png
344,claydol,gen6_oras_shiny_front,pokeapi_versions,344_claydol/gen6_oras_shiny_front.png
344,claydol,gen7_usum_front,pokeapi_versions,344_claydol/gen7_usum_front.png
344,claydol,gen7_usum_shiny_front,pokeapi_versions,344_claydol/gen7_usum_shiny_front.png
345,lileep,official_art,official-artwork,345_lileep/official_artwork.png
345,lileep,home_art,pokemon_home,345_lileep/home_art.png
345,lileep,gen6_xy_front,pokeapi_versions,345_lileep/gen6_xy_front.png
345,lileep,gen6_xy_shiny_front,pokeapi_versions,345_lileep/gen6_xy_shiny_front.png
345,lileep,gen6_oras_front,pokeapi_versions,345_lileep/gen6_oras_front.png
345,lileep,gen6_oras_shiny_front,pokeapi_versions,345_lileep/gen6_oras_shiny_front.png
345,lileep,gen7_usum_front,pokeapi_versions,345_lileep/gen7_usum_front.png
345,lileep,gen7_usum_shiny_front,pokeapi_versions,345_lileep/gen7_usum_shiny_front.png
346,cradily,official_art,official-artwork,346_cradily/official_artwork.png
346,cradily,home_art,pokemon_home,346_cradily/home_art.png
346,cradily,gen6_xy_front,pokeapi_versions,346_cradily/gen6_xy_front.png
346,cradily,gen6_xy_shiny_front,pokeapi_versions,346_cradily/gen6_xy_shiny_front.png
346,cradily,gen6_oras_front,pokeapi_versions,346_cradily/gen6_oras_front.png
346,cradily,gen6_oras_shiny_front,pokeapi_versions,346_cradily/gen6_oras_shiny_front.png
346,cradily,gen7_usum_front,pokeapi_versions,346_cradily/gen7_usum_front.png
346,cradily,gen7_usum_shiny_front,pokeapi_versions,346_cradily/gen7_usum_shiny_front.png
347,anorith,official_art,official-artwork,347_anorith/official_artwork.png
347,anorith,home_art,pokemon_home,347_anorith/home_art.png
347,anorith,gen6_xy_front,pokeapi_versions,347_anorith/gen6_xy_front.png
347,anorith,gen6_xy_shiny_front,pokeapi_versions,347_anorith/gen6_xy_shiny_front.png
347,anorith,gen6_oras_front,pokeapi_versions,347_anorith/gen6_oras_front.png
347,anorith,gen6_oras_shiny_front,pokeapi_versions,347_anorith/gen6_oras_shiny_front.png
347,anorith,gen7_usum_front,pokeapi_versions,347_anorith/gen7_usum_front.png
347,anorith,gen7_usum_shiny_front,pokeapi_versions,347_anorith/gen7_usum_shiny_front.png
348,armaldo,official_art,official-artwork,348_armaldo/official_artwork.png
348,armaldo,home_art,pokemon_home,348_armaldo/home_art.png
348,armaldo,gen6_xy_front,pokeapi_versions,348_armaldo/gen6_xy_front.png
348,armaldo,gen6_xy_shiny_front,pokeapi_versions,348_armaldo/gen6_xy_shiny_front.png
348,armaldo,gen6_oras_front,pokeapi_versions,348_armaldo/gen6_oras_front.png
348,armaldo,gen6_oras_shiny_front,pokeapi_versions,348_armaldo/gen6_oras_shiny_front.png
348,armaldo,gen7_usum_front,pokeapi_versions,348_armaldo/gen7_usum_front.png
348,armaldo,gen7_usum_shiny_front,pokeapi_versions,348_armaldo/gen7_usum_shiny_front.png
349,feebas,official_art,official-artwork,349_feebas/official_artwork.png
349,feebas,home_art,pokemon_home,349_feebas/home_art.png
349,feebas,gen6_xy_front,pokeapi_versions,349_feebas/gen6_xy_front.png
349,feebas,gen6_xy_shiny_front,pokeapi_versions,349_feebas/gen6_xy_shiny_front.png
349,feebas,gen6_oras_front,pokeapi_versions,349_feebas/gen6_oras_front.png
349,feebas,gen6_oras_shiny_front,pokeapi_versions,349_feebas/gen6_oras_shiny_front.png
349,feebas,gen7_usum_front,pokeapi_versions,349_feebas/gen7_usum_front.png
349,feebas,gen7_usum_shiny_front,pokeapi_versions,349_feebas/gen7_usum_shiny_front.png
350,milotic,official_art,official-artwork,350_milotic/official_artwork.png
350,milotic,home_art,pokemon_home,350_milotic/home_art.png
350,milotic,gen6_xy_front,pokeapi_versions,350_milotic/gen6_xy_front.png
350,milotic,gen6_xy_shiny_front,pokeapi_versions,350_milotic/gen6_xy_shiny_front.png
350,milotic,gen6_oras_front,pokeapi_versions,350_milotic/gen6_oras_front.png
350,milotic,gen6_oras_shiny_front,pokeapi_versions,350_milotic/gen6_oras_shiny_front.png
350,milotic,gen7_usum_front,pokeapi_versions,350_milotic/gen7_usum_front.png
350,milotic,gen7_usum_shiny_front,pokeapi_versions,350_milotic/gen7_usum_shiny_front.png
351,castform,official_art,official-artwork,351_castform/official_artwork.png
351,castform,home_art,pokemon_home,351_castform/home_art.png
351,castform,gen6_xy_front,pokeapi_versions,351_castform/gen6_xy_front.png
351,castform,gen6_xy_shiny_front,pokeapi_versions,351_castform/gen6_xy_shiny_front.png
351,castform,gen6_oras_front,pokeapi_versions,351_castform/gen6_oras_front.png
351,castform,gen6_oras_shiny_front,pokeapi_versions,351_castform/gen6_oras_shiny_front.png
351,castform,gen7_usum_front,pokeapi_versions,351_castform/gen7_usum_front.png
351,castform,gen7_usum_shiny_front,pokeapi_versions,351_castform/gen7_usum_shiny_front.png
352,kecleon,official_art,official-artwork,352_kecleon/official_artwork.png
352,kecleon,home_art,pokemon_home,352_kecleon/home_art.png
352,kecleon,gen6_xy_front,pokeapi_versions,352_kecleon/gen6_xy_front.png
352,kecleon,gen6_xy_shiny_front,pokeapi_versions,352_kecleon/gen6_xy_shiny_front.png
352,kecleon,gen6_oras_front,pokeapi_versions,352_kecleon/gen6_oras_front.png
352,kecleon,gen6_oras_shiny_front,pokeapi_versions,352_kecleon/gen6_oras_shiny_front.png
352,kecleon,gen7_usum_front,pokeapi_versions,352_kecleon/gen7_usum_front.png
352,kecleon,gen7_usum_shiny_front,pokeapi_versions,352_kecleon/gen7_usum_shiny_front.png
353,shuppet,official_art,official-artwork,353_shuppet/official_artwork.png
353,shuppet,home_art,pokemon_home,353_shuppet/home_art.png
353,shuppet,gen6_xy_front,pokeapi_versions,353_shuppet/gen6_xy_front.png
353,shuppet,gen6_xy_shiny_front,pokeapi_versions,353_shuppet/gen6_xy_shiny_front.png
353,shuppet,gen6_oras_front,pokeapi_versions,353_shuppet/gen6_oras_front.png
353,shuppet,gen6_oras_shiny_front,pokeapi_versions,353_shuppet/gen6_oras_shiny_front.png
353,shuppet,gen7_usum_front,pokeapi_versions,353_shuppet/gen7_usum_front.png
353,shuppet,gen7_usum_shiny_front,pokeapi_versions,353_shuppet/gen7_usum_shiny_front.png
354,banette,official_art,official-artwork,354_banette/official_artwork.png
354,banette,home_art,pokemon_home,354_banette/home_art.png
354,banette,gen6_xy_front,pokeapi_versions,354_banette/gen6_xy_front.png
354,banette,gen6_xy_shiny_front,pokeapi_versions,354_banette/gen6_xy_shiny_front.png
354,banette,gen6_oras_front,pokeapi_versions,354_banette/gen6_oras_front.png
354,banette,gen6_oras_shiny_front,pokeapi_versions,354_banette/gen6_oras_shiny_front.png
354,banette,gen7_usum_front,pokeapi_versions,354_banette/gen7_usum_front.png
354,banette,gen7_usum_shiny_front,pokeapi_versions,354_banette/gen7_usum_shiny_front.png
355,duskull,official_art,official-artwork,355_duskull/official_artwork.png
355,duskull,home_art,pokemon_home,355_duskull/home_art.png
355,duskull,gen6_xy_front,pokeapi_versions,355_duskull/gen6_xy_front.png
355,duskull,gen6_xy_shiny_front,pokeapi_versions,355_duskull/gen6_xy_shiny_front.png
355,duskull,gen6_oras_front,pokeapi_versions,355_duskull/gen6_oras_front.png
355,duskull,gen6_oras_shiny_front,pokeapi_versions,355_duskull/gen6_oras_shiny_front.png
355,duskull,gen7_usum_front,pokeapi_versions,355_duskull/gen7_usum_front.png
355,duskull,gen7_usum_shiny_front,pokeapi_versions,355_duskull/gen7_usum_shiny_front.png
356,dusclops,official_art,official-artwork,356_dusclops/official_artwork.png
356,dusclops,home_art,pokemon_home,356_dusclops/home_art.png
356,dusclops,gen6_xy_front,pokeapi_versions,356_dusclops/gen6_xy_front.png
356,dusclops,gen6_xy_shiny_front,pokeapi_versions,356_dusclops/gen6_xy_shiny_front.png
356,dusclops,gen6_oras_front,pokeapi_versions,356_dusclops/gen6_oras_front.png
356,dusclops,gen6_oras_shiny_front,pokeapi_versions,356_dusclops/gen6_oras_shiny_front.png
356,dusclops,gen7_usum_front,pokeapi_versions,356_dusclops/gen7_usum_front.png
356,dusclops,gen7_usum_shiny_front,pokeapi_versions,356_dusclops/gen7_usum_shiny_front.png
357,tropius,official_art,official-artwork,357_tropius/official_artwork.png
357,tropius,home_art,pokemon_home,357_tropius/home_art.png
357,tropius,gen6_xy_front,pokeapi_versions,357_tropius/gen6_xy_front.png
357,tropius,gen6_xy_shiny_front,pokeapi_versions,357_tropius/gen6_xy_shiny_front.png
357,tropius,gen6_oras_front,pokeapi_versions,357_tropius/gen6_oras_front.png
357,tropius,gen6_oras_shiny_front,pokeapi_versions,357_tropius/gen6_oras_shiny_front.png
357,tropius,gen7_usum_front,pokeapi_versions,357_tropius/gen7_usum_front.png
357,tropius,gen7_usum_shiny_front,pokeapi_versions,357_tropius/gen7_usum_shiny_front.png
358,chimecho,official_art,official-artwork,358_chimecho/official_artwork.png
358,chimecho,home_art,pokemon_home,358_chimecho/home_art.png
358,chimecho,gen6_xy_front,pokeapi_versions,358_chimecho/gen6_xy_front.png
358,chimecho,gen6_xy_shiny_front,pokeapi_versions,358_chimecho/gen6_xy_shiny_front.png
358,chimecho,gen6_oras_front,pokeapi_versions,358_chimecho/gen6_oras_front.png
358,chimecho,gen6_oras_shiny_front,pokeapi_versions,358_chimecho/gen6_oras_shiny_front.png
358,chimecho,gen7_usum_front,pokeapi_versions,358_chimecho/gen7_usum_front.png
358,chimecho,gen7_usum_shiny_front,pokeapi_versions,358_chimecho/gen7_usum_shiny_front.png
359,absol,official_art,official-artwork,359_absol/official_artwork.png
359,absol,home_art,pokemon_home,359_absol/home_art.png
359,absol,gen6_xy_front,pokeapi_versions,359_absol/gen6_xy_front.png
359,absol,gen6_xy_shiny_front,pokeapi_versions,359_absol/gen6_xy_shiny_front.png
359,absol,gen6_oras_front,pokeapi_versions,359_absol/gen6_oras_front.png
359,absol,gen6_oras_shiny_front,pokeapi_versions,359_absol/gen6_oras_shiny_front.png
359,absol,gen7_usum_front,pokeapi_versions,359_absol/gen7_usum_front.png
359,absol,gen7_usum_shiny_front,pokeapi_versions,359_absol/gen7_usum_shiny_front.png
360,wynaut,official_art,official-artwork,360_wynaut/official_artwork.png
360,wynaut,home_art,pokemon_home,360_wynaut/home_art.png
360,wynaut,gen6_xy_front,pokeapi_versions,360_wynaut/gen6_xy_front.png
360,wynaut,gen6_xy_shiny_front,pokeapi_versions,360_wynaut/gen6_xy_shiny_front.png
360,wynaut,gen6_oras_front,pokeapi_versions,360_wynaut/gen6_oras_front.png
360,wynaut,gen6_oras_shiny_front,pokeapi_versions,360_wynaut/gen6_oras_shiny_front.png
360,wynaut,gen7_usum_front,pokeapi_versions,360_wynaut/gen7_usum_front.png
360,wynaut,gen7_usum_shiny_front,pokeapi_versions,360_wynaut/gen7_usum_shiny_front.png
361,snorunt,official_art,official-artwork,361_snorunt/official_artwork.png
361,snorunt,home_art,pokemon_home,361_snorunt/home_art.png
361,snorunt,gen6_xy_front,pokeapi_versions,361_snorunt/gen6_xy_front.png
361,snorunt,gen6_xy_shiny_front,pokeapi_versions,361_snorunt/gen6_xy_shiny_front.png
361,snorunt,gen6_oras_front,pokeapi_versions,361_snorunt/gen6_oras_front.png
361,snorunt,gen6_oras_shiny_front,pokeapi_versions,361_snorunt/gen6_oras_shiny_front.png
361,snorunt,gen7_usum_front,pokeapi_versions,361_snorunt/gen7_usum_front.png
361,snorunt,gen7_usum_shiny_front,pokeapi_versions,361_snorunt/gen7_usum_shiny_front.png
362,glalie,official_art,official-artwork,362_glalie/official_artwork.png
362,glalie,home_art,pokemon_home,362_glalie/home_art.png
362,glalie,gen6_xy_front,pokeapi_versions,362_glalie/gen6_xy_front.png
362,glalie,gen6_xy_shiny_front,pokeapi_versions,362_glalie/gen6_xy_shiny_front.png
362,glalie,gen6_oras_front,pokeapi_versions,362_glalie/gen6_oras_front.png
362,glalie,gen6_oras_shiny_front,pokeapi_versions,362_glalie/gen6_oras_shiny_front.png
362,glalie,gen7_usum_front,pokeapi_versions,362_glalie/gen7_usum_front.png
362,glalie,gen7_usum_shiny_front,pokeapi_versions,362_glalie/gen7_usum_shiny_front.png
363,spheal,official_art,official-artwork,363_spheal/official_artwork.png
363,spheal,home_art,pokemon_home,363_spheal/home_art.png
363,spheal,gen6_xy_front,pokeapi_versions,363_spheal/gen6_xy_front.png
363,spheal,gen6_xy_shiny_front,pokeapi_versions,363_spheal/gen6_xy_shiny_front.png
363,spheal,gen6_oras_front,pokeapi_versions,363_spheal/gen6_oras_front.png
363,spheal,gen6_oras_shiny_front,pokeapi_versions,363_spheal/gen6_oras_shiny_front.png
363,spheal,gen7_usum_front,pokeapi_versions,363_spheal/gen7_usum_front.png
363,spheal,gen7_usum_shiny_front,pokeapi_versions,363_spheal/gen7_usum_shiny_front.png
364,sealeo,official_art,official-artwork,364_sealeo/official_artwork.png
364,sealeo,home_art,pokemon_home,364_sealeo/home_art.png
364,sealeo,gen6_xy_front,pokeapi_versions,364_sealeo/gen6_xy_front.png
364,sealeo,gen6_xy_shiny_front,pokeapi_versions,364_sealeo/gen6_xy_shiny_front.png
364,sealeo,gen6_oras_front,pokeapi_versions,364_sealeo/gen6_oras_front.png
364,sealeo,gen6_oras_shiny_front,pokeapi_versions,364_sealeo/gen6_oras_shiny_front.png
364,sealeo,gen7_usum_front,pokeapi_versions,364_sealeo/gen7_usum_front.png
364,sealeo,gen7_usum_shiny_front,pokeapi_versions,364_sealeo/gen7_usum_shiny_front.png
365,walrein,official_art,official-artwork,365_walrein/official_artwork.png
365,walrein,home_art,pokemon_home,365_walrein/home_art.png
365,walrein,gen6_xy_front,pokeapi_versions,365_walrein/gen6_xy_front.png
365,walrein,gen6_xy_shiny_front,pokeapi_versions,365_walrein/gen6_xy_shiny_front.png
365,walrein,gen6_oras_front,pokeapi_versions,365_walrein/gen6_oras_front.png
365,walrein,gen6_oras_shiny_front,pokeapi_versions,365_walrein/gen6_oras_shiny_front.png
365,walrein,gen7_usum_front,pokeapi_versions,365_walrein/gen7_usum_front.png
365,walrein,gen7_usum_shiny_front,pokeapi_versions,365_walrein/gen7_usum_shiny_front.png
366,clamperl,official_art,official-artwork,366_clamperl/official_artwork.png
366,clamperl,home_art,pokemon_home,366_clamperl/home_art.png
366,clamperl,gen6_xy_front,pokeapi_versions,366_clamperl/gen6_xy_front.png
366,clamperl,gen6_xy_shiny_front,pokeapi_versions,366_clamperl/gen6_xy_shiny_front.png
366,clamperl,gen6_oras_front,pokeapi_versions,366_clamperl/gen6_oras_front.png
366,clamperl,gen6_oras_shiny_front,pokeapi_versions,366_clamperl/gen6_oras_shiny_front.png
366,clamperl,gen7_usum_front,pokeapi_versions,366_clamperl/gen7_usum_front.png
366,clamperl,gen7_usum_shiny_front,pokeapi_versions,366_clamperl/gen7_usum_shiny_front.png
367,huntail,official_art,official-artwork,367_huntail/official_artwork.png
367,huntail,home_art,pokemon_home,367_huntail/home_art.png
367,huntail,gen6_xy_front,pokeapi_versions,367_huntail/gen6_xy_front.png
367,huntail,gen6_xy_shiny_front,pokeapi_versions,367_huntail/gen6_xy_shiny_front.png
367,huntail,gen6_oras_front,pokeapi_versions,367_huntail/gen6_oras_front.png
367,huntail,gen6_oras_shiny_front,pokeapi_versions,367_huntail/gen6_oras_shiny_front.png
367,huntail,gen7_usum_front,pokeapi_versions,367_huntail/gen7_usum_front.png
367,huntail,gen7_usum_shiny_front,pokeapi_versions,367_huntail/gen7_usum_shiny_front.png
368,gorebyss,official_art,official-artwork,368_gorebyss/official_artwork.png
368,gorebyss,home_art,pokemon_home,368_gorebyss/home_art.png
368,gorebyss,gen6_xy_front,pokeapi_versions,368_gorebyss/gen6_xy_front.png
368,gorebyss,gen6_xy_shiny_front,pokeapi_versions,368_gorebyss/gen6_xy_shiny_front.png
368,gorebyss,gen6_oras_front,pokeapi_versions,368_gorebyss/gen6_oras_front.png
368,gorebyss,gen6_oras_shiny_front,pokeapi_versions,368_gorebyss/gen6_oras_shiny_front.png
368,gorebyss,gen7_usum_front,pokeapi_versions,368_gorebyss/gen7_usum_front.png
368,gorebyss,gen7_usum_shiny_front,pokeapi_versions,368_gorebyss/gen7_usum_shiny_front.png
369,relicanth,official_art,official-artwork,369_relicanth/official_artwork.png
369,relicanth,home_art,pokemon_home,369_relicanth/home_art.png
369,relicanth,gen6_xy_front,pokeapi_versions,369_relicanth/gen6_xy_front.png
369,relicanth,gen6_xy_shiny_front,pokeapi_versions,369_relicanth/gen6_xy_shiny_front.png
369,relicanth,gen6_oras_front,pokeapi_versions,369_relicanth/gen6_oras_front.png
369,relicanth,gen6_oras_shiny_front,pokeapi_versions,369_relicanth/gen6_oras_shiny_front.png
369,relicanth,gen7_usum_front,pokeapi_versions,369_relicanth/gen7_usum_front.png
369,relicanth,gen7_usum_shiny_front,pokeapi_versions,369_relicanth/gen7_usum_shiny_front.png
370,luvdisc,official_art,official-artwork,370_luvdisc/official_artwork.png
370,luvdisc,home_art,pokemon_home,370_luvdisc/home_art.png
370,luvdisc,gen6_xy_front,pokeapi_versions,370_luvdisc/gen6_xy_front.png
370,luvdisc,gen6_xy_shiny_front,pokeapi_versions,370_luvdisc/gen6_xy_shiny_front.png
370,luvdisc,gen6_oras_front,pokeapi_versions,370_luvdisc/gen6_oras_front.png
370,luvdisc,gen6_oras_shiny_front,pokeapi_versions,370_luvdisc/gen6_oras_shiny_front.png
370,luvdisc,gen7_usum_front,pokeapi_versions,370_luvdisc/gen7_usum_front.png
370,luvdisc,gen7_usum_shiny_front,pokeapi_versions,370_luvdisc/gen7_usum_shiny_front.png
371,bagon,official_art,official-artwork,371_bagon/official_artwork.png
371,bagon,home_art,pokemon_home,371_bagon/home_art.png
371,bagon,gen6_xy_front,pokeapi_versions,371_bagon/gen6_xy_front.png
371,bagon,gen6_xy_shiny_front,pokeapi_versions,371_bagon/gen6_xy_shiny_front.png
371,bagon,gen6_oras_front,pokeapi_versions,371_bagon/gen6_oras_front.png
371,bagon,gen6_oras_shiny_front,pokeapi_versions,371_bagon/gen6_oras_shiny_front.png
371,bagon,gen7_usum_front,pokeapi_versions,371_bagon/gen7_usum_front.png
371,bagon,gen7_usum_shiny_front,pokeapi_versions,371_bagon/gen7_usum_shiny_front.png
372,shelgon,official_art,official-artwork,372_shelgon/official_artwork.png
372,shelgon,home_art,pokemon_home,372_shelgon/home_art.png
372,shelgon,gen6_xy_front,pokeapi_versions,372_shelgon/gen6_xy_front.png
372,shelgon,gen6_xy_shiny_front,pokeapi_versions,372_shelgon/gen6_xy_shiny_front.png
372,shelgon,gen6_oras_front,pokeapi_versions,372_shelgon/gen6_oras_front.png
372,shelgon,gen6_oras_shiny_front,pokeapi_versions,372_shelgon/gen6_oras_shiny_front.png
372,shelgon,gen7_usum_front,pokeapi_versions,372_shelgon/gen7_usum_front.png
372,shelgon,gen7_usum_shiny_front,pokeapi_versions,372_shelgon/gen7_usum_shiny_front.png
373,salamence,official_art,official-artwork,373_salamence/official_artwork.png
373,salamence,home_art,pokemon_home,373_salamence/home_art.png
373,salamence,gen6_xy_front,pokeapi_versions,373_salamence/gen6_xy_front.png
373,salamence,gen6_xy_shiny_front,pokeapi_versions,373_salamence/gen6_xy_shiny_front.png
373,salamence,gen6_oras_front,pokeapi_versions,373_salamence/gen6_oras_front.png
373,salamence,gen6_oras_shiny_front,pokeapi_versions,373_salamence/gen6_oras_shiny_front.png
373,salamence,gen7_usum_front,pokeapi_versions,373_salamence/gen7_usum_front.png
373,salamence,gen7_usum_shiny_front,pokeapi_versions,373_salamence/gen7_usum_shiny_front.png
374,beldum,official_art,official-artwork,374_beldum/official_artwork.png
374,beldum,home_art,pokemon_home,374_beldum/home_art.png
374,beldum,gen6_xy_front,pokeapi_versions,374_beldum/gen6_xy_front.png
374,beldum,gen6_xy_shiny_front,pokeapi_versions,374_beldum/gen6_xy_shiny_front.png
374,beldum,gen6_oras_front,pokeapi_versions,374_beldum/gen6_oras_front.png
374,beldum,gen6_oras_shiny_front,pokeapi_versions,374_beldum/gen6_oras_shiny_front.png
374,beldum,gen7_usum_front,pokeapi_versions,374_beldum/gen7_usum_front.png
374,beldum,gen7_usum_shiny_front,pokeapi_versions,374_beldum/gen7_usum_shiny_front.png
375,metang,official_art,official-artwork,375_metang/official_artwork.png
375,metang,home_art,pokemon_home,375_metang/home_art.png
375,metang,gen6_xy_front,pokeapi_versions,375_metang/gen6_xy_front.png
375,metang,gen6_xy_shiny_front,pokeapi_versions,375_metang/gen6_xy_shiny_front.png
375,metang,gen6_oras_front,pokeapi_versions,375_metang/gen6_oras_front.png
375,metang,gen6_oras_shiny_front,pokeapi_versions,375_metang/gen6_oras_shiny_front.png
375,metang,gen7_usum_front,pokeapi_versions,375_metang/gen7_usum_front.png
375,metang,gen7_usum_shiny_front,pokeapi_versions,375_metang/gen7_usum_shiny_front.png
376,metagross,official_art,official-artwork,376_metagross/official_artwork.png
376,metagross,home_art,pokemon_home,376_metagross/home_art.png
376,metagross,gen6_xy_front,pokeapi_versions,376_metagross/gen6_xy_front.png
376,metagross,gen6_xy_shiny_front,pokeapi_versions,376_metagross/gen6_xy_shiny_front.png
376,metagross,gen6_oras_front,pokeapi_versions,376_metagross/gen6_oras_front.png
376,metagross,gen6_oras_shiny_front,pokeapi_versions,376_metagross/gen6_oras_shiny_front.png
376,metagross,gen7_usum_front,pokeapi_versions,376_metagross/gen7_usum_front.png
376,metagross,gen7_usum_shiny_front,pokeapi_versions,376_metagross/gen7_usum_shiny_front.png
377,regirock,official_art,official-artwork,377_regirock/official_artwork.png
377,regirock,home_art,pokemon_home,377_regirock/home_art.png
377,regirock,gen6_xy_front,pokeapi_versions,377_regirock/gen6_xy_front.png
377,regirock,gen6_xy_shiny_front,pokeapi_versions,377_regirock/gen6_xy_shiny_front.png
377,regirock,gen6_oras_front,pokeapi_versions,377_regirock/gen6_oras_front.png
377,regirock,gen6_oras_shiny_front,pokeapi_versions,377_regirock/gen6_oras_shiny_front.png
377,regirock,gen7_usum_front,pokeapi_versions,377_regirock/gen7_usum_front.png
377,regirock,gen7_usum_shiny_front,pokeapi_versions,377_regirock/gen7_usum_shiny_front.png
378,regice,official_art,official-artwork,378_regice/official_artwork.png
378,regice,home_art,pokemon_home,378_regice/home_art.png
378,regice,gen6_xy_front,pokeapi_versions,378_regice/gen6_xy_front.png
378,regice,gen6_xy_shiny_front,pokeapi_versions,378_regice/gen6_xy_shiny_front.png
378,regice,gen6_oras_front,pokeapi_versions,378_regice/gen6_oras_front.png
378,regice,gen6_oras_shiny_front,pokeapi_versions,378_regice/gen6_oras_shiny_front.png
378,regice,gen7_usum_front,pokeapi_versions,378_regice/gen7_usum_front.png
378,regice,gen7_usum_shiny_front,pokeapi_versions,378_regice/gen7_usum_shiny_front.png
379,registeel,official_art,official-artwork,379_registeel/official_artwork.png
379,registeel,home_art,pokemon_home,379_registeel/home_art.png
379,registeel,gen6_xy_front,pokeapi_versions,379_registeel/gen6_xy_front.png
379,registeel,gen6_xy_shiny_front,pokeapi_versions,379_registeel/gen6_xy_shiny_front.png
379,registeel,gen6_oras_front,pokeapi_versions,379_registeel/gen6_oras_front.png
379,registeel,gen6_oras_shiny_front,pokeapi_versions,379_registeel/gen6_oras_shiny_front.png
379,registeel,gen7_usum_front,pokeapi_versions,379_registeel/gen7_usum_front.png
379,registeel,gen7_usum_shiny_front,pokeapi_versions,379_registeel/gen7_usum_shiny_front.png
380,latias,official_art,official-artwork,380_latias/official_artwork.png
380,latias,home_art,pokemon_home,380_latias/home_art.png
380,latias,gen6_xy_front,pokeapi_versions,380_latias/gen6_xy_front.png
380,latias,gen6_xy_shiny_front,pokeapi_versions,380_latias/gen6_xy_shiny_front.png
380,latias,gen6_oras_front,pokeapi_versions,380_latias/gen6_oras_front.png
380,latias,gen6_oras_shiny_front,pokeapi_versions,380_latias/gen6_oras_shiny_front.png
380,latias,gen7_usum_front,pokeapi_versions,380_latias/gen7_usum_front.png
380,latias,gen7_usum_shiny_front,pokeapi_versions,380_latias/gen7_usum_shiny_front.png
381,latios,official_art,official-artwork,381_latios/official_artwork.png
381,latios,home_art,pokemon_home,381_latios/home_art.png
381,latios,gen6_xy_front,pokeapi_versions,381_latios/gen6_xy_front.png
381,latios,gen6_xy_shiny_front,pokeapi_versions,381_latios/gen6_xy_shiny_front.png
381,latios,gen6_oras_front,pokeapi_versions,381_latios/gen6_oras_front.png
381,latios,gen6_oras_shiny_front,pokeapi_versions,381_latios/gen6_oras_shiny_front.png
381,latios,gen7_usum_front,pokeapi_versions,381_latios/gen7_usum_front.png
381,latios,gen7_usum_shiny_front,pokeapi_versions,381_latios/gen7_usum_shiny_front.png
382,kyogre,official_art,official-artwork,382_kyogre/official_artwork.png
382,kyogre,home_art,pokemon_home,382_kyogre/home_art.png
382,kyogre,gen6_xy_front,pokeapi_versions,382_kyogre/gen6_xy_front.png
382,kyogre,gen6_xy_shiny_front,pokeapi_versions,382_kyogre/gen6_xy_shiny_front.png
382,kyogre,gen6_oras_front,pokeapi_versions,382_kyogre/gen6_oras_front.png
382,kyogre,gen6_oras_shiny_front,pokeapi_versions,382_kyogre/gen6_oras_shiny_front.png
382,kyogre,gen7_usum_front,pokeapi_versions,382_kyogre/gen7_usum_front.png
382,kyogre,gen7_usum_shiny_front,pokeapi_versions,382_kyogre/gen7_usum_shiny_front.png
383,groudon,official_art,official-artwork,383_groudon/official_artwork.png
383,groudon,home_art,pokemon_home,383_groudon/home_art.png
383,groudon,gen6_xy_front,pokeapi_versions,383_groudon/gen6_xy_front.png
383,groudon,gen6_xy_shiny_front,pokeapi_versions,383_groudon/gen6_xy_shiny_front.png
383,groudon,gen6_oras_front,pokeapi_versions,383_groudon/gen6_oras_front.png
383,groudon,gen6_oras_shiny_front,pokeapi_versions,383_groudon/gen6_oras_shiny_front.png
383,groudon,gen7_usum_front,pokeapi_versions,383_groudon/gen7_usum_front.png
383,groudon,gen7_usum_shiny_front,pokeapi_versions,383_groudon/gen7_usum_shiny_front.png
384,rayquaza,official_art,official-artwork,384_rayquaza/official_artwork.png
384,rayquaza,home_art,pokemon_home,384_rayquaza/home_art.png
384,rayquaza,gen6_xy_front,pokeapi_versions,384_rayquaza/gen6_xy_front.png
384,rayquaza,gen6_xy_shiny_front,pokeapi_versions,384_rayquaza/gen6_xy_shiny_front.png
384,rayquaza,gen6_oras_front,pokeapi_versions,384_rayquaza/gen6_oras_front.png
384,rayquaza,gen6_oras_shiny_front,pokeapi_versions,384_rayquaza/gen6_oras_shiny_front.png
384,rayquaza,gen7_usum_front,pokeapi_versions,384_rayquaza/gen7_usum_front.png
384,rayquaza,gen7_usum_shiny_front,pokeapi_versions,384_rayquaza/gen7_usum_shiny_front.png
385,jirachi,official_art,official-artwork,385_jirachi/official_artwork.png
385,jirachi,home_art,pokemon_home,385_jirachi/home_art.png
385,jirachi,gen6_xy_front,pokeapi_versions,385_jirachi/gen6_xy_front.png
385,jirachi,gen6_xy_shiny_front,pokeapi_versions,385_jirachi/gen6_xy_shiny_front.png
385,jirachi,gen6_oras_front,pokeapi_versions,385_jirachi/gen6_oras_front.png
385,jirachi,gen6_oras_shiny_front,pokeapi_versions,385_jirachi/gen6_oras_shiny_front.png
385,jirachi,gen7_usum_front,pokeapi_versions,385_jirachi/gen7_usum_front.png
385,jirachi,gen7_usum_shiny_front,pokeapi_versions,385_jirachi/gen7_usum_shiny_front.png
386,deoxys-normal,official_art,official-artwork,386_deoxys-normal/official_artwork.png
386,deoxys-normal,home_art,pokemon_home,386_deoxys-normal/home_art.png
386,deoxys-normal,gen6_xy_front,pokeapi_versions,386_deoxys-normal/gen6_xy_front.png
386,deoxys-normal,gen6_xy_shiny_front,pokeapi_versions,386_deoxys-normal/gen6_xy_shiny_front.png
386,deoxys-normal,gen6_oras_front,pokeapi_versions,386_deoxys-normal/gen6_oras_front.png
386,deoxys-normal,gen6_oras_shiny_front,pokeapi_versions,386_deoxys-normal/gen6_oras_shiny_front.png
386,deoxys-normal,gen7_usum_front,pokeapi_versions,386_deoxys-normal/gen7_usum_front.png
386,deoxys-normal,gen7_usum_shiny_front,pokeapi_versions,386_deoxys-normal/gen7_usum_shiny_front.png
252,treecko,global_link,pokemondb_artwork,252_treecko/artwork_global_link.png
252,treecko,sugimori_highres,hybridshivam_github,252_treecko/artwork_highres.png
253,grovyle,global_link,pokemondb_artwork,253_grovyle/artwork_global_link.png
253,grovyle,sugimori_highres,hybridshivam_github,253_grovyle/artwork_highres.png
254,sceptile,global_link,pokemondb_artwork,254_sceptile/artwork_global_link.png
254,sceptile,sugimori_highres,hybridshivam_github,254_sceptile/artwork_highres.png
255,torchic,global_link,pokemondb_artwork,255_torchic/artwork_global_link.png
255,torchic,sugimori_highres,hybridshivam_github,255_torchic/artwork_highres.png
256,combusken,global_link,pokemondb_artwork,256_combusken/artwork_global_link.png
256,combusken,sugimori_highres,hybridshivam_github,256_combusken/artwork_highres.png
257,blaziken,global_link,pokemondb_artwork,257_blaziken/artwork_global_link.png
257,blaziken,sugimori_highres,hybridshivam_github,257_blaziken/artwork_highres.png
258,mudkip,global_link,pokemondb_artwork,258_mudkip/artwork_global_link.png
258,mudkip,sugimori_highres,hybridshivam_github,258_mudkip/artwork_highres.png
259,marshtomp,global_link,pokemondb_artwork,259_marshtomp/artwork_global_link.png
259,marshtomp,sugimori_highres,hybridshivam_github,259_marshtomp/artwork_highres.png
260,swampert,global_link,pokemondb_artwork,260_swampert/artwork_global_link.png
260,swampert,sugimori_highres,hybridshivam_github,260_swampert/artwork_highres.png
261,poochyena,global_link,pokemondb_artwork,261_poochyena/artwork_global_link.png
261,poochyena,sugimori_highres,hybridshivam_github,261_poochyena/artwork_highres.png
262,mightyena,global_link,pokemondb_artwork,262_mightyena/artwork_global_link.png
262,mightyena,sugimori_highres,hybridshivam_github,262_mightyena/artwork_highres.png
263,zigzagoon,global_link,pokemondb_artwork,263_zigzagoon/artwork_global_link.png
263,zigzagoon,sugimori_highres,hybridshivam_github,263_zigzagoon/artwork_highres.png
264,linoone,global_link,pokemondb_artwork,264_linoone/artwork_global_link.png
264,linoone,sugimori_highres,hybridshivam_github,264_linoone/artwork_highres.png
265,wurmple,global_link,pokemondb_artwork,265_wurmple/artwork_global_link.png
265,wurmple,sugimori_highres,hybridshivam_github,265_wurmple/artwork_highres.png
266,silcoon,global_link,pokemondb_artwork,266_silcoon/artwork_global_link.png
266,silcoon,sugimori_highres,hybridshivam_github,266_silcoon/artwork_highres.png
267,beautifly,global_link,pokemondb_artwork,267_beautifly/artwork_global_link.png
267,beautifly,sugimori_highres,hybridshivam_github,267_beautifly/artwork_highres.png
268,cascoon,global_link,pokemondb_artwork,268_cascoon/artwork_global_link.png
268,cascoon,sugimori_highres,hybridshivam_github,268_cascoon/artwork_highres.png
269,dustox,global_link,pokemondb_artwork,269_dustox/artwork_global_link.png
269,dustox,sugimori_highres,hybridshivam_github,269_dustox/artwork_highres.png
270,lotad,global_link,pokemondb_artwork,270_lotad/artwork_global_link.png
270,lotad,sugimori_highres,hybridshivam_github,270_lotad/artwork_highres.png
271,lombre,global_link,pokemondb_artwork,271_lombre/artwork_global_link.png
271,lombre,sugimori_highres,hybridshivam_github,271_lombre/artwork_highres.png
272,ludicolo,global_link,pokemondb_artwork,272_ludicolo/artwork_global_link.png
272,ludicolo,sugimori_highres,hybridshivam_github,272_ludicolo/artwork_highres.png
273,seedot,global_link,pokemondb_artwork,273_seedot/artwork_global_link.png
273,seedot,sugimori_highres,hybridshivam_github,273_seedot/artwork_highres.png
274,nuzleaf,global_link,pokemondb_artwork,274_nuzleaf/artwork_global_link.png
274,nuzleaf,sugimori_highres,hybridshivam_github,274_nuzleaf/artwork_highres.png
275,shiftry,global_link,pokemondb_artwork,275_shiftry/artwork_global_link.png
275,shiftry,sugimori_highres,hybridshivam_github,275_shiftry/artwork_highres.png
276,taillow,global_link,pokemondb_artwork,276_taillow/artwork_global_link.png
276,taillow,sugimori_highres,hybridshivam_github,276_taillow/artwork_highres.png
277,swellow,global_link,pokemondb_artwork,277_swellow/artwork_global_link.png
277,swellow,sugimori_highres,hybridshivam_github,277_swellow/artwork_highres.png
278,wingull,global_link,pokemondb_artwork,278_wingull/artwork_global_link.png
278,wingull,sugimori_highres,hybridshivam_github,278_wingull/artwork_highres.png
279,pelipper,global_link,pokemondb_artwork,279_pelipper/artwork_global_link.png
279,pelipper,sugimori_highres,hybridshivam_github,279_pelipper/artwork_highres.png
280,ralts,global_link,pokemondb_artwork,280_ralts/artwork_global_link.png
280,ralts,sugimori_highres,hybridshivam_github,280_ralts/artwork_highres.png
281,kirlia,global_link,pokemondb_artwork,281_kirlia/artwork_global_link.png
281,kirlia,sugimori_highres,hybridshivam_github,281_kirlia/artwork_highres.png
282,gardevoir,global_link,pokemondb_artwork,282_gardevoir/artwork_global_link.png
282,gardevoir,sugimori_highres,hybridshivam_github,282_gardevoir/artwork_highres.png
283,surskit,global_link,pokemondb_artwork,283_surskit/artwork_global_link.png
283,surskit,sugimori_highres,hybridshivam_github,283_surskit/artwork_highres.png
284,masquerain,global_link,pokemondb_artwork,284_masquerain/artwork_global_link.png
284,masquerain,sugimori_highres,hybridshivam_github,284_masquerain/artwork_highres.png
285,shroomish,global_link,pokemondb_artwork,285_shroomish/artwork_global_link.png
285,shroomish,sugimori_highres,hybridshivam_github,285_shroomish/artwork_highres.png
286,breloom,global_link,pokemondb_artwork,286_breloom/artwork_global_link.png
286,breloom,sugimori_highres,hybridshivam_github,286_breloom/artwork_highres.png
287,slakoth,global_link,pokemondb_artwork,287_slakoth/artwork_global_link.png
287,slakoth,sugimori_highres,hybridshivam_github,287_slakoth/artwork_highres.png
288,vigoroth,global_link,pokemondb_artwork,288_vigoroth/artwork_global_link.png
288,vigoroth,sugimori_highres,hybridshivam_github,288_vigoroth/artwork_highres.png
289,slaking,global_link,pokemondb_artwork,289_slaking/artwork_global_link.png
289,slaking,sugimori_highres,hybridshivam_github,289_slaking/artwork_highres.png
290,nincada,global_link,pokemondb_artwork,290_nincada/artwork_global_link.png
290,nincada,sugimori_highres,hybridshivam_github,290_nincada/artwork_highres.png
291,ninjask,global_link,pokemondb_artwork,291_ninjask/artwork_global_link.png
291,ninjask,sugimori_highres,hybridshivam_github,291_ninjask/artwork_highres.png
292,shedinja,global_link,pokemondb_artwork,292_shedinja/artwork_global_link.png
292,shedinja,sugimori_highres,hybridshivam_github,292_shedinja/artwork_highres.png
293,whismur,global_link,pokemondb_artwork,293_whismur/artwork_global_link.png
293,whismur,sugimori_highres,hybridshivam_github,293_whismur/artwork_highres.png
294,loudred,global_link,pokemondb_artwork,294_loudred/artwork_global_link.png
294,loudred,sugimori_highres,hybridshivam_github,294_loudred/artwork_highres.png
295,exploud,global_link,pokemondb_artwork,295_exploud/artwork_global_link.png
295,exploud,sugimori_highres,hybridshivam_github,295_exploud/artwork_highres.png
296,makuhita,global_link,pokemondb_artwork,296_makuhita/artwork_global_link.png
296,makuhita,sugimori_highres,hybridshivam_github,296_makuhita/artwork_highres.png
297,hariyama,global_link,pokemondb_artwork,297_hariyama/artwork_global_link.png
297,hariyama,sugimori_highres,hybridshivam_github,297_hariyama/artwork_highres.png
298,azurill,global_link,pokemondb_artwork,298_azurill/artwork_global_link.png
298,azurill,sugimori_highres,hybridshivam_github,298_azurill/artwork_highres.png
299,nosepass,global_link,pokemondb_artwork,299_nosepass/artwork_global_link.png
299,nosepass,sugimori_highres,hybridshivam_github,299_nosepass/artwork_highres.png
300,skitty,global_link,pokemondb_artwork,300_skitty/artwork_global_link.png
300,skitty,sugimori_highres,hybridshivam_github,300_skitty/artwork_highres.png
301,delcatty,global_link,pokemondb_artwork,301_delcatty/artwork_global_link.png
301,delcatty,sugimori_highres,hybridshivam_github,301_delcatty/artwork_highres.png
302,sableye,global_link,pokemondb_artwork,302_sableye/artwork_global_link.png
302,sableye,sugimori_highres,hybridshivam_github,302_sableye/artwork_highres.png
303,mawile,global_link,pokemondb_artwork,303_mawile/artwork_global_link.png
303,mawile,sugimori_highres,hybridshivam_github,303_mawile/artwork_highres.png
304,aron,global_link,pokemondb_artwork,304_aron/artwork_global_link.png
304,aron,sugimori_highres,hybridshivam_github,304_aron/artwork_highres.png
305,lairon,global_link,pokemondb_artwork,305_lairon/artwork_global_link.png
305,lairon,sugimori_highres,hybridshivam_github,305_lairon/artwork_highres.png
306,aggron,global_link,pokemondb_artwork,306_aggron/artwork_global_link.png
306,aggron,sugimori_highres,hybridshivam_github,306_aggron/artwork_highres.png
307,meditite,global_link,pokemondb_artwork,307_meditite/artwork_global_link.png
307,meditite,sugimori_highres,hybridshivam_github,307_meditite/artwork_highres.png
308,medicham,global_link,pokemondb_artwork,308_medicham/artwork_global_link.png
308,medicham,sugimori_highres,hybridshivam_github,308_medicham/artwork_highres.png
309,electrike,global_link,pokemondb_artwork,309_electrike/artwork_global_link.png
309,electrike,sugimori_highres,hybridshivam_github,309_electrike/artwork_highres.png
310,manectric,global_link,pokemondb_artwork,310_manectric/artwork_global_link.png
310,manectric,sugimori_highres,hybridshivam_github,310_manectric/artwork_highres.png
311,plusle,global_link,pokemondb_artwork,311_plusle/artwork_global_link.png
311,plusle,sugimori_highres,hybridshivam_github,311_plusle/artwork_highres.png
312,minun,global_link,pokemondb_artwork,312_minun/artwork_global_link.png
312,minun,sugimori_highres,hybridshivam_github,312_minun/artwork_highres.png
313,volbeat,global_link,pokemondb_artwork,313_volbeat/artwork_global_link.png
313,volbeat,sugimori_highres,hybridshivam_github,313_volbeat/artwork_highres.png
314,illumise,global_link,pokemondb_artwork,314_illumise/artwork_global_link.png
314,illumise,sugimori_highres,hybridshivam_github,314_illumise/artwork_highres.png
315,roselia,global_link,pokemondb_artwork,315_roselia/artwork_global_link.png
315,roselia,sugimori_highres,hybridshivam_github,315_roselia/artwork_highres.png
316,gulpin,global_link,pokemondb_artwork,316_gulpin/artwork_global_link.png
316,gulpin,sugimori_highres,hybridshivam_github,316_gulpin/artwork_highres.png
317,swalot,global_link,pokemondb_artwork,317_swalot/artwork_global_link.png
317,swalot,sugimori_highres,hybridshivam_github,317_swalot/artwork_highres.png
318,carvanha,global_link,pokemondb_artwork,318_carvanha/artwork_global_link.png
318,carvanha,sugimori_highres,hybridshivam_github,318_carvanha/artwork_highres.png
319,sharpedo,global_link,pokemondb_artwork,319_sharpedo/artwork_global_link.png
319,sharpedo,sugimori_highres,hybridshivam_github,319_sharpedo/artwork_highres.png
320,wailmer,global_link,pokemondb_artwork,320_wailmer/artwork_global_link.png
320,wailmer,sugimori_highres,hybridshivam_github,320_wailmer/artwork_highres.png
321,wailord,global_link,pokemondb_artwork,321_wailord/artwork_global_link.png
321,wailord,sugimori_highres,hybridshivam_github,321_wailord/artwork_highres.png
322,numel,global_link,pokemondb_artwork,322_numel/artwork_global_link.png
322,numel,sugimori_highres,hybridshivam_github,322_numel/artwork_highres.png
323,camerupt,global_link,pokemondb_artwork,323_camerupt/artwork_global_link.png
323,camerupt,sugimori_highres,hybridshivam_github,323_camerupt/artwork_highres.png
324,torkoal,global_link,pokemondb_artwork,324_torkoal/artwork_global_link.png
324,torkoal,sugimori_highres,hybridshivam_github,324_torkoal/artwork_highres.png
325,spoink,global_link,pokemondb_artwork,325_spoink/artwork_global_link.png
325,spoink,sugimori_highres,hybridshivam_github,325_spoink/artwork_highres.png
326,grumpig,global_link,pokemondb_artwork,326_grumpig/artwork_global_link.png
326,grumpig,sugimori_highres,hybridshivam_github,326_grumpig/artwork_highres.png
327,spinda,global_link,pokemondb_artwork,327_spinda/artwork_global_link.png
327,spinda,sugimori_highres,hybridshivam_github,327_spinda/artwork_highres.png
328,trapinch,global_link,pokemondb_artwork,328_trapinch/artwork_global_link.png
328,trapinch,sugimori_highres,hybridshivam_github,328_trapinch/artwork_highres.png
329,vibrava,global_link,pokemondb_artwork,329_vibrava/artwork_global_link.png
329,vibrava,sugimori_highres,hybridshivam_github,329_vibrava/artwork_highres.png
330,flygon,global_link,pokemondb_artwork,330_flygon/artwork_global_link.png
330,flygon,sugimori_highres,hybridshivam_github,330_flygon/artwork_highres.png
331,cacnea,global_link,pokemondb_artwork,331_cacnea/artwork_global_link.png
331,cacnea,sugimori_highres,hybridshivam_github,331_cacnea/artwork_highres.png
332,cacturne,global_link,pokemondb_artwork,332_cacturne/artwork_global_link.png
332,cacturne,sugimori_highres,hybridshivam_github,332_cacturne/artwork_highres.png
333,swablu,global_link,pokemondb_artwork,333_swablu/artwork_global_link.png
333,swablu,sugimori_highres,hybridshivam_github,333_swablu/artwork_highres.png
334,altaria,global_link,pokemondb_artwork,334_altaria/artwork_global_link.png
334,altaria,sugimori_highres,hybridshivam_github,334_altaria/artwork_highres.png
335,zangoose,global_link,pokemondb_artwork,335_zangoose/artwork_global_link.png
335,zangoose,sugimori_highres,hybridshivam_github,335_zangoose/artwork_highres.png
336,seviper,global_link,pokemondb_artwork,336_seviper/artwork_global_link.png
336,seviper,sugimori_highres,hybridshivam_github,336_seviper/artwork_highres.png
337,lunatone,global_link,pokemondb_artwork,337_lunatone/artwork_global_link.png
337,lunatone,sugimori_highres,hybridshivam_github,337_lunatone/artwork_highres.png
338,solrock,global_link,pokemondb_artwork,338_solrock/artwork_global_link.png
338,solrock,sugimori_highres,hybridshivam_github,338_solrock/artwork_highres.png
339,barboach,global_link,pokemondb_artwork,339_barboach/artwork_global_link.png
339,barboach,sugimori_highres,hybridshivam_github,339_barboach/artwork_highres.png
340,whiscash,global_link,pokemondb_artwork,340_whiscash/artwork_global_link.png
340,whiscash,sugimori_highres,hybridshivam_github,340_whiscash/artwork_highres.png
341,corphish,global_link,pokemondb_artwork,341_corphish/artwork_global_link.png
341,corphish,sugimori_highres,hybridshivam_github,341_corphish/artwork_highres.png
342,crawdaunt,global_link,pokemondb_artwork,342_crawdaunt/artwork_global_link.png
342,crawdaunt,sugimori_highres,hybridshivam_github,342_crawdaunt/artwork_highres.png
343,baltoy,global_link,pokemondb_artwork,343_baltoy/artwork_global_link.png
343,baltoy,sugimori_highres,hybridshivam_github,343_baltoy/artwork_highres.png
344,claydol,global_link,pokemondb_artwork,344_claydol/artwork_global_link.png
344,claydol,sugimori_highres,hybridshivam_github,344_claydol/artwork_highres.png
345,lileep,global_link,pokemondb_artwork,345_lileep/artwork_global_link.png
345,lileep,sugimori_highres,hybridshivam_github,345_lileep/artwork_highres.png
346,cradily,global_link,pokemondb_artwork,346_cradily/artwork_global_link.png
346,cradily,sugimori_highres,hybridshivam_github,346_cradily/artwork_highres.png
347,anorith,global_link,pokemondb_artwork,347_anorith/artwork_global_link.png
347,anorith,sugimori_highres,hybridshivam_github,347_anorith/artwork_highres.png
348,armaldo,global_link,pokemondb_artwork,348_armaldo/artwork_global_link.png
348,armaldo,sugimori_highres,hybridshivam_github,348_armaldo/artwork_highres.png
349,feebas,global_link,pokemondb_artwork,349_feebas/artwork_global_link.png
349,feebas,sugimori_highres,hybridshivam_github,349_feebas/artwork_highres.png
350,milotic,global_link,pokemondb_artwork,350_milotic/artwork_global_link.png
350,milotic,sugimori_highres,hybridshivam_github,350_milotic/artwork_highres.png
351,castform,global_link,pokemondb_artwork,351_castform/artwork_global_link.png
351,castform,sugimori_highres,hybridshivam_github,351_castform/artwork_highres.png
352,kecleon,global_link,pokemondb_artwork,352_kecleon/artwork_global_link.png
352,kecleon,sugimori_highres,hybridshivam_github,352_kecleon/artwork_highres.png
353,shuppet,global_link,pokemondb_artwork,353_shuppet/artwork_global_link.png
353,shuppet,sugimori_highres,hybridshivam_github,353_shuppet/artwork_highres.png
354,banette,global_link,pokemondb_artwork,354_banette/artwork_global_link.png
354,banette,sugimori_highres,hybridshivam_github,354_banette/artwork_highres.png
355,duskull,global_link,pokemondb_artwork,355_duskull/artwork_global_link.png
355,duskull,sugimori_highres,hybridshivam_github,355_duskull/artwork_highres.png
356,dusclops,global_link,pokemondb_artwork,356_dusclops/artwork_global_link.png
356,dusclops,sugimori_highres,hybridshivam_github,356_dusclops/artwork_highres.png
357,tropius,global_link,pokemondb_artwork,357_tropius/artwork_global_link.png
357,tropius,sugimori_highres,hybridshivam_github,357_tropius/artwork_highres.png
358,chimecho,global_link,pokemondb_artwork,358_chimecho/artwork_global_link.png
358,chimecho,sugimori_highres,hybridshivam_github,358_chimecho/artwork_highres.png
359,absol,global_link,pokemondb_artwork,359_absol/artwork_global_link.png
359,absol,sugimori_highres,hybridshivam_github,359_absol/artwork_highres.png
360,wynaut,global_link,pokemondb_artwork,360_wynaut/artwork_global_link.png
360,wynaut,sugimori_highres,hybridshivam_github,360_wynaut/artwork_highres.png
361,snorunt,global_link,pokemondb_artwork,361_snorunt/artwork_global_link.png
361,snorunt,sugimori_highres,hybridshivam_github,361_snorunt/artwork_highres.png
362,glalie,global_link,pokemondb_artwork,362_glalie/artwork_global_link.png
362,glalie,sugimori_highres,hybridshivam_github,362_glalie/artwork_highres.png
363,spheal,global_link,pokemondb_artwork,363_spheal/artwork_global_link.png
363,spheal,sugimori_highres,hybridshivam_github,363_spheal/artwork_highres.png
364,sealeo,global_link,pokemondb_artwork,364_sealeo/artwork_global_link.png
364,sealeo,sugimori_highres,hybridshivam_github,364_sealeo/artwork_highres.png
365,walrein,global_link,pokemondb_artwork,365_walrein/artwork_global_link.png
365,walrein,sugimori_highres,hybridshivam_github,365_walrein/artwork_highres.png
366,clamperl,global_link,pokemondb_artwork,366_clamperl/artwork_global_link.png
366,clamperl,sugimori_highres,hybridshivam_github,366_clamperl/artwork_highres.png
367,huntail,global_link,pokemondb_artwork,367_huntail/artwork_global_link.png
367,huntail,sugimori_highres,hybridshivam_github,367_huntail/artwork_highres.png
368,gorebyss,global_link,pokemondb_artwork,368_gorebyss/artwork_global_link.png
368,gorebyss,sugimori_highres,hybridshivam_github,368_gorebyss/artwork_highres.png
369,relicanth,global_link,pokemondb_artwork,369_relicanth/artwork_global_link.png
369,relicanth,sugimori_highres,hybridshivam_github,369_relicanth/artwork_highres.png
370,luvdisc,global_link,pokemondb_artwork,370_luvdisc/artwork_global_link.png
370,luvdisc,sugimori_highres,hybridshivam_github,370_luvdisc/artwork_highres.png
371,bagon,global_link,pokemondb_artwork,371_bagon/artwork_global_link.png
371,bagon,sugimori_highres,hybridshivam_github,371_bagon/artwork_highres.png
372,shelgon,global_link,pokemondb_artwork,372_shelgon/artwork_global_link.png
372,shelgon,sugimori_highres,hybridshivam_github,372_shelgon/artwork_highres.png
373,salamence,global_link,pokemondb_artwork,373_salamence/artwork_global_link.png
373,salamence,sugimori_highres,hybridshivam_github,373_salamence/artwork_highres.png
374,beldum,global_link,pokemondb_artwork,374_beldum/artwork_global_link.png
374,beldum,sugimori_highres,hybridshivam_github,374_beldum/artwork_highres.png
375,metang,global_link,pokemondb_artwork,375_metang/artwork_global_link.png
375,metang,sugimori_highres,hybridshivam_github,375_metang/artwork_highres.png
376,metagross,global_link,pokemondb_artwork,376_metagross/artwork_global_link.png
376,metagross,sugimori_highres,hybridshivam_github,376_metagross/artwork_highres.png
377,regirock,global_link,pokemondb_artwork,377_regirock/artwork_global_link.png
377,regirock,sugimori_highres,hybridshivam_github,377_regirock/artwork_highres.png
378,regice,global_link,pokemondb_artwork,378_regice/artwork_global_link.png
378,regice,sugimori_highres,hybridshivam_github,378_regice/artwork_highres.png
379,registeel,global_link,pokemondb_artwork,379_registeel/artwork_global_link.png
379,registeel,sugimori_highres,hybridshivam_github,379_registeel/artwork_highres.png
380,latias,global_link,pokemondb_artwork,380_latias/artwork_global_link.png
380,latias,sugimori_highres,hybridshivam_github,380_latias/artwork_highres.png
381,latios,global_link,pokemondb_artwork,381_latios/artwork_global_link.png
381,latios,sugimori_highres,hybridshivam_github,381_latios/artwork_highres.png
382,kyogre,global_link,pokemondb_artwork,382_kyogre/artwork_global_link.png
382,kyogre,sugimori_highres,hybridshivam_github,382_kyogre/artwork_highres.png
383,groudon,global_link,pokemondb_artwork,383_groudon/artwork_global_link.png
383,groudon,sugimori_highres,hybridshivam_github,383_groudon/artwork_highres.png
384,rayquaza,global_link,pokemondb_artwork,384_rayquaza/artwork_global_link.png
384,rayquaza,sugimori_highres,hybridshivam_github,384_rayquaza/artwork_highres.png
385,jirachi,global_link,pokemondb_artwork,385_jirachi/artwork_global_link.png
385,jirachi,sugimori_highres,hybridshivam_github,385_jirachi/artwork_highres.png
386,deoxys-normal,global_link,pokemondb_artwork,386_deoxys-normal/artwork_global_link.png
386,deoxys-normal,sugimori_highres,hybridshivam_github,386_deoxys-normal/artwork_highres.png
387,turtwig,official_art,official-artwork,387_turtwig/official_artwork.png
387,turtwig,home_art,pokemon_home,387_turtwig/home_art.png
387,turtwig,gen6_xy_front,pokeapi_versions,387_turtwig/gen6_xy_front.png
387,turtwig,gen6_xy_shiny_front,pokeapi_versions,387_turtwig/gen6_xy_shiny_front.png
387,turtwig,gen6_oras_front,pokeapi_versions,387_turtwig/gen6_oras_front.png
387,turtwig,gen6_oras_shiny_front,pokeapi_versions,387_turtwig/gen6_oras_shiny_front.png
387,turtwig,gen7_usum_front,pokeapi_versions,387_turtwig/gen7_usum_front.png
387,turtwig,gen7_usum_shiny_front,pokeapi_versions,387_turtwig/gen7_usum_shiny_front.png
388,grotle,official_art,official-artwork,388_grotle/official_artwork.png
388,grotle,home_art,pokemon_home,388_grotle/home_art.png
388,grotle,gen6_xy_front,pokeapi_versions,388_grotle/gen6_xy_front.png
388,grotle,gen6_xy_shiny_front,pokeapi_versions,388_grotle/gen6_xy_shiny_front.png
388,grotle,gen6_oras_front,pokeapi_versions,388_grotle/gen6_oras_front.png
388,grotle,gen6_oras_shiny_front,pokeapi_versions,388_grotle/gen6_oras_shiny_front.png
388,grotle,gen7_usum_front,pokeapi_versions,388_grotle/gen7_usum_front.png
388,grotle,gen7_usum_shiny_front,pokeapi_versions,388_grotle/gen7_usum_shiny_front.png
389,torterra,official_art,official-artwork,389_torterra/official_artwork.png
389,torterra,home_art,pokemon_home,389_torterra/home_art.png
389,torterra,gen6_xy_front,pokeapi_versions,389_torterra/gen6_xy_front.png
389,torterra,gen6_xy_shiny_front,pokeapi_versions,389_torterra/gen6_xy_shiny_front.png
389,torterra,gen6_oras_front,pokeapi_versions,389_torterra/gen6_oras_front.png
389,torterra,gen6_oras_shiny_front,pokeapi_versions,389_torterra/gen6_oras_shiny_front.png
389,torterra,gen7_usum_front,pokeapi_versions,389_torterra/gen7_usum_front.png
389,torterra,gen7_usum_shiny_front,pokeapi_versions,389_torterra/gen7_usum_shiny_front.png
390,chimchar,official_art,official-artwork,390_chimchar/official_artwork.png
390,chimchar,home_art,pokemon_home,390_chimchar/home_art.png
390,chimchar,gen6_xy_front,pokeapi_versions,390_chimchar/gen6_xy_front.png
390,chimchar,gen6_xy_shiny_front,pokeapi_versions,390_chimchar/gen6_xy_shiny_front.png
390,chimchar,gen6_oras_front,pokeapi_versions,390_chimchar/gen6_oras_front.png
390,chimchar,gen6_oras_shiny_front,pokeapi_versions,390_chimchar/gen6_oras_shiny_front.png
390,chimchar,gen7_usum_front,pokeapi_versions,390_chimchar/gen7_usum_front.png
390,chimchar,gen7_usum_shiny_front,pokeapi_versions,390_chimchar/gen7_usum_shiny_front.png
391,monferno,official_art,official-artwork,391_monferno/official_artwork.png
391,monferno,home_art,pokemon_home,391_monferno/home_art.png
391,monferno,gen6_xy_front,pokeapi_versions,391_monferno/gen6_xy_front.png
391,monferno,gen6_xy_shiny_front,pokeapi_versions,391_monferno/gen6_xy_shiny_front.png
391,monferno,gen6_oras_front,pokeapi_versions,391_monferno/gen6_oras_front.png
391,monferno,gen6_oras_shiny_front,pokeapi_versions,391_monferno/gen6_oras_shiny_front.png
391,monferno,gen7_usum_front,pokeapi_versions,391_monferno/gen7_usum_front.png
391,monferno,gen7_usum_shiny_front,pokeapi_versions,391_monferno/gen7_usum_shiny_front.png
392,infernape,official_art,official-artwork,392_infernape/official_artwork.png
392,infernape,home_art,pokemon_home,392_infernape/home_art.png
392,infernape,gen6_xy_front,pokeapi_versions,392_infernape/gen6_xy_front.png
392,infernape,gen6_xy_shiny_front,pokeapi_versions,392_infernape/gen6_xy_shiny_front.png
392,infernape,gen6_oras_front,pokeapi_versions,392_infernape/gen6_oras_front.png
392,infernape,gen6_oras_shiny_front,pokeapi_versions,392_infernape/gen6_oras_shiny_front.png
392,infernape,gen7_usum_front,pokeapi_versions,392_infernape/gen7_usum_front.png
392,infernape,gen7_usum_shiny_front,pokeapi_versions,392_infernape/gen7_usum_shiny_front.png
393,piplup,official_art,official-artwork,393_piplup/official_artwork.png
393,piplup,home_art,pokemon_home,393_piplup/home_art.png
393,piplup,gen6_xy_front,pokeapi_versions,393_piplup/gen6_xy_front.png
393,piplup,gen6_xy_shiny_front,pokeapi_versions,393_piplup/gen6_xy_shiny_front.png
393,piplup,gen6_oras_front,pokeapi_versions,393_piplup/gen6_oras_front.png
393,piplup,gen6_oras_shiny_front,pokeapi_versions,393_piplup/gen6_oras_shiny_front.png
393,piplup,gen7_usum_front,pokeapi_versions,393_piplup/gen7_usum_front.png
393,piplup,gen7_usum_shiny_front,pokeapi_versions,393_piplup/gen7_usum_shiny_front.png
394,prinplup,official_art,official-artwork,394_prinplup/official_artwork.png
394,prinplup,home_art,pokemon_home,394_prinplup/home_art.png
394,prinplup,gen6_xy_front,pokeapi_versions,394_prinplup/gen6_xy_front.png
394,prinplup,gen6_xy_shiny_front,pokeapi_versions,394_prinplup/gen6_xy_shiny_front.png
394,prinplup,gen6_oras_front,pokeapi_versions,394_prinplup/gen6_oras_front.png
394,prinplup,gen6_oras_shiny_front,pokeapi_versions,394_prinplup/gen6_oras_shiny_front.png
394,prinplup,gen7_usum_front,pokeapi_versions,394_prinplup/gen7_usum_front.png
394,prinplup,gen7_usum_shiny_front,pokeapi_versions,394_prinplup/gen7_usum_shiny_front.png
395,empoleon,official_art,official-artwork,395_empoleon/official_artwork.png
395,empoleon,home_art,pokemon_home,395_empoleon/home_art.png
395,empoleon,gen6_xy_front,pokeapi_versions,395_empoleon/gen6_xy_front.png
395,empoleon,gen6_xy_shiny_front,pokeapi_versions,395_empoleon/gen6_xy_shiny_front.png
395,empoleon,gen6_oras_front,pokeapi_versions,395_empoleon/gen6_oras_front.png
395,empoleon,gen6_oras_shiny_front,pokeapi_versions,395_empoleon/gen6_oras_shiny_front.png
395,empoleon,gen7_usum_front,pokeapi_versions,395_empoleon/gen7_usum_front.png
395,empoleon,gen7_usum_shiny_front,pokeapi_versions,395_empoleon/gen7_usum_shiny_front.png
396,starly,official_art,official-artwork,396_starly/official_artwork.png
396,starly,home_art,pokemon_home,396_starly/home_art.png
396,starly,gen6_xy_front,pokeapi_versions,396_starly/gen6_xy_front.png
396,starly,gen6_xy_shiny_front,pokeapi_versions,396_starly/gen6_xy_shiny_front.png
396,starly,gen6_oras_front,pokeapi_versions,396_starly/gen6_oras_front.png
396,starly,gen6_oras_shiny_front,pokeapi_versions,396_starly/gen6_oras_shiny_front.png
396,starly,gen7_usum_front,pokeapi_versions,396_starly/gen7_usum_front.png
396,starly,gen7_usum_shiny_front,pokeapi_versions,396_starly/gen7_usum_shiny_front.png
397,staravia,official_art,official-artwork,397_staravia/official_artwork.png
397,staravia,home_art,pokemon_home,397_staravia/home_art.png
397,staravia,gen6_xy_front,pokeapi_versions,397_staravia/gen6_xy_front.png
397,staravia,gen6_xy_shiny_front,pokeapi_versions,397_staravia/gen6_xy_shiny_front.png
397,staravia,gen6_oras_front,pokeapi_versions,397_staravia/gen6_oras_front.png
397,staravia,gen6_oras_shiny_front,pokeapi_versions,397_staravia/gen6_oras_shiny_front.png
397,staravia,gen7_usum_front,pokeapi_versions,397_staravia/gen7_usum_front.png
397,staravia,gen7_usum_shiny_front,pokeapi_versions,397_staravia/gen7_usum_shiny_front.png
398,staraptor,official_art,official-artwork,398_staraptor/official_artwork.png
398,staraptor,home_art,pokemon_home,398_staraptor/home_art.png
398,staraptor,gen6_xy_front,pokeapi_versions,398_staraptor/gen6_xy_front.png
398,staraptor,gen6_xy_shiny_front,pokeapi_versions,398_staraptor/gen6_xy_shiny_front.png
398,staraptor,gen6_oras_front,pokeapi_versions,398_staraptor/gen6_oras_front.png
398,staraptor,gen6_oras_shiny_front,pokeapi_versions,398_staraptor/gen6_oras_shiny_front.png
398,staraptor,gen7_usum_front,pokeapi_versions,398_staraptor/gen7_usum_front.png
398,staraptor,gen7_usum_shiny_front,pokeapi_versions,398_staraptor/gen7_usum_shiny_front.png
399,bidoof,official_art,official-artwork,399_bidoof/official_artwork.png
399,bidoof,home_art,pokemon_home,399_bidoof/home_art.png
399,bidoof,gen6_xy_front,pokeapi_versions,399_bidoof/gen6_xy_front.png
399,bidoof,gen6_xy_shiny_front,pokeapi_versions,399_bidoof/gen6_xy_shiny_front.png
399,bidoof,gen6_oras_front,pokeapi_versions,399_bidoof/gen6_oras_front.png
399,bidoof,gen6_oras_shiny_front,pokeapi_versions,399_bidoof/gen6_oras_shiny_front.png
399,bidoof,gen7_usum_front,pokeapi_versions,399_bidoof/gen7_usum_front.png
399,bidoof,gen7_usum_shiny_front,pokeapi_versions,399_bidoof/gen7_usum_shiny_front.png
400,bibarel,official_art,official-artwork,400_bibarel/official_artwork.png
400,bibarel,home_art,pokemon_home,400_bibarel/home_art.png
400,bibarel,gen6_xy_front,pokeapi_versions,400_bibarel/gen6_xy_front.png
400,bibarel,gen6_xy_shiny_front,pokeapi_versions,400_bibarel/gen6_xy_shiny_front.png
400,bibarel,gen6_oras_front,pokeapi_versions,400_bibarel/gen6_oras_front.png
400,bibarel,gen6_oras_shiny_front,pokeapi_versions,400_bibarel/gen6_oras_shiny_front.png
400,bibarel,gen7_usum_front,pokeapi_versions,400_bibarel/gen7_usum_front.png
400,bibarel,gen7_usum_shiny_front,pokeapi_versions,400_bibarel/gen7_usum_shiny_front.png
401,kricketot,official_art,official-artwork,401_kricketot/official_artwork.png
401,kricketot,home_art,pokemon_home,401_kricketot/home_art.png
401,kricketot,gen6_xy_front,pokeapi_versions,401_kricketot/gen6_xy_front.png
401,kricketot,gen6_xy_shiny_front,pokeapi_versions,401_kricketot/gen6_xy_shiny_front.png
401,kricketot,gen6_oras_front,pokeapi_versions,401_kricketot/gen6_oras_front.png
401,kricketot,gen6_oras_shiny_front,pokeapi_versions,401_kricketot/gen6_oras_shiny_front.png
401,kricketot,gen7_usum_front,pokeapi_versions,401_kricketot/gen7_usum_front.png
401,kricketot,gen7_usum_shiny_front,pokeapi_versions,401_kricketot/gen7_usum_shiny_front.png
402,kricketune,official_art,official-artwork,402_kricketune/official_artwork.png
402,kricketune,home_art,pokemon_home,402_kricketune/home_art.png
402,kricketune,gen6_xy_front,pokeapi_versions,402_kricketune/gen6_xy_front.png
402,kricketune,gen6_xy_shiny_front,pokeapi_versions,402_kricketune/gen6_xy_shiny_front.png
402,kricketune,gen6_oras_front,pokeapi_versions,402_kricketune/gen6_oras_front.png
402,kricketune,gen6_oras_shiny_front,pokeapi_versions,402_kricketune/gen6_oras_shiny_front.png
402,kricketune,gen7_usum_front,pokeapi_versions,402_kricketune/gen7_usum_front.png
402,kricketune,gen7_usum_shiny_front,pokeapi_versions,402_kricketune/gen7_usum_shiny_front.png
403,shinx,official_art,official-artwork,403_shinx/official_artwork.png
403,shinx,home_art,pokemon_home,403_shinx/home_art.png
403,shinx,gen6_xy_front,pokeapi_versions,403_shinx/gen6_xy_front.png
403,shinx,gen6_xy_shiny_front,pokeapi_versions,403_shinx/gen6_xy_shiny_front.png
403,shinx,gen6_oras_front,pokeapi_versions,403_shinx/gen6_oras_front.png
403,shinx,gen6_oras_shiny_front,pokeapi_versions,403_shinx/gen6_oras_shiny_front.png
403,shinx,gen7_usum_front,pokeapi_versions,403_shinx/gen7_usum_front.png
403,shinx,gen7_usum_shiny_front,pokeapi_versions,403_shinx/gen7_usum_shiny_front.png
404,luxio,official_art,official-artwork,404_luxio/official_artwork.png
404,luxio,home_art,pokemon_home,404_luxio/home_art.png
404,luxio,gen6_xy_front,pokeapi_versions,404_luxio/gen6_xy_front.png
404,luxio,gen6_xy_shiny_front,pokeapi_versions,404_luxio/gen6_xy_shiny_front.png
404,luxio,gen6_oras_front,pokeapi_versions,404_luxio/gen6_oras_front.png
404,luxio,gen6_oras_shiny_front,pokeapi_versions,404_luxio/gen6_oras_shiny_front.png
404,luxio,gen7_usum_front,pokeapi_versions,404_luxio/gen7_usum_front.png
404,luxio,gen7_usum_shiny_front,pokeapi_versions,404_luxio/gen7_usum_shiny_front.png
405,luxray,official_art,official-artwork,405_luxray/official_artwork.png
405,luxray,home_art,pokemon_home,405_luxray/home_art.png
405,luxray,gen6_xy_front,pokeapi_versions,405_luxray/gen6_xy_front.png
405,luxray,gen6_xy_shiny_front,pokeapi_versions,405_luxray/gen6_xy_shiny_front.png
405,luxray,gen6_oras_front,pokeapi_versions,405_luxray/gen6_oras_front.png
405,luxray,gen6_oras_shiny_front,pokeapi_versions,405_luxray/gen6_oras_shiny_front.png
405,luxray,gen7_usum_front,pokeapi_versions,405_luxray/gen7_usum_front.png
405,luxray,gen7_usum_shiny_front,pokeapi_versions,405_luxray/gen7_usum_shiny_front.png
406,budew,official_art,official-artwork,406_budew/official_artwork.png
406,budew,home_art,pokemon_home,406_budew/home_art.png
406,budew,gen6_xy_front,pokeapi_versions,406_budew/gen6_xy_front.png
406,budew,gen6_xy_shiny_front,pokeapi_versions,406_budew/gen6_xy_shiny_front.png
406,budew,gen6_oras_front,pokeapi_versions,406_budew/gen6_oras_front.png
406,budew,gen6_oras_shiny_front,pokeapi_versions,406_budew/gen6_oras_shiny_front.png
406,budew,gen7_usum_front,pokeapi_versions,406_budew/gen7_usum_front.png
406,budew,gen7_usum_shiny_front,pokeapi_versions,406_budew/gen7_usum_shiny_front.png
407,roserade,official_art,official-artwork,407_roserade/official_artwork.png
407,roserade,home_art,pokemon_home,407_roserade/home_art.png
407,roserade,gen6_xy_front,pokeapi_versions,407_roserade/gen6_xy_front.png
407,roserade,gen6_xy_shiny_front,pokeapi_versions,407_roserade/gen6_xy_shiny_front.png
407,roserade,gen6_oras_front,pokeapi_versions,407_roserade/gen6_oras_front.png
407,roserade,gen6_oras_shiny_front,pokeapi_versions,407_roserade/gen6_oras_shiny_front.png
407,roserade,gen7_usum_front,pokeapi_versions,407_roserade/gen7_usum_front.png
407,roserade,gen7_usum_shiny_front,pokeapi_versions,407_roserade/gen7_usum_shiny_front.png
408,cranidos,official_art,official-artwork,408_cranidos/official_artwork.png
408,cranidos,home_art,pokemon_home,408_cranidos/home_art.png
408,cranidos,gen6_xy_front,pokeapi_versions,408_cranidos/gen6_xy_front.png
408,cranidos,gen6_xy_shiny_front,pokeapi_versions,408_cranidos/gen6_xy_shiny_front.png
408,cranidos,gen6_oras_front,pokeapi_versions,408_cranidos/gen6_oras_front.png
408,cranidos,gen6_oras_shiny_front,pokeapi_versions,408_cranidos/gen6_oras_shiny_front.png
408,cranidos,gen7_usum_front,pokeapi_versions,408_cranidos/gen7_usum_front.png
408,cranidos,gen7_usum_shiny_front,pokeapi_versions,408_cranidos/gen7_usum_shiny_front.png
409,rampardos,official_art,official-artwork,409_rampardos/official_artwork.png
409,rampardos,home_art,pokemon_home,409_rampardos/home_art.png
409,rampardos,gen6_xy_front,pokeapi_versions,409_rampardos/gen6_xy_front.png
409,rampardos,gen6_xy_shiny_front,pokeapi_versions,409_rampardos/gen6_xy_shiny_front.png
409,rampardos,gen6_oras_front,pokeapi_versions,409_rampardos/gen6_oras_front.png
409,rampardos,gen6_oras_shiny_front,pokeapi_versions,409_rampardos/gen6_oras_shiny_front.png
409,rampardos,gen7_usum_front,pokeapi_versions,409_rampardos/gen7_usum_front.png
409,rampardos,gen7_usum_shiny_front,pokeapi_versions,409_rampardos/gen7_usum_shiny_front.png
410,shieldon,official_art,official-artwork,410_shieldon/official_artwork.png
410,shieldon,home_art,pokemon_home,410_shieldon/home_art.png
410,shieldon,gen6_xy_front,pokeapi_versions,410_shieldon/gen6_xy_front.png
410,shieldon,gen6_xy_shiny_front,pokeapi_versions,410_shieldon/gen6_xy_shiny_front.png
410,shieldon,gen6_oras_front,pokeapi_versions,410_shieldon/gen6_oras_front.png
410,shieldon,gen6_oras_shiny_front,pokeapi_versions,410_shieldon/gen6_oras_shiny_front.png
410,shieldon,gen7_usum_front,pokeapi_versions,410_shieldon/gen7_usum_front.png
410,shieldon,gen7_usum_shiny_front,pokeapi_versions,410_shieldon/gen7_usum_shiny_front.png
411,bastiodon,official_art,official-artwork,411_bastiodon/official_artwork.png
411,bastiodon,home_art,pokemon_home,411_bastiodon/home_art.png
411,bastiodon,gen6_xy_front,pokeapi_versions,411_bastiodon/gen6_xy_front.png
411,bastiodon,gen6_xy_shiny_front,pokeapi_versions,411_bastiodon/gen6_xy_shiny_front.png
411,bastiodon,gen6_oras_front,pokeapi_versions,411_bastiodon/gen6_oras_front.png
411,bastiodon,gen6_oras_shiny_front,pokeapi_versions,411_bastiodon/gen6_oras_shiny_front.png
411,bastiodon,gen7_usum_front,pokeapi_versions,411_bastiodon/gen7_usum_front.png
411,bastiodon,gen7_usum_shiny_front,pokeapi_versions,411_bastiodon/gen7_usum_shiny_front.png
412,burmy,official_art,official-artwork,412_burmy/official_artwork.png
412,burmy,home_art,pokemon_home,412_burmy/home_art.png
412,burmy,gen6_xy_front,pokeapi_versions,412_burmy/gen6_xy_front.png
412,burmy,gen6_xy_shiny_front,pokeapi_versions,412_burmy/gen6_xy_shiny_front.png
412,burmy,gen6_oras_front,pokeapi_versions,412_burmy/gen6_oras_front.png
412,burmy,gen6_oras_shiny_front,pokeapi_versions,412_burmy/gen6_oras_shiny_front.png
412,burmy,gen7_usum_front,pokeapi_versions,412_burmy/gen7_usum_front.png
412,burmy,gen7_usum_shiny_front,pokeapi_versions,412_burmy/gen7_usum_shiny_front.png
413,wormadam-plant,official_art,official-artwork,413_wormadam-plant/official_artwork.png
413,wormadam-plant,home_art,pokemon_home,413_wormadam-plant/home_art.png
413,wormadam-plant,gen6_xy_front,pokeapi_versions,413_wormadam-plant/gen6_xy_front.png
413,wormadam-plant,gen6_xy_shiny_front,pokeapi_versions,413_wormadam-plant/gen6_xy_shiny_front.png
413,wormadam-plant,gen6_oras_front,pokeapi_versions,413_wormadam-plant/gen6_oras_front.png
413,wormadam-plant,gen6_oras_shiny_front,pokeapi_versions,413_wormadam-plant/gen6_oras_shiny_front.png
413,wormadam-plant,gen7_usum_front,pokeapi_versions,413_wormadam-plant/gen7_usum_front.png
413,wormadam-plant,gen7_usum_shiny_front,pokeapi_versions,413_wormadam-plant/gen7_usum_shiny_front.png
414,mothim,official_art,official-artwork,414_mothim/official_artwork.png
414,mothim,home_art,pokemon_home,414_mothim/home_art.png
414,mothim,gen6_xy_front,pokeapi_versions,414_mothim/gen6_xy_front.png
414,mothim,gen6_xy_shiny_front,pokeapi_versions,414_mothim/gen6_xy_shiny_front.png
414,mothim,gen6_oras_front,pokeapi_versions,414_mothim/gen6_oras_front.png
414,mothim,gen6_oras_shiny_front,pokeapi_versions,414_mothim/gen6_oras_shiny_front.png
414,mothim,gen7_usum_front,pokeapi_versions,414_mothim/gen7_usum_front.png
414,mothim,gen7_usum_shiny_front,pokeapi_versions,414_mothim/gen7_usum_shiny_front.png
415,combee,official_art,official-artwork,415_combee/official_artwork.png
415,combee,home_art,pokemon_home,415_combee/home_art.png
415,combee,gen6_xy_front,pokeapi_versions,415_combee/gen6_xy_front.png
415,combee,gen6_xy_shiny_front,pokeapi_versions,415_combee/gen6_xy_shiny_front.png
415,combee,gen6_oras_front,pokeapi_versions,415_combee/gen6_oras_front.png
415,combee,gen6_oras_shiny_front,pokeapi_versions,415_combee/gen6_oras_shiny_front.png
415,combee,gen7_usum_front,pokeapi_versions,415_combee/gen7_usum_front.png
415,combee,gen7_usum_shiny_front,pokeapi_versions,415_combee/gen7_usum_shiny_front.png
416,vespiquen,official_art,official-artwork,416_vespiquen/official_artwork.png
416,vespiquen,home_art,pokemon_home,416_vespiquen/home_art.png
416,vespiquen,gen6_xy_front,pokeapi_versions,416_vespiquen/gen6_xy_front.png
416,vespiquen,gen6_xy_shiny_front,pokeapi_versions,416_vespiquen/gen6_xy_shiny_front.png
416,vespiquen,gen6_oras_front,pokeapi_versions,416_vespiquen/gen6_oras_front.png
416,vespiquen,gen6_oras_shiny_front,pokeapi_versions,416_vespiquen/gen6_oras_shiny_front.png
416,vespiquen,gen7_usum_front,pokeapi_versions,416_vespiquen/gen7_usum_front.png
416,vespiquen,gen7_usum_shiny_front,pokeapi_versions,416_vespiquen/gen7_usum_shiny_front.png
417,pachirisu,official_art,official-artwork,417_pachirisu/official_artwork.png
417,pachirisu,home_art,pokemon_home,417_pachirisu/home_art.png
417,pachirisu,gen6_xy_front,pokeapi_versions,417_pachirisu/gen6_xy_front.png
417,pachirisu,gen6_xy_shiny_front,pokeapi_versions,417_pachirisu/gen6_xy_shiny_front.png
417,pachirisu,gen6_oras_front,pokeapi_versions,417_pachirisu/gen6_oras_front.png
417,pachirisu,gen6_oras_shiny_front,pokeapi_versions,417_pachirisu/gen6_oras_shiny_front.png
417,pachirisu,gen7_usum_front,pokeapi_versions,417_pachirisu/gen7_usum_front.png
417,pachirisu,gen7_usum_shiny_front,pokeapi_versions,417_pachirisu/gen7_usum_shiny_front.png
418,buizel,official_art,official-artwork,418_buizel/official_artwork.png
418,buizel,home_art,pokemon_home,418_buizel/home_art.png
418,buizel,gen6_xy_front,pokeapi_versions,418_buizel/gen6_xy_front.png
418,buizel,gen6_xy_shiny_front,pokeapi_versions,418_buizel/gen6_xy_shiny_front.png
418,buizel,gen6_oras_front,pokeapi_versions,418_buizel/gen6_oras_front.png
418,buizel,gen6_oras_shiny_front,pokeapi_versions,418_buizel/gen6_oras_shiny_front.png
418,buizel,gen7_usum_front,pokeapi_versions,418_buizel/gen7_usum_front.png
418,buizel,gen7_usum_shiny_front,pokeapi_versions,418_buizel/gen7_usum_shiny_front.png
419,floatzel,official_art,official-artwork,419_floatzel/official_artwork.png
419,floatzel,home_art,pokemon_home,419_floatzel/home_art.png
419,floatzel,gen6_xy_front,pokeapi_versions,419_floatzel/gen6_xy_front.png
419,floatzel,gen6_xy_shiny_front,pokeapi_versions,419_floatzel/gen6_xy_shiny_front.png
419,floatzel,gen6_oras_front,pokeapi_versions,419_floatzel/gen6_oras_front.png
419,floatzel,gen6_oras_shiny_front,pokeapi_versions,419_floatzel/gen6_oras_shiny_front.png
419,floatzel,gen7_usum_front,pokeapi_versions,419_floatzel/gen7_usum_front.png
419,floatzel,gen7_usum_shiny_front,pokeapi_versions,419_floatzel/gen7_usum_shiny_front.png
420,cherubi,official_art,official-artwork,420_cherubi/official_artwork.png
420,cherubi,home_art,pokemon_home,420_cherubi/home_art.png
420,cherubi,gen6_xy_front,pokeapi_versions,420_cherubi/gen6_xy_front.png
420,cherubi,gen6_xy_shiny_front,pokeapi_versions,420_cherubi/gen6_xy_shiny_front.png
420,cherubi,gen6_oras_front,pokeapi_versions,420_cherubi/gen6_oras_front.png
420,cherubi,gen6_oras_shiny_front,pokeapi_versions,420_cherubi/gen6_oras_shiny_front.png
420,cherubi,gen7_usum_front,pokeapi_versions,420_cherubi/gen7_usum_front.png
420,cherubi,gen7_usum_shiny_front,pokeapi_versions,420_cherubi/gen7_usum_shiny_front.png
421,cherrim,official_art,official-artwork,421_cherrim/official_artwork.png
421,cherrim,home_art,pokemon_home,421_cherrim/home_art.png
421,cherrim,gen6_xy_front,pokeapi_versions,421_cherrim/gen6_xy_front.png
421,cherrim,gen6_xy_shiny_front,pokeapi_versions,421_cherrim/gen6_xy_shiny_front.png
421,cherrim,gen6_oras_front,pokeapi_versions,421_cherrim/gen6_oras_front.png
421,cherrim,gen6_oras_shiny_front,pokeapi_versions,421_cherrim/gen6_oras_shiny_front.png
421,cherrim,gen7_usum_front,pokeapi_versions,421_cherrim/gen7_usum_front.png
421,cherrim,gen7_usum_shiny_front,pokeapi_versions,421_cherrim/gen7_usum_shiny_front.png
422,shellos,official_art,official-artwork,422_shellos/official_artwork.png
422,shellos,home_art,pokemon_home,422_shellos/home_art.png
422,shellos,gen6_xy_front,pokeapi_versions,422_shellos/gen6_xy_front.png
422,shellos,gen6_xy_shiny_front,pokeapi_versions,422_shellos/gen6_xy_shiny_front.png
422,shellos,gen6_oras_front,pokeapi_versions,422_shellos/gen6_oras_front.png
422,shellos,gen6_oras_shiny_front,pokeapi_versions,422_shellos/gen6_oras_shiny_front.png
422,shellos,gen7_usum_front,pokeapi_versions,422_shellos/gen7_usum_front.png
422,shellos,gen7_usum_shiny_front,pokeapi_versions,422_shellos/gen7_usum_shiny_front.png
423,gastrodon,official_art,official-artwork,423_gastrodon/official_artwork.png
423,gastrodon,home_art,pokemon_home,423_gastrodon/home_art.png
423,gastrodon,gen6_xy_front,pokeapi_versions,423_gastrodon/gen6_xy_front.png
423,gastrodon,gen6_xy_shiny_front,pokeapi_versions,423_gastrodon/gen6_xy_shiny_front.png
423,gastrodon,gen6_oras_front,pokeapi_versions,423_gastrodon/gen6_oras_front.png
423,gastrodon,gen6_oras_shiny_front,pokeapi_versions,423_gastrodon/gen6_oras_shiny_front.png
423,gastrodon,gen7_usum_front,pokeapi_versions,423_gastrodon/gen7_usum_front.png
423,gastrodon,gen7_usum_shiny_front,pokeapi_versions,423_gastrodon/gen7_usum_shiny_front.png
424,ambipom,official_art,official-artwork,424_ambipom/official_artwork.png
424,ambipom,home_art,pokemon_home,424_ambipom/home_art.png
424,ambipom,gen6_xy_front,pokeapi_versions,424_ambipom/gen6_xy_front.png
424,ambipom,gen6_xy_shiny_front,pokeapi_versions,424_ambipom/gen6_xy_shiny_front.png
424,ambipom,gen6_oras_front,pokeapi_versions,424_ambipom/gen6_oras_front.png
424,ambipom,gen6_oras_shiny_front,pokeapi_versions,424_ambipom/gen6_oras_shiny_front.png
424,ambipom,gen7_usum_front,pokeapi_versions,424_ambipom/gen7_usum_front.png
424,ambipom,gen7_usum_shiny_front,pokeapi_versions,424_ambipom/gen7_usum_shiny_front.png
425,drifloon,official_art,official-artwork,425_drifloon/official_artwork.png
425,drifloon,home_art,pokemon_home,425_drifloon/home_art.png
425,drifloon,gen6_xy_front,pokeapi_versions,425_drifloon/gen6_xy_front.png
425,drifloon,gen6_xy_shiny_front,pokeapi_versions,425_drifloon/gen6_xy_shiny_front.png
425,drifloon,gen6_oras_front,pokeapi_versions,425_drifloon/gen6_oras_front.png
425,drifloon,gen6_oras_shiny_front,pokeapi_versions,425_drifloon/gen6_oras_shiny_front.png
425,drifloon,gen7_usum_front,pokeapi_versions,425_drifloon/gen7_usum_front.png
425,drifloon,gen7_usum_shiny_front,pokeapi_versions,425_drifloon/gen7_usum_shiny_front.png
426,drifblim,official_art,official-artwork,426_drifblim/official_artwork.png
426,drifblim,home_art,pokemon_home,426_drifblim/home_art.png
426,drifblim,gen6_xy_front,pokeapi_versions,426_drifblim/gen6_xy_front.png
426,drifblim,gen6_xy_shiny_front,pokeapi_versions,426_drifblim/gen6_xy_shiny_front.png
426,drifblim,gen6_oras_front,pokeapi_versions,426_drifblim/gen6_oras_front.png
426,drifblim,gen6_oras_shiny_front,pokeapi_versions,426_drifblim/gen6_oras_shiny_front.png
426,drifblim,gen7_usum_front,pokeapi_versions,426_drifblim/gen7_usum_front.png
426,drifblim,gen7_usum_shiny_front,pokeapi_versions,426_drifblim/gen7_usum_shiny_front.png
427,buneary,official_art,official-artwork,427_buneary/official_artwork.png
427,buneary,home_art,pokemon_home,427_buneary/home_art.png
427,buneary,gen6_xy_front,pokeapi_versions,427_buneary/gen6_xy_front.png
427,buneary,gen6_xy_shiny_front,pokeapi_versions,427_buneary/gen6_xy_shiny_front.png
427,buneary,gen6_oras_front,pokeapi_versions,427_buneary/gen6_oras_front.png
427,buneary,gen6_oras_shiny_front,pokeapi_versions,427_buneary/gen6_oras_shiny_front.png
427,buneary,gen7_usum_front,pokeapi_versions,427_buneary/gen7_usum_front.png
427,buneary,gen7_usum_shiny_front,pokeapi_versions,427_buneary/gen7_usum_shiny_front.png
428,lopunny,official_art,official-artwork,428_lopunny/official_artwork.png
428,lopunny,home_art,pokemon_home,428_lopunny/home_art.png
428,lopunny,gen6_xy_front,pokeapi_versions,428_lopunny/gen6_xy_front.png
428,lopunny,gen6_xy_shiny_front,pokeapi_versions,428_lopunny/gen6_xy_shiny_front.png
428,lopunny,gen6_oras_front,pokeapi_versions,428_lopunny/gen6_oras_front.png
428,lopunny,gen6_oras_shiny_front,pokeapi_versions,428_lopunny/gen6_oras_shiny_front.png
428,lopunny,gen7_usum_front,pokeapi_versions,428_lopunny/gen7_usum_front.png
428,lopunny,gen7_usum_shiny_front,pokeapi_versions,428_lopunny/gen7_usum_shiny_front.png
429,mismagius,official_art,official-artwork,429_mismagius/official_artwork.png
429,mismagius,home_art,pokemon_home,429_mismagius/home_art.png
429,mismagius,gen6_xy_front,pokeapi_versions,429_mismagius/gen6_xy_front.png
429,mismagius,gen6_xy_shiny_front,pokeapi_versions,429_mismagius/gen6_xy_shiny_front.png
429,mismagius,gen6_oras_front,pokeapi_versions,429_mismagius/gen6_oras_front.png
429,mismagius,gen6_oras_shiny_front,pokeapi_versions,429_mismagius/gen6_oras_shiny_front.png
429,mismagius,gen7_usum_front,pokeapi_versions,429_mismagius/gen7_usum_front.png
429,mismagius,gen7_usum_shiny_front,pokeapi_versions,429_mismagius/gen7_usum_shiny_front.png
430,honchkrow,official_art,official-artwork,430_honchkrow/official_artwork.png
430,honchkrow,home_art,pokemon_home,430_honchkrow/home_art.png
430,honchkrow,gen6_xy_front,pokeapi_versions,430_honchkrow/gen6_xy_front.png
430,honchkrow,gen6_xy_shiny_front,pokeapi_versions,430_honchkrow/gen6_xy_shiny_front.png
430,honchkrow,gen6_oras_front,pokeapi_versions,430_honchkrow/gen6_oras_front.png
430,honchkrow,gen6_oras_shiny_front,pokeapi_versions,430_honchkrow/gen6_oras_shiny_front.png
430,honchkrow,gen7_usum_front,pokeapi_versions,430_honchkrow/gen7_usum_front.png
430,honchkrow,gen7_usum_shiny_front,pokeapi_versions,430_honchkrow/gen7_usum_shiny_front.png
431,glameow,official_art,official-artwork,431_glameow/official_artwork.png
431,glameow,home_art,pokemon_home,431_glameow/home_art.png
431,glameow,gen6_xy_front,pokeapi_versions,431_glameow/gen6_xy_front.png
431,glameow,gen6_xy_shiny_front,pokeapi_versions,431_glameow/gen6_xy_shiny_front.png
431,glameow,gen6_oras_front,pokeapi_versions,431_glameow/gen6_oras_front.png
431,glameow,gen6_oras_shiny_front,pokeapi_versions,431_glameow/gen6_oras_shiny_front.png
431,glameow,gen7_usum_front,pokeapi_versions,431_glameow/gen7_usum_front.png
431,glameow,gen7_usum_shiny_front,pokeapi_versions,431_glameow/gen7_usum_shiny_front.png
432,purugly,official_art,official-artwork,432_purugly/official_artwork.png
432,purugly,home_art,pokemon_home,432_purugly/home_art.png
432,purugly,gen6_xy_front,pokeapi_versions,432_purugly/gen6_xy_front.png
432,purugly,gen6_xy_shiny_front,pokeapi_versions,432_purugly/gen6_xy_shiny_front.png
432,purugly,gen6_oras_front,pokeapi_versions,432_purugly/gen6_oras_front.png
432,purugly,gen6_oras_shiny_front,pokeapi_versions,432_purugly/gen6_oras_shiny_front.png
432,purugly,gen7_usum_front,pokeapi_versions,432_purugly/gen7_usum_front.png
432,purugly,gen7_usum_shiny_front,pokeapi_versions,432_purugly/gen7_usum_shiny_front.png
433,chingling,official_art,official-artwork,433_chingling/official_artwork.png
433,chingling,home_art,pokemon_home,433_chingling/home_art.png
433,chingling,gen6_xy_front,pokeapi_versions,433_chingling/gen6_xy_front.png
433,chingling,gen6_xy_shiny_front,pokeapi_versions,433_chingling/gen6_xy_shiny_front.png
433,chingling,gen6_oras_front,pokeapi_versions,433_chingling/gen6_oras_front.png
433,chingling,gen6_oras_shiny_front,pokeapi_versions,433_chingling/gen6_oras_shiny_front.png
433,chingling,gen7_usum_front,pokeapi_versions,433_chingling/gen7_usum_front.png
433,chingling,gen7_usum_shiny_front,pokeapi_versions,433_chingling/gen7_usum_shiny_front.png
434,stunky,official_art,official-artwork,434_stunky/official_artwork.png
434,stunky,home_art,pokemon_home,434_stunky/home_art.png
434,stunky,gen6_xy_front,pokeapi_versions,434_stunky/gen6_xy_front.png
434,stunky,gen6_xy_shiny_front,pokeapi_versions,434_stunky/gen6_xy_shiny_front.png
434,stunky,gen6_oras_front,pokeapi_versions,434_stunky/gen6_oras_front.png
434,stunky,gen6_oras_shiny_front,pokeapi_versions,434_stunky/gen6_oras_shiny_front.png
434,stunky,gen7_usum_front,pokeapi_versions,434_stunky/gen7_usum_front.png
434,stunky,gen7_usum_shiny_front,pokeapi_versions,434_stunky/gen7_usum_shiny_front.png
435,skuntank,official_art,official-artwork,435_skuntank/official_artwork.png
435,skuntank,home_art,pokemon_home,435_skuntank/home_art.png
435,skuntank,gen6_xy_front,pokeapi_versions,435_skuntank/gen6_xy_front.png
435,skuntank,gen6_xy_shiny_front,pokeapi_versions,435_skuntank/gen6_xy_shiny_front.png
435,skuntank,gen6_oras_front,pokeapi_versions,435_skuntank/gen6_oras_front.png
435,skuntank,gen6_oras_shiny_front,pokeapi_versions,435_skuntank/gen6_oras_shiny_front.png
435,skuntank,gen7_usum_front,pokeapi_versions,435_skuntank/gen7_usum_front.png
435,skuntank,gen7_usum_shiny_front,pokeapi_versions,435_skuntank/gen7_usum_shiny_front.png
436,bronzor,official_art,official-artwork,436_bronzor/official_artwork.png
436,bronzor,home_art,pokemon_home,436_bronzor/home_art.png
436,bronzor,gen6_xy_front,pokeapi_versions,436_bronzor/gen6_xy_front.png
436,bronzor,gen6_xy_shiny_front,pokeapi_versions,436_bronzor/gen6_xy_shiny_front.png
436,bronzor,gen6_oras_front,pokeapi_versions,436_bronzor/gen6_oras_front.png
436,bronzor,gen6_oras_shiny_front,pokeapi_versions,436_bronzor/gen6_oras_shiny_front.png
436,bronzor,gen7_usum_front,pokeapi_versions,436_bronzor/gen7_usum_front.png
436,bronzor,gen7_usum_shiny_front,pokeapi_versions,436_bronzor/gen7_usum_shiny_front.png
437,bronzong,official_art,official-artwork,437_bronzong/official_artwork.png
437,bronzong,home_art,pokemon_home,437_bronzong/home_art.png
437,bronzong,gen6_xy_front,pokeapi_versions,437_bronzong/gen6_xy_front.png
437,bronzong,gen6_xy_shiny_front,pokeapi_versions,437_bronzong/gen6_xy_shiny_front.png
437,bronzong,gen6_oras_front,pokeapi_versions,437_bronzong/gen6_oras_front.png
437,bronzong,gen6_oras_shiny_front,pokeapi_versions,437_bronzong/gen6_oras_shiny_front.png
437,bronzong,gen7_usum_front,pokeapi_versions,437_bronzong/gen7_usum_front.png
437,bronzong,gen7_usum_shiny_front,pokeapi_versions,437_bronzong/gen7_usum_shiny_front.png
438,bonsly,official_art,official-artwork,438_bonsly/official_artwork.png
438,bonsly,home_art,pokemon_home,438_bonsly/home_art.png
438,bonsly,gen6_xy_front,pokeapi_versions,438_bonsly/gen6_xy_front.png
438,bonsly,gen6_xy_shiny_front,pokeapi_versions,438_bonsly/gen6_xy_shiny_front.png
438,bonsly,gen6_oras_front,pokeapi_versions,438_bonsly/gen6_oras_front.png
438,bonsly,gen6_oras_shiny_front,pokeapi_versions,438_bonsly/gen6_oras_shiny_front.png
438,bonsly,gen7_usum_front,pokeapi_versions,438_bonsly/gen7_usum_front.png
438,bonsly,gen7_usum_shiny_front,pokeapi_versions,438_bonsly/gen7_usum_shiny_front.png
439,mime-jr,official_art,official-artwork,439_mime-jr/official_artwork.png
439,mime-jr,home_art,pokemon_home,439_mime-jr/home_art.png
439,mime-jr,gen6_xy_front,pokeapi_versions,439_mime-jr/gen6_xy_front.png
439,mime-jr,gen6_xy_shiny_front,pokeapi_versions,439_mime-jr/gen6_xy_shiny_front.png
439,mime-jr,gen6_oras_front,pokeapi_versions,439_mime-jr/gen6_oras_front.png
439,mime-jr,gen6_oras_shiny_front,pokeapi_versions,439_mime-jr/gen6_oras_shiny_front.png
439,mime-jr,gen7_usum_front,pokeapi_versions,439_mime-jr/gen7_usum_front.png
439,mime-jr,gen7_usum_shiny_front,pokeapi_versions,439_mime-jr/gen7_usum_shiny_front.png
440,happiny,official_art,official-artwork,440_happiny/official_artwork.png
440,happiny,home_art,pokemon_home,440_happiny/home_art.png
440,happiny,gen6_xy_front,pokeapi_versions,440_happiny/gen6_xy_front.png
440,happiny,gen6_xy_shiny_front,pokeapi_versions,440_happiny/gen6_xy_shiny_front.png
440,happiny,gen6_oras_front,pokeapi_versions,440_happiny/gen6_oras_front.png
440,happiny,gen6_oras_shiny_front,pokeapi_versions,440_happiny/gen6_oras_shiny_front.png
440,happiny,gen7_usum_front,pokeapi_versions,440_happiny/gen7_usum_front.png
440,happiny,gen7_usum_shiny_front,pokeapi_versions,440_happiny/gen7_usum_shiny_front.png
441,chatot,official_art,official-artwork,441_chatot/official_artwork.png
441,chatot,home_art,pokemon_home,441_chatot/home_art.png
441,chatot,gen6_xy_front,pokeapi_versions,441_chatot/gen6_xy_front.png
441,chatot,gen6_xy_shiny_front,pokeapi_versions,441_chatot/gen6_xy_shiny_front.png
441,chatot,gen6_oras_front,pokeapi_versions,441_chatot/gen6_oras_front.png
441,chatot,gen6_oras_shiny_front,pokeapi_versions,441_chatot/gen6_oras_shiny_front.png
441,chatot,gen7_usum_front,pokeapi_versions,441_chatot/gen7_usum_front.png
441,chatot,gen7_usum_shiny_front,pokeapi_versions,441_chatot/gen7_usum_shiny_front.png
442,spiritomb,official_art,official-artwork,442_spiritomb/official_artwork.png
442,spiritomb,home_art,pokemon_home,442_spiritomb/home_art.png
442,spiritomb,gen6_xy_front,pokeapi_versions,442_spiritomb/gen6_xy_front.png
442,spiritomb,gen6_xy_shiny_front,pokeapi_versions,442_spiritomb/gen6_xy_shiny_front.png
442,spiritomb,gen6_oras_front,pokeapi_versions,442_spiritomb/gen6_oras_front.png
442,spiritomb,gen6_oras_shiny_front,pokeapi_versions,442_spiritomb/gen6_oras_shiny_front.png
442,spiritomb,gen7_usum_front,pokeapi_versions,442_spiritomb/gen7_usum_front.png
442,spiritomb,gen7_usum_shiny_front,pokeapi_versions,442_spiritomb/gen7_usum_shiny_front.png
443,gible,official_art,official-artwork,443_gible/official_artwork.png
443,gible,home_art,pokemon_home,443_gible/home_art.png
443,gible,gen6_xy_front,pokeapi_versions,443_gible/gen6_xy_front.png
443,gible,gen6_xy_shiny_front,pokeapi_versions,443_gible/gen6_xy_shiny_front.png
443,gible,gen6_oras_front,pokeapi_versions,443_gible/gen6_oras_front.png
443,gible,gen6_oras_shiny_front,pokeapi_versions,443_gible/gen6_oras_shiny_front.png
443,gible,gen7_usum_front,pokeapi_versions,443_gible/gen7_usum_front.png
443,gible,gen7_usum_shiny_front,pokeapi_versions,443_gible/gen7_usum_shiny_front.png
444,gabite,official_art,official-artwork,444_gabite/official_artwork.png
444,gabite,home_art,pokemon_home,444_gabite/home_art.png
444,gabite,gen6_xy_front,pokeapi_versions,444_gabite/gen6_xy_front.png
444,gabite,gen6_xy_shiny_front,pokeapi_versions,444_gabite/gen6_xy_shiny_front.png
444,gabite,gen6_oras_front,pokeapi_versions,444_gabite/gen6_oras_front.png
444,gabite,gen6_oras_shiny_front,pokeapi_versions,444_gabite/gen6_oras_shiny_front.png
444,gabite,gen7_usum_front,pokeapi_versions,444_gabite/gen7_usum_front.png
444,gabite,gen7_usum_shiny_front,pokeapi_versions,444_gabite/gen7_usum_shiny_front.png
445,garchomp,official_art,official-artwork,445_garchomp/official_artwork.png
445,garchomp,home_art,pokemon_home,445_garchomp/home_art.png
445,garchomp,gen6_xy_front,pokeapi_versions,445_garchomp/gen6_xy_front.png
445,garchomp,gen6_xy_shiny_front,pokeapi_versions,445_garchomp/gen6_xy_shiny_front.png
445,garchomp,gen6_oras_front,pokeapi_versions,445_garchomp/gen6_oras_front.png
445,garchomp,gen6_oras_shiny_front,pokeapi_versions,445_garchomp/gen6_oras_shiny_front.png
445,garchomp,gen7_usum_front,pokeapi_versions,445_garchomp/gen7_usum_front.png
445,garchomp,gen7_usum_shiny_front,pokeapi_versions,445_garchomp/gen7_usum_shiny_front.png
446,munchlax,official_art,official-artwork,446_munchlax/official_artwork.png
446,munchlax,home_art,pokemon_home,446_munchlax/home_art.png
446,munchlax,gen6_xy_front,pokeapi_versions,446_munchlax/gen6_xy_front.png
446,munchlax,gen6_xy_shiny_front,pokeapi_versions,446_munchlax/gen6_xy_shiny_front.png
446,munchlax,gen6_oras_front,pokeapi_versions,446_munchlax/gen6_oras_front.png
446,munchlax,gen6_oras_shiny_front,pokeapi_versions,446_munchlax/gen6_oras_shiny_front.png
446,munchlax,gen7_usum_front,pokeapi_versions,446_munchlax/gen7_usum_front.png
446,munchlax,gen7_usum_shiny_front,pokeapi_versions,446_munchlax/gen7_usum_shiny_front.png
447,riolu,official_art,official-artwork,447_riolu/official_artwork.png
447,riolu,home_art,pokemon_home,447_riolu/home_art.png
447,riolu,gen6_xy_front,pokeapi_versions,447_riolu/gen6_xy_front.png
447,riolu,gen6_xy_shiny_front,pokeapi_versions,447_riolu/gen6_xy_shiny_front.png
447,riolu,gen6_oras_front,pokeapi_versions,447_riolu/gen6_oras_front.png
447,riolu,gen6_oras_shiny_front,pokeapi_versions,447_riolu/gen6_oras_shiny_front.png
447,riolu,gen7_usum_front,pokeapi_versions,447_riolu/gen7_usum_front.png
447,riolu,gen7_usum_shiny_front,pokeapi_versions,447_riolu/gen7_usum_shiny_front.png
448,lucario,official_art,official-artwork,448_lucario/official_artwork.png
448,lucario,home_art,pokemon_home,448_lucario/home_art.png
448,lucario,gen6_xy_front,pokeapi_versions,448_lucario/gen6_xy_front.png
448,lucario,gen6_xy_shiny_front,pokeapi_versions,448_lucario/gen6_xy_shiny_front.png
448,lucario,gen6_oras_front,pokeapi_versions,448_lucario/gen6_oras_front.png
448,lucario,gen6_oras_shiny_front,pokeapi_versions,448_lucario/gen6_oras_shiny_front.png
448,lucario,gen7_usum_front,pokeapi_versions,448_lucario/gen7_usum_front.png
448,lucario,gen7_usum_shiny_front,pokeapi_versions,448_lucario/gen7_usum_shiny_front.png
449,hippopotas,official_art,official-artwork,449_hippopotas/official_artwork.png
449,hippopotas,home_art,pokemon_home,449_hippopotas/home_art.png
449,hippopotas,gen6_xy_front,pokeapi_versions,449_hippopotas/gen6_xy_front.png
449,hippopotas,gen6_xy_shiny_front,pokeapi_versions,449_hippopotas/gen6_xy_shiny_front.png
449,hippopotas,gen6_oras_front,pokeapi_versions,449_hippopotas/gen6_oras_front.png
449,hippopotas,gen6_oras_shiny_front,pokeapi_versions,449_hippopotas/gen6_oras_shiny_front.png
449,hippopotas,gen7_usum_front,pokeapi_versions,449_hippopotas/gen7_usum_front.png
449,hippopotas,gen7_usum_shiny_front,pokeapi_versions,449_hippopotas/gen7_usum_shiny_front.png
450,hippowdon,official_art,official-artwork,450_hippowdon/official_artwork.png
450,hippowdon,home_art,pokemon_home,450_hippowdon/home_art.png
450,hippowdon,gen6_xy_front,pokeapi_versions,450_hippowdon/gen6_xy_front.png
450,hippowdon,gen6_xy_shiny_front,pokeapi_versions,450_hippowdon/gen6_xy_shiny_front.png
450,hippowdon,gen6_oras_front,pokeapi_versions,450_hippowdon/gen6_oras_front.png
450,hippowdon,gen6_oras_shiny_front,pokeapi_versions,450_hippowdon/gen6_oras_shiny_front.png
450,hippowdon,gen7_usum_front,pokeapi_versions,450_hippowdon/gen7_usum_front.png
450,hippowdon,gen7_usum_shiny_front,pokeapi_versions,450_hippowdon/gen7_usum_shiny_front.png
451,skorupi,official_art,official-artwork,451_skorupi/official_artwork.png
451,skorupi,home_art,pokemon_home,451_skorupi/home_art.png
451,skorupi,gen6_xy_front,pokeapi_versions,451_skorupi/gen6_xy_front.png
451,skorupi,gen6_xy_shiny_front,pokeapi_versions,451_skorupi/gen6_xy_shiny_front.png
451,skorupi,gen6_oras_front,pokeapi_versions,451_skorupi/gen6_oras_front.png
451,skorupi,gen6_oras_shiny_front,pokeapi_versions,451_skorupi/gen6_oras_shiny_front.png
451,skorupi,gen7_usum_front,pokeapi_versions,451_skorupi/gen7_usum_front.png
451,skorupi,gen7_usum_shiny_front,pokeapi_versions,451_skorupi/gen7_usum_shiny_front.png
452,drapion,official_art,official-artwork,452_drapion/official_artwork.png
452,drapion,home_art,pokemon_home,452_drapion/home_art.png
452,drapion,gen6_xy_front,pokeapi_versions,452_drapion/gen6_xy_front.png
452,drapion,gen6_xy_shiny_front,pokeapi_versions,452_drapion/gen6_xy_shiny_front.png
452,drapion,gen6_oras_front,pokeapi_versions,452_drapion/gen6_oras_front.png
452,drapion,gen6_oras_shiny_front,pokeapi_versions,452_drapion/gen6_oras_shiny_front.png
452,drapion,gen7_usum_front,pokeapi_versions,452_drapion/gen7_usum_front.png
452,drapion,gen7_usum_shiny_front,pokeapi_versions,452_drapion/gen7_usum_shiny_front.png
453,croagunk,official_art,official-artwork,453_croagunk/official_artwork.png
453,croagunk,home_art,pokemon_home,453_croagunk/home_art.png
453,croagunk,gen6_xy_front,pokeapi_versions,453_croagunk/gen6_xy_front.png
453,croagunk,gen6_xy_shiny_front,pokeapi_versions,453_croagunk/gen6_xy_shiny_front.png
453,croagunk,gen6_oras_front,pokeapi_versions,453_croagunk/gen6_oras_front.png
453,croagunk,gen6_oras_shiny_front,pokeapi_versions,453_croagunk/gen6_oras_shiny_front.png
453,croagunk,gen7_usum_front,pokeapi_versions,453_croagunk/gen7_usum_front.png
453,croagunk,gen7_usum_shiny_front,pokeapi_versions,453_croagunk/gen7_usum_shiny_front.png
454,toxicroak,official_art,official-artwork,454_toxicroak/official_artwork.png
454,toxicroak,home_art,pokemon_home,454_toxicroak/home_art.png
454,toxicroak,gen6_xy_front,pokeapi_versions,454_toxicroak/gen6_xy_front.png
454,toxicroak,gen6_xy_shiny_front,pokeapi_versions,454_toxicroak/gen6_xy_shiny_front.png
454,toxicroak,gen6_oras_front,pokeapi_versions,454_toxicroak/gen6_oras_front.png
454,toxicroak,gen6_oras_shiny_front,pokeapi_versions,454_toxicroak/gen6_oras_shiny_front.png
454,toxicroak,gen7_usum_front,pokeapi_versions,454_toxicroak/gen7_usum_front.png
454,toxicroak,gen7_usum_shiny_front,pokeapi_versions,454_toxicroak/gen7_usum_shiny_front.png
455,carnivine,official_art,official-artwork,455_carnivine/official_artwork.png
455,carnivine,home_art,pokemon_home,455_carnivine/home_art.png
455,carnivine,gen6_xy_front,pokeapi_versions,455_carnivine/gen6_xy_front.png
455,carnivine,gen6_xy_shiny_front,pokeapi_versions,455_carnivine/gen6_xy_shiny_front.png
455,carnivine,gen6_oras_front,pokeapi_versions,455_carnivine/gen6_oras_front.png
455,carnivine,gen6_oras_shiny_front,pokeapi_versions,455_carnivine/gen6_oras_shiny_front.png
455,carnivine,gen7_usum_front,pokeapi_versions,455_carnivine/gen7_usum_front.png
455,carnivine,gen7_usum_shiny_front,pokeapi_versions,455_carnivine/gen7_usum_shiny_front.png
456,finneon,official_art,official-artwork,456_finneon/official_artwork.png
456,finneon,home_art,pokemon_home,456_finneon/home_art.png
456,finneon,gen6_xy_front,pokeapi_versions,456_finneon/gen6_xy_front.png
456,finneon,gen6_xy_shiny_front,pokeapi_versions,456_finneon/gen6_xy_shiny_front.png
456,finneon,gen6_oras_front,pokeapi_versions,456_finneon/gen6_oras_front.png
456,finneon,gen6_oras_shiny_front,pokeapi_versions,456_finneon/gen6_oras_shiny_front.png
456,finneon,gen7_usum_front,pokeapi_versions,456_finneon/gen7_usum_front.png
456,finneon,gen7_usum_shiny_front,pokeapi_versions,456_finneon/gen7_usum_shiny_front.png
457,lumineon,official_art,official-artwork,457_lumineon/official_artwork.png
457,lumineon,home_art,pokemon_home,457_lumineon/home_art.png
457,lumineon,gen6_xy_front,pokeapi_versions,457_lumineon/gen6_xy_front.png
457,lumineon,gen6_xy_shiny_front,pokeapi_versions,457_lumineon/gen6_xy_shiny_front.png
457,lumineon,gen6_oras_front,pokeapi_versions,457_lumineon/gen6_oras_front.png
457,lumineon,gen6_oras_shiny_front,pokeapi_versions,457_lumineon/gen6_oras_shiny_front.png
457,lumineon,gen7_usum_front,pokeapi_versions,457_lumineon/gen7_usum_front.png
457,lumineon,gen7_usum_shiny_front,pokeapi_versions,457_lumineon/gen7_usum_shiny_front.png
458,mantyke,official_art,official-artwork,458_mantyke/official_artwork.png
458,mantyke,home_art,pokemon_home,458_mantyke/home_art.png
458,mantyke,gen6_xy_front,pokeapi_versions,458_mantyke/gen6_xy_front.png
458,mantyke,gen6_xy_shiny_front,pokeapi_versions,458_mantyke/gen6_xy_shiny_front.png
458,mantyke,gen6_oras_front,pokeapi_versions,458_mantyke/gen6_oras_front.png
458,mantyke,gen6_oras_shiny_front,pokeapi_versions,458_mantyke/gen6_oras_shiny_front.png
458,mantyke,gen7_usum_front,pokeapi_versions,458_mantyke/gen7_usum_front.png
458,mantyke,gen7_usum_shiny_front,pokeapi_versions,458_mantyke/gen7_usum_shiny_front.png
459,snover,official_art,official-artwork,459_snover/official_artwork.png
459,snover,home_art,pokemon_home,459_snover/home_art.png
459,snover,gen6_xy_front,pokeapi_versions,459_snover/gen6_xy_front.png
459,snover,gen6_xy_shiny_front,pokeapi_versions,459_snover/gen6_xy_shiny_front.png
459,snover,gen6_oras_front,pokeapi_versions,459_snover/gen6_oras_front.png
459,snover,gen6_oras_shiny_front,pokeapi_versions,459_snover/gen6_oras_shiny_front.png
459,snover,gen7_usum_front,pokeapi_versions,459_snover/gen7_usum_front.png
459,snover,gen7_usum_shiny_front,pokeapi_versions,459_snover/gen7_usum_shiny_front.png
460,abomasnow,official_art,official-artwork,460_abomasnow/official_artwork.png
460,abomasnow,home_art,pokemon_home,460_abomasnow/home_art.png
460,abomasnow,gen6_xy_front,pokeapi_versions,460_abomasnow/gen6_xy_front.png
460,abomasnow,gen6_xy_shiny_front,pokeapi_versions,460_abomasnow/gen6_xy_shiny_front.png
460,abomasnow,gen6_oras_front,pokeapi_versions,460_abomasnow/gen6_oras_front.png
460,abomasnow,gen6_oras_shiny_front,pokeapi_versions,460_abomasnow/gen6_oras_shiny_front.png
460,abomasnow,gen7_usum_front,pokeapi_versions,460_abomasnow/gen7_usum_front.png
460,abomasnow,gen7_usum_shiny_front,pokeapi_versions,460_abomasnow/gen7_usum_shiny_front.png
461,weavile,official_art,official-artwork,461_weavile/official_artwork.png
461,weavile,home_art,pokemon_home,461_weavile/home_art.png
461,weavile,gen6_xy_front,pokeapi_versions,461_weavile/gen6_xy_front.png
461,weavile,gen6_xy_shiny_front,pokeapi_versions,461_weavile/gen6_xy_shiny_front.png
461,weavile,gen6_oras_front,pokeapi_versions,461_weavile/gen6_oras_front.png
461,weavile,gen6_oras_shiny_front,pokeapi_versions,461_weavile/gen6_oras_shiny_front.png
461,weavile,gen7_usum_front,pokeapi_versions,461_weavile/gen7_usum_front.png
461,weavile,gen7_usum_shiny_front,pokeapi_versions,461_weavile/gen7_usum_shiny_front.png
462,magnezone,official_art,official-artwork,462_magnezone/official_artwork.png
462,magnezone,home_art,pokemon_home,462_magnezone/home_art.png
462,magnezone,gen6_xy_front,pokeapi_versions,462_magnezone/gen6_xy_front.png
462,magnezone,gen6_xy_shiny_front,pokeapi_versions,462_magnezone/gen6_xy_shiny_front.png
462,magnezone,gen6_oras_front,pokeapi_versions,462_magnezone/gen6_oras_front.png
462,magnezone,gen6_oras_shiny_front,pokeapi_versions,462_magnezone/gen6_oras_shiny_front.png
462,magnezone,gen7_usum_front,pokeapi_versions,462_magnezone/gen7_usum_front.png
462,magnezone,gen7_usum_shiny_front,pokeapi_versions,462_magnezone/gen7_usum_shiny_front.png
463,lickilicky,official_art,official-artwork,463_lickilicky/official_artwork.png
463,lickilicky,home_art,pokemon_home,463_lickilicky/home_art.png
463,lickilicky,gen6_xy_front,pokeapi_versions,463_lickilicky/gen6_xy_front.png
463,lickilicky,gen6_xy_shiny_front,pokeapi_versions,463_lickilicky/gen6_xy_shiny_front.png
463,lickilicky,gen6_oras_front,pokeapi_versions,463_lickilicky/gen6_oras_front.png
463,lickilicky,gen6_oras_shiny_front,pokeapi_versions,463_lickilicky/gen6_oras_shiny_front.png
463,lickilicky,gen7_usum_front,pokeapi_versions,463_lickilicky/gen7_usum_front.png
463,lickilicky,gen7_usum_shiny_front,pokeapi_versions,463_lickilicky/gen7_usum_shiny_front.png
464,rhyperior,official_art,official-artwork,464_rhyperior/official_artwork.png
464,rhyperior,home_art,pokemon_home,464_rhyperior/home_art.png
464,rhyperior,gen6_xy_front,pokeapi_versions,464_rhyperior/gen6_xy_front.png
464,rhyperior,gen6_xy_shiny_front,pokeapi_versions,464_rhyperior/gen6_xy_shiny_front.png
464,rhyperior,gen6_oras_front,pokeapi_versions,464_rhyperior/gen6_oras_front.png
464,rhyperior,gen6_oras_shiny_front,pokeapi_versions,464_rhyperior/gen6_oras_shiny_front.png
464,rhyperior,gen7_usum_front,pokeapi_versions,464_rhyperior/gen7_usum_front.png
464,rhyperior,gen7_usum_shiny_front,pokeapi_versions,464_rhyperior/gen7_usum_shiny_front.png
465,tangrowth,official_art,official-artwork,465_tangrowth/official_artwork.png
465,tangrowth,home_art,pokemon_home,465_tangrowth/home_art.png
465,tangrowth,gen6_xy_front,pokeapi_versions,465_tangrowth/gen6_xy_front.png
465,tangrowth,gen6_xy_shiny_front,pokeapi_versions,465_tangrowth/gen6_xy_shiny_front.png
465,tangrowth,gen6_oras_front,pokeapi_versions,465_tangrowth/gen6_oras_front.png
465,tangrowth,gen6_oras_shiny_front,pokeapi_versions,465_tangrowth/gen6_oras_shiny_front.png
465,tangrowth,gen7_usum_front,pokeapi_versions,465_tangrowth/gen7_usum_front.png
465,tangrowth,gen7_usum_shiny_front,pokeapi_versions,465_tangrowth/gen7_usum_shiny_front.png
466,electivire,official_art,official-artwork,466_electivire/official_artwork.png
466,electivire,home_art,pokemon_home,466_electivire/home_art.png
466,electivire,gen6_xy_front,pokeapi_versions,466_electivire/gen6_xy_front.png
466,electivire,gen6_xy_shiny_front,pokeapi_versions,466_electivire/gen6_xy_shiny_front.png
466,electivire,gen6_oras_front,pokeapi_versions,466_electivire/gen6_oras_front.png
466,electivire,gen6_oras_shiny_front,pokeapi_versions,466_electivire/gen6_oras_shiny_front.png
466,electivire,gen7_usum_front,pokeapi_versions,466_electivire/gen7_usum_front.png
466,electivire,gen7_usum_shiny_front,pokeapi_versions,466_electivire/gen7_usum_shiny_front.png
467,magmortar,official_art,official-artwork,467_magmortar/official_artwork.png
467,magmortar,home_art,pokemon_home,467_magmortar/home_art.png
467,magmortar,gen6_xy_front,pokeapi_versions,467_magmortar/gen6_xy_front.png
467,magmortar,gen6_xy_shiny_front,pokeapi_versions,467_magmortar/gen6_xy_shiny_front.png
467,magmortar,gen6_oras_front,pokeapi_versions,467_magmortar/gen6_oras_front.png
467,magmortar,gen6_oras_shiny_front,pokeapi_versions,467_magmortar/gen6_oras_shiny_front.png
467,magmortar,gen7_usum_front,pokeapi_versions,467_magmortar/gen7_usum_front.png
467,magmortar,gen7_usum_shiny_front,pokeapi_versions,467_magmortar/gen7_usum_shiny_front.png
468,togekiss,official_art,official-artwork,468_togekiss/official_artwork.png
468,togekiss,home_art,pokemon_home,468_togekiss/home_art.png
468,togekiss,gen6_xy_front,pokeapi_versions,468_togekiss/gen6_xy_front.png
468,togekiss,gen6_xy_shiny_front,pokeapi_versions,468_togekiss/gen6_xy_shiny_front.png
468,togekiss,gen6_oras_front,pokeapi_versions,468_togekiss/gen6_oras_front.png
468,togekiss,gen6_oras_shiny_front,pokeapi_versions,468_togekiss/gen6_oras_shiny_front.png
468,togekiss,gen7_usum_front,pokeapi_versions,468_togekiss/gen7_usum_front.png
468,togekiss,gen7_usum_shiny_front,pokeapi_versions,468_togekiss/gen7_usum_shiny_front.png
469,yanmega,official_art,official-artwork,469_yanmega/official_artwork.png
469,yanmega,home_art,pokemon_home,469_yanmega/home_art.png
469,yanmega,gen6_xy_front,pokeapi_versions,469_yanmega/gen6_xy_front.png
469,yanmega,gen6_xy_shiny_front,pokeapi_versions,469_yanmega/gen6_xy_shiny_front.png
469,yanmega,gen6_oras_front,pokeapi_versions,469_yanmega/gen6_oras_front.png
469,yanmega,gen6_oras_shiny_front,pokeapi_versions,469_yanmega/gen6_oras_shiny_front.png
469,yanmega,gen7_usum_front,pokeapi_versions,469_yanmega/gen7_usum_front.png
469,yanmega,gen7_usum_shiny_front,pokeapi_versions,469_yanmega/gen7_usum_shiny_front.png
470,leafeon,official_art,official-artwork,470_leafeon/official_artwork.png
470,leafeon,home_art,pokemon_home,470_leafeon/home_art.png
470,leafeon,gen6_xy_front,pokeapi_versions,470_leafeon/gen6_xy_front.png
470,leafeon,gen6_xy_shiny_front,pokeapi_versions,470_leafeon/gen6_xy_shiny_front.png
470,leafeon,gen6_oras_front,pokeapi_versions,470_leafeon/gen6_oras_front.png
470,leafeon,gen6_oras_shiny_front,pokeapi_versions,470_leafeon/gen6_oras_shiny_front.png
470,leafeon,gen7_usum_front,pokeapi_versions,470_leafeon/gen7_usum_front.png
470,leafeon,gen7_usum_shiny_front,pokeapi_versions,470_leafeon/gen7_usum_shiny_front.png
471,glaceon,official_art,official-artwork,471_glaceon/official_artwork.png
471,glaceon,home_art,pokemon_home,471_glaceon/home_art.png
471,glaceon,gen6_xy_front,pokeapi_versions,471_glaceon/gen6_xy_front.png
471,glaceon,gen6_xy_shiny_front,pokeapi_versions,471_glaceon/gen6_xy_shiny_front.png
471,glaceon,gen6_oras_front,pokeapi_versions,471_glaceon/gen6_oras_front.png
471,glaceon,gen6_oras_shiny_front,pokeapi_versions,471_glaceon/gen6_oras_shiny_front.png
471,glaceon,gen7_usum_front,pokeapi_versions,471_glaceon/gen7_usum_front.png
471,glaceon,gen7_usum_shiny_front,pokeapi_versions,471_glaceon/gen7_usum_shiny_front.png
472,gliscor,official_art,official-artwork,472_gliscor/official_artwork.png
472,gliscor,home_art,pokemon_home,472_gliscor/home_art.png
472,gliscor,gen6_xy_front,pokeapi_versions,472_gliscor/gen6_xy_front.png
472,gliscor,gen6_xy_shiny_front,pokeapi_versions,472_gliscor/gen6_xy_shiny_front.png
472,gliscor,gen6_oras_front,pokeapi_versions,472_gliscor/gen6_oras_front.png
472,gliscor,gen6_oras_shiny_front,pokeapi_versions,472_gliscor/gen6_oras_shiny_front.png
472,gliscor,gen7_usum_front,pokeapi_versions,472_gliscor/gen7_usum_front.png
472,gliscor,gen7_usum_shiny_front,pokeapi_versions,472_gliscor/gen7_usum_shiny_front.png
473,mamoswine,official_art,official-artwork,473_mamoswine/official_artwork.png
473,mamoswine,home_art,pokemon_home,473_mamoswine/home_art.png
473,mamoswine,gen6_xy_front,pokeapi_versions,473_mamoswine/gen6_xy_front.png
473,mamoswine,gen6_xy_shiny_front,pokeapi_versions,473_mamoswine/gen6_xy_shiny_front.png
473,mamoswine,gen6_oras_front,pokeapi_versions,473_mamoswine/gen6_oras_front.png
473,mamoswine,gen6_oras_shiny_front,pokeapi_versions,473_mamoswine/gen6_oras_shiny_front.png
473,mamoswine,gen7_usum_front,pokeapi_versions,473_mamoswine/gen7_usum_front.png
473,mamoswine,gen7_usum_shiny_front,pokeapi_versions,473_mamoswine/gen7_usum_shiny_front.png
474,porygon-z,official_art,official-artwork,474_porygon-z/official_artwork.png
474,porygon-z,home_art,pokemon_home,474_porygon-z/home_art.png
474,porygon-z,gen6_xy_front,pokeapi_versions,474_porygon-z/gen6_xy_front.png
474,porygon-z,gen6_xy_shiny_front,pokeapi_versions,474_porygon-z/gen6_xy_shiny_front.png
474,porygon-z,gen6_oras_front,pokeapi_versions,474_porygon-z/gen6_oras_front.png
474,porygon-z,gen6_oras_shiny_front,pokeapi_versions,474_porygon-z/gen6_oras_shiny_front.png
474,porygon-z,gen7_usum_front,pokeapi_versions,474_porygon-z/gen7_usum_front.png
474,porygon-z,gen7_usum_shiny_front,pokeapi_versions,474_porygon-z/gen7_usum_shiny_front.png
475,gallade,official_art,official-artwork,475_gallade/official_artwork.png
475,gallade,home_art,pokemon_home,475_gallade/home_art.png
475,gallade,gen6_xy_front,pokeapi_versions,475_gallade/gen6_xy_front.png
475,gallade,gen6_xy_shiny_front,pokeapi_versions,475_gallade/gen6_xy_shiny_front.png
475,gallade,gen6_oras_front,pokeapi_versions,475_gallade/gen6_oras_front.png
475,gallade,gen6_oras_shiny_front,pokeapi_versions,475_gallade/gen6_oras_shiny_front.png
475,gallade,gen7_usum_front,pokeapi_versions,475_gallade/gen7_usum_front.png
475,gallade,gen7_usum_shiny_front,pokeapi_versions,475_gallade/gen7_usum_shiny_front.png
476,probopass,official_art,official-artwork,476_probopass/official_artwork.png
476,probopass,home_art,pokemon_home,476_probopass/home_art.png
476,probopass,gen6_xy_front,pokeapi_versions,476_probopass/gen6_xy_front.png
476,probopass,gen6_xy_shiny_front,pokeapi_versions,476_probopass/gen6_xy_shiny_front.png
476,probopass,gen6_oras_front,pokeapi_versions,476_probopass/gen6_oras_front.png
476,probopass,gen6_oras_shiny_front,pokeapi_versions,476_probopass/gen6_oras_shiny_front.png
476,probopass,gen7_usum_front,pokeapi_versions,476_probopass/gen7_usum_front.png
476,probopass,gen7_usum_shiny_front,pokeapi_versions,476_probopass/gen7_usum_shiny_front.png
477,dusknoir,official_art,official-artwork,477_dusknoir/official_artwork.png
477,dusknoir,home_art,pokemon_home,477_dusknoir/home_art.png
477,dusknoir,gen6_xy_front,pokeapi_versions,477_dusknoir/gen6_xy_front.png
477,dusknoir,gen6_xy_shiny_front,pokeapi_versions,477_dusknoir/gen6_xy_shiny_front.png
477,dusknoir,gen6_oras_front,pokeapi_versions,477_dusknoir/gen6_oras_front.png
477,dusknoir,gen6_oras_shiny_front,pokeapi_versions,477_dusknoir/gen6_oras_shiny_front.png
477,dusknoir,gen7_usum_front,pokeapi_versions,477_dusknoir/gen7_usum_front.png
477,dusknoir,gen7_usum_shiny_front,pokeapi_versions,477_dusknoir/gen7_usum_shiny_front.png
478,froslass,official_art,official-artwork,478_froslass/official_artwork.png
478,froslass,home_art,pokemon_home,478_froslass/home_art.png
478,froslass,gen6_xy_front,pokeapi_versions,478_froslass/gen6_xy_front.png
478,froslass,gen6_xy_shiny_front,pokeapi_versions,478_froslass/gen6_xy_shiny_front.png
478,froslass,gen6_oras_front,pokeapi_versions,478_froslass/gen6_oras_front.png
478,froslass,gen6_oras_shiny_front,pokeapi_versions,478_froslass/gen6_oras_shiny_front.png
478,froslass,gen7_usum_front,pokeapi_versions,478_froslass/gen7_usum_front.png
478,froslass,gen7_usum_shiny_front,pokeapi_versions,478_froslass/gen7_usum_shiny_front.png
479,rotom,official_art,official-artwork,479_rotom/official_artwork.png
479,rotom,home_art,pokemon_home,479_rotom/home_art.png
479,rotom,gen6_xy_front,pokeapi_versions,479_rotom/gen6_xy_front.png
479,rotom,gen6_xy_shiny_front,pokeapi_versions,479_rotom/gen6_xy_shiny_front.png
479,rotom,gen6_oras_front,pokeapi_versions,479_rotom/gen6_oras_front.png
479,rotom,gen6_oras_shiny_front,pokeapi_versions,479_rotom/gen6_oras_shiny_front.png
479,rotom,gen7_usum_front,pokeapi_versions,479_rotom/gen7_usum_front.png
479,rotom,gen7_usum_shiny_front,pokeapi_versions,479_rotom/gen7_usum_shiny_front.png
480,uxie,official_art,official-artwork,480_uxie/official_artwork.png
480,uxie,home_art,pokemon_home,480_uxie/home_art.png
480,uxie,gen6_xy_front,pokeapi_versions,480_uxie/gen6_xy_front.png
480,uxie,gen6_xy_shiny_front,pokeapi_versions,480_uxie/gen6_xy_shiny_front.png
480,uxie,gen6_oras_front,pokeapi_versions,480_uxie/gen6_oras_front.png
480,uxie,gen6_oras_shiny_front,pokeapi_versions,480_uxie/gen6_oras_shiny_front.png
480,uxie,gen7_usum_front,pokeapi_versions,480_uxie/gen7_usum_front.png
480,uxie,gen7_usum_shiny_front,pokeapi_versions,480_uxie/gen7_usum_shiny_front.png
481,mesprit,official_art,official-artwork,481_mesprit/official_artwork.png
481,mesprit,home_art,pokemon_home,481_mesprit/home_art.png
481,mesprit,gen6_xy_front,pokeapi_versions,481_mesprit/gen6_xy_front.png
481,mesprit,gen6_xy_shiny_front,pokeapi_versions,481_mesprit/gen6_xy_shiny_front.png
481,mesprit,gen6_oras_front,pokeapi_versions,481_mesprit/gen6_oras_front.png
481,mesprit,gen6_oras_shiny_front,pokeapi_versions,481_mesprit/gen6_oras_shiny_front.png
481,mesprit,gen7_usum_front,pokeapi_versions,481_mesprit/gen7_usum_front.png
481,mesprit,gen7_usum_shiny_front,pokeapi_versions,481_mesprit/gen7_usum_shiny_front.png
482,azelf,official_art,official-artwork,482_azelf/official_artwork.png
482,azelf,home_art,pokemon_home,482_azelf/home_art.png
482,azelf,gen6_xy_front,pokeapi_versions,482_azelf/gen6_xy_front.png
482,azelf,gen6_xy_shiny_front,pokeapi_versions,482_azelf/gen6_xy_shiny_front.png
482,azelf,gen6_oras_front,pokeapi_versions,482_azelf/gen6_oras_front.png
482,azelf,gen6_oras_shiny_front,pokeapi_versions,482_azelf/gen6_oras_shiny_front.png
482,azelf,gen7_usum_front,pokeapi_versions,482_azelf/gen7_usum_front.png
482,azelf,gen7_usum_shiny_front,pokeapi_versions,482_azelf/gen7_usum_shiny_front.png
483,dialga,official_art,official-artwork,483_dialga/official_artwork.png
483,dialga,home_art,pokemon_home,483_dialga/home_art.png
483,dialga,gen6_xy_front,pokeapi_versions,483_dialga/gen6_xy_front.png
483,dialga,gen6_xy_shiny_front,pokeapi_versions,483_dialga/gen6_xy_shiny_front.png
483,dialga,gen6_oras_front,pokeapi_versions,483_dialga/gen6_oras_front.png
483,dialga,gen6_oras_shiny_front,pokeapi_versions,483_dialga/gen6_oras_shiny_front.png
483,dialga,gen7_usum_front,pokeapi_versions,483_dialga/gen7_usum_front.png
483,dialga,gen7_usum_shiny_front,pokeapi_versions,483_dialga/gen7_usum_shiny_front.png
484,palkia,official_art,official-artwork,484_palkia/official_artwork.png
484,palkia,home_art,pokemon_home,484_palkia/home_art.png
484,palkia,gen6_xy_front,pokeapi_versions,484_palkia/gen6_xy_front.png
484,palkia,gen6_xy_shiny_front,pokeapi_versions,484_palkia/gen6_xy_shiny_front.png
484,palkia,gen6_oras_front,pokeapi_versions,484_palkia/gen6_oras_front.png
484,palkia,gen6_oras_shiny_front,pokeapi_versions,484_palkia/gen6_oras_shiny_front.png
484,palkia,gen7_usum_front,pokeapi_versions,484_palkia/gen7_usum_front.png
484,palkia,gen7_usum_shiny_front,pokeapi_versions,484_palkia/gen7_usum_shiny_front.png
485,heatran,official_art,official-artwork,485_heatran/official_artwork.png
485,heatran,home_art,pokemon_home,485_heatran/home_art.png
485,heatran,gen6_xy_front,pokeapi_versions,485_heatran/gen6_xy_front.png
485,heatran,gen6_xy_shiny_front,pokeapi_versions,485_heatran/gen6_xy_shiny_front.png
485,heatran,gen6_oras_front,pokeapi_versions,485_heatran/gen6_oras_front.png
485,heatran,gen6_oras_shiny_front,pokeapi_versions,485_heatran/gen6_oras_shiny_front.png
485,heatran,gen7_usum_front,pokeapi_versions,485_heatran/gen7_usum_front.png
485,heatran,gen7_usum_shiny_front,pokeapi_versions,485_heatran/gen7_usum_shiny_front.png
486,regigigas,official_art,official-artwork,486_regigigas/official_artwork.png
486,regigigas,home_art,pokemon_home,486_regigigas/home_art.png
486,regigigas,gen6_xy_front,pokeapi_versions,486_regigigas/gen6_xy_front.png
486,regigigas,gen6_xy_shiny_front,pokeapi_versions,486_regigigas/gen6_xy_shiny_front.png
486,regigigas,gen6_oras_front,pokeapi_versions,486_regigigas/gen6_oras_front.png
486,regigigas,gen6_oras_shiny_front,pokeapi_versions,486_regigigas/gen6_oras_shiny_front.png
486,regigigas,gen7_usum_front,pokeapi_versions,486_regigigas/gen7_usum_front.png
486,regigigas,gen7_usum_shiny_front,pokeapi_versions,486_regigigas/gen7_usum_shiny_front.png
487,giratina-altered,official_art,official-artwork,487_giratina-altered/official_artwork.png
487,giratina-altered,home_art,pokemon_home,487_giratina-altered/home_art.png
487,giratina-altered,gen6_xy_front,pokeapi_versions,487_giratina-altered/gen6_xy_front.png
487,giratina-altered,gen6_xy_shiny_front,pokeapi_versions,487_giratina-altered/gen6_xy_shiny_front.png
487,giratina-altered,gen6_oras_front,pokeapi_versions,487_giratina-altered/gen6_oras_front.png
487,giratina-altered,gen6_oras_shiny_front,pokeapi_versions,487_giratina-altered/gen6_oras_shiny_front.png
487,giratina-altered,gen7_usum_front,pokeapi_versions,487_giratina-altered/gen7_usum_front.png
487,giratina-altered,gen7_usum_shiny_front,pokeapi_versions,487_giratina-altered/gen7_usum_shiny_front.png
488,cresselia,official_art,official-artwork,488_cresselia/official_artwork.png
488,cresselia,home_art,pokemon_home,488_cresselia/home_art.png
488,cresselia,gen6_xy_front,pokeapi_versions,488_cresselia/gen6_xy_front.png
488,cresselia,gen6_xy_shiny_front,pokeapi_versions,488_cresselia/gen6_xy_shiny_front.png
488,cresselia,gen6_oras_front,pokeapi_versions,488_cresselia/gen6_oras_front.png
488,cresselia,gen6_oras_shiny_front,pokeapi_versions,488_cresselia/gen6_oras_shiny_front.png
488,cresselia,gen7_usum_front,pokeapi_versions,488_cresselia/gen7_usum_front.png
488,cresselia,gen7_usum_shiny_front,pokeapi_versions,488_cresselia/gen7_usum_shiny_front.png
489,phione,official_art,official-artwork,489_phione/official_artwork.png
489,phione,home_art,pokemon_home,489_phione/home_art.png
489,phione,gen6_xy_front,pokeapi_versions,489_phione/gen6_xy_front.png
489,phione,gen6_xy_shiny_front,pokeapi_versions,489_phione/gen6_xy_shiny_front.png
489,phione,gen6_oras_front,pokeapi_versions,489_phione/gen6_oras_front.png
489,phione,gen6_oras_shiny_front,pokeapi_versions,489_phione/gen6_oras_shiny_front.png
489,phione,gen7_usum_front,pokeapi_versions,489_phione/gen7_usum_front.png
489,phione,gen7_usum_shiny_front,pokeapi_versions,489_phione/gen7_usum_shiny_front.png
490,manaphy,official_art,official-artwork,490_manaphy/official_artwork.png
490,manaphy,home_art,pokemon_home,490_manaphy/home_art.png
490,manaphy,gen6_xy_front,pokeapi_versions,490_manaphy/gen6_xy_front.png
490,manaphy,gen6_xy_shiny_front,pokeapi_versions,490_manaphy/gen6_xy_shiny_front.png
490,manaphy,gen6_oras_front,pokeapi_versions,490_manaphy/gen6_oras_front.png
490,manaphy,gen6_oras_shiny_front,pokeapi_versions,490_manaphy/gen6_oras_shiny_front.png
490,manaphy,gen7_usum_front,pokeapi_versions,490_manaphy/gen7_usum_front.png
490,manaphy,gen7_usum_shiny_front,pokeapi_versions,490_manaphy/gen7_usum_shiny_front.png
491,darkrai,official_art,official-artwork,491_darkrai/official_artwork.png
491,darkrai,home_art,pokemon_home,491_darkrai/home_art.png
491,darkrai,gen6_xy_front,pokeapi_versions,491_darkrai/gen6_xy_front.png
491,darkrai,gen6_xy_shiny_front,pokeapi_versions,491_darkrai/gen6_xy_shiny_front.png
491,darkrai,gen6_oras_front,pokeapi_versions,491_darkrai/gen6_oras_front.png
491,darkrai,gen6_oras_shiny_front,pokeapi_versions,491_darkrai/gen6_oras_shiny_front.png
491,darkrai,gen7_usum_front,pokeapi_versions,491_darkrai/gen7_usum_front.png
491,darkrai,gen7_usum_shiny_front,pokeapi_versions,491_darkrai/gen7_usum_shiny_front.png
492,shaymin-land,official_art,official-artwork,492_shaymin-land/official_artwork.png
492,shaymin-land,home_art,pokemon_home,492_shaymin-land/home_art.png
492,shaymin-land,gen6_xy_front,pokeapi_versions,492_shaymin-land/gen6_xy_front.png
492,shaymin-land,gen6_xy_shiny_front,pokeapi_versions,492_shaymin-land/gen6_xy_shiny_front.png
492,shaymin-land,gen6_oras_front,pokeapi_versions,492_shaymin-land/gen6_oras_front.png
492,shaymin-land,gen6_oras_shiny_front,pokeapi_versions,492_shaymin-land/gen6_oras_shiny_front.png
492,shaymin-land,gen7_usum_front,pokeapi_versions,492_shaymin-land/gen7_usum_front.png
492,shaymin-land,gen7_usum_shiny_front,pokeapi_versions,492_shaymin-land/gen7_usum_shiny_front.png
493,arceus,official_art,official-artwork,493_arceus/official_artwork.png
493,arceus,home_art,pokemon_home,493_arceus/home_art.png
493,arceus,gen6_xy_front,pokeapi_versions,493_arceus/gen6_xy_front.png
493,arceus,gen6_xy_shiny_front,pokeapi_versions,493_arceus/gen6_xy_shiny_front.png
493,arceus,gen6_oras_front,pokeapi_versions,493_arceus/gen6_oras_front.png
493,arceus,gen6_oras_shiny_front,pokeapi_versions,493_arceus/gen6_oras_shiny_front.png
493,arceus,gen7_usum_front,pokeapi_versions,493_arceus/gen7_usum_front.png
493,arceus,gen7_usum_shiny_front,pokeapi_versions,493_arceus/gen7_usum_shiny_front.png
387,turtwig,global_link,pokemondb_artwork,387_turtwig/artwork_global_link.png
387,turtwig,sugimori_highres,hybridshivam_github,387_turtwig/artwork_highres.png
388,grotle,global_link,pokemondb_artwork,388_grotle/artwork_global_link.png
388,grotle,sugimori_highres,hybridshivam_github,388_grotle/artwork_highres.png
389,torterra,global_link,pokemondb_artwork,389_torterra/artwork_global_link.png
389,torterra,sugimori_highres,hybridshivam_github,389_torterra/artwork_highres.png
390,chimchar,global_link,pokemondb_artwork,390_chimchar/artwork_global_link.png
390,chimchar,sugimori_highres,hybridshivam_github,390_chimchar/artwork_highres.png
391,monferno,global_link,pokemondb_artwork,391_monferno/artwork_global_link.png
391,monferno,sugimori_highres,hybridshivam_github,391_monferno/artwork_highres.png
392,infernape,global_link,pokemondb_artwork,392_infernape/artwork_global_link.png
392,infernape,sugimori_highres,hybridshivam_github,392_infernape/artwork_highres.png
393,piplup,global_link,pokemondb_artwork,393_piplup/artwork_global_link.png
393,piplup,sugimori_highres,hybridshivam_github,393_piplup/artwork_highres.png
394,prinplup,global_link,pokemondb_artwork,394_prinplup/artwork_global_link.png
394,prinplup,sugimori_highres,hybridshivam_github,394_prinplup/artwork_highres.png
395,empoleon,global_link,pokemondb_artwork,395_empoleon/artwork_global_link.png
395,empoleon,sugimori_highres,hybridshivam_github,395_empoleon/artwork_highres.png
396,starly,global_link,pokemondb_artwork,396_starly/artwork_global_link.png
396,starly,sugimori_highres,hybridshivam_github,396_starly/artwork_highres.png
397,staravia,global_link,pokemondb_artwork,397_staravia/artwork_global_link.png
397,staravia,sugimori_highres,hybridshivam_github,397_staravia/artwork_highres.png
398,staraptor,global_link,pokemondb_artwork,398_staraptor/artwork_global_link.png
398,staraptor,sugimori_highres,hybridshivam_github,398_staraptor/artwork_highres.png
399,bidoof,global_link,pokemondb_artwork,399_bidoof/artwork_global_link.png
399,bidoof,sugimori_highres,hybridshivam_github,399_bidoof/artwork_highres.png
400,bibarel,global_link,pokemondb_artwork,400_bibarel/artwork_global_link.png
400,bibarel,sugimori_highres,hybridshivam_github,400_bibarel/artwork_highres.png
401,kricketot,global_link,pokemondb_artwork,401_kricketot/artwork_global_link.png
401,kricketot,sugimori_highres,hybridshivam_github,401_kricketot/artwork_highres.png
402,kricketune,global_link,pokemondb_artwork,402_kricketune/artwork_global_link.png
402,kricketune,sugimori_highres,hybridshivam_github,402_kricketune/artwork_highres.png
403,shinx,global_link,pokemondb_artwork,403_shinx/artwork_global_link.png
403,shinx,sugimori_highres,hybridshivam_github,403_shinx/artwork_highres.png
404,luxio,global_link,pokemondb_artwork,404_luxio/artwork_global_link.png
404,luxio,sugimori_highres,hybridshivam_github,404_luxio/artwork_highres.png
405,luxray,global_link,pokemondb_artwork,405_luxray/artwork_global_link.png
405,luxray,sugimori_highres,hybridshivam_github,405_luxray/artwork_highres.png
406,budew,global_link,pokemondb_artwork,406_budew/artwork_global_link.png
406,budew,sugimori_highres,hybridshivam_github,406_budew/artwork_highres.png
407,roserade,global_link,pokemondb_artwork,407_roserade/artwork_global_link.png
407,roserade,sugimori_highres,hybridshivam_github,407_roserade/artwork_highres.png
408,cranidos,global_link,pokemondb_artwork,408_cranidos/artwork_global_link.png
408,cranidos,sugimori_highres,hybridshivam_github,408_cranidos/artwork_highres.png
409,rampardos,global_link,pokemondb_artwork,409_rampardos/artwork_global_link.png
409,rampardos,sugimori_highres,hybridshivam_github,409_rampardos/artwork_highres.png
410,shieldon,global_link,pokemondb_artwork,410_shieldon/artwork_global_link.png
410,shieldon,sugimori_highres,hybridshivam_github,410_shieldon/artwork_highres.png
411,bastiodon,global_link,pokemondb_artwork,411_bastiodon/artwork_global_link.png
411,bastiodon,sugimori_highres,hybridshivam_github,411_bastiodon/artwork_highres.png
412,burmy,global_link,pokemondb_artwork,412_burmy/artwork_global_link.png
412,burmy,sugimori_highres,hybridshivam_github,412_burmy/artwork_highres.png
413,wormadam-plant,global_link,pokemondb_artwork,413_wormadam-plant/artwork_global_link.png
413,wormadam-plant,sugimori_highres,hybridshivam_github,413_wormadam-plant/artwork_highres.png
414,mothim,global_link,pokemondb_artwork,414_mothim/artwork_global_link.png
414,mothim,sugimori_highres,hybridshivam_github,414_mothim/artwork_highres.png
415,combee,global_link,pokemondb_artwork,415_combee/artwork_global_link.png
415,combee,sugimori_highres,hybridshivam_github,415_combee/artwork_highres.png
416,vespiquen,global_link,pokemondb_artwork,416_vespiquen/artwork_global_link.png
416,vespiquen,sugimori_highres,hybridshivam_github,416_vespiquen/artwork_highres.png
417,pachirisu,global_link,pokemondb_artwork,417_pachirisu/artwork_global_link.png
417,pachirisu,sugimori_highres,hybridshivam_github,417_pachirisu/artwork_highres.png
418,buizel,global_link,pokemondb_artwork,418_buizel/artwork_global_link.png
418,buizel,sugimori_highres,hybridshivam_github,418_buizel/artwork_highres.png
419,floatzel,global_link,pokemondb_artwork,419_floatzel/artwork_global_link.png
419,floatzel,sugimori_highres,hybridshivam_github,419_floatzel/artwork_highres.png
420,cherubi,global_link,pokemondb_artwork,420_cherubi/artwork_global_link.png
420,cherubi,sugimori_highres,hybridshivam_github,420_cherubi/artwork_highres.png
421,cherrim,global_link,pokemondb_artwork,421_cherrim/artwork_global_link.png
421,cherrim,sugimori_highres,hybridshivam_github,421_cherrim/artwork_highres.png
422,shellos,global_link,pokemondb_artwork,422_shellos/artwork_global_link.png
422,shellos,sugimori_highres,hybridshivam_github,422_shellos/artwork_highres.png
423,gastrodon,global_link,pokemondb_artwork,423_gastrodon/artwork_global_link.png
423,gastrodon,sugimori_highres,hybridshivam_github,423_gastrodon/artwork_highres.png
424,ambipom,global_link,pokemondb_artwork,424_ambipom/artwork_global_link.png
424,ambipom,sugimori_highres,hybridshivam_github,424_ambipom/artwork_highres.png
425,drifloon,global_link,pokemondb_artwork,425_drifloon/artwork_global_link.png
425,drifloon,sugimori_highres,hybridshivam_github,425_drifloon/artwork_highres.png
426,drifblim,global_link,pokemondb_artwork,426_drifblim/artwork_global_link.png
426,drifblim,sugimori_highres,hybridshivam_github,426_drifblim/artwork_highres.png
427,buneary,global_link,pokemondb_artwork,427_buneary/artwork_global_link.png
427,buneary,sugimori_highres,hybridshivam_github,427_buneary/artwork_highres.png
428,lopunny,global_link,pokemondb_artwork,428_lopunny/artwork_global_link.png
428,lopunny,sugimori_highres,hybridshivam_github,428_lopunny/artwork_highres.png
429,mismagius,global_link,pokemondb_artwork,429_mismagius/artwork_global_link.png
429,mismagius,sugimori_highres,hybridshivam_github,429_mismagius/artwork_highres.png
430,honchkrow,global_link,pokemondb_artwork,430_honchkrow/artwork_global_link.png
430,honchkrow,sugimori_highres,hybridshivam_github,430_honchkrow/artwork_highres.png
431,glameow,global_link,pokemondb_artwork,431_glameow/artwork_global_link.png
431,glameow,sugimori_highres,hybridshivam_github,431_glameow/artwork_highres.png
432,purugly,global_link,pokemondb_artwork,432_purugly/artwork_global_link.png
432,purugly,sugimori_highres,hybridshivam_github,432_purugly/artwork_highres.png
433,chingling,global_link,pokemondb_artwork,433_chingling/artwork_global_link.png
433,chingling,sugimori_highres,hybridshivam_github,433_chingling/artwork_highres.png
434,stunky,global_link,pokemondb_artwork,434_stunky/artwork_global_link.png
434,stunky,sugimori_highres,hybridshivam_github,434_stunky/artwork_highres.png
435,skuntank,global_link,pokemondb_artwork,435_skuntank/artwork_global_link.png
435,skuntank,sugimori_highres,hybridshivam_github,435_skuntank/artwork_highres.png
436,bronzor,global_link,pokemondb_artwork,436_bronzor/artwork_global_link.png
436,bronzor,sugimori_highres,hybridshivam_github,436_bronzor/artwork_highres.png
437,bronzong,global_link,pokemondb_artwork,437_bronzong/artwork_global_link.png
437,bronzong,sugimori_highres,hybridshivam_github,437_bronzong/artwork_highres.png
438,bonsly,global_link,pokemondb_artwork,438_bonsly/artwork_global_link.png
438,bonsly,sugimori_highres,hybridshivam_github,438_bonsly/artwork_highres.png
439,mime-jr,global_link,pokemondb_artwork,439_mime-jr/artwork_global_link.png
439,mime-jr,sugimori_highres,hybridshivam_github,439_mime-jr/artwork_highres.png
440,happiny,global_link,pokemondb_artwork,440_happiny/artwork_global_link.png
440,happiny,sugimori_highres,hybridshivam_github,440_happiny/artwork_highres.png
441,chatot,global_link,pokemondb_artwork,441_chatot/artwork_global_link.png
441,chatot,sugimori_highres,hybridshivam_github,441_chatot/artwork_highres.png
442,spiritomb,global_link,pokemondb_artwork,442_spiritomb/artwork_global_link.png
442,spiritomb,sugimori_highres,hybridshivam_github,442_spiritomb/artwork_highres.png
443,gible,global_link,pokemondb_artwork,443_gible/artwork_global_link.png
443,gible,sugimori_highres,hybridshivam_github,443_gible/artwork_highres.png
444,gabite,global_link,pokemondb_artwork,444_gabite/artwork_global_link.png
444,gabite,sugimori_highres,hybridshivam_github,444_gabite/artwork_highres.png
445,garchomp,global_link,pokemondb_artwork,445_garchomp/artwork_global_link.png
445,garchomp,sugimori_highres,hybridshivam_github,445_garchomp/artwork_highres.png
446,munchlax,global_link,pokemondb_artwork,446_munchlax/artwork_global_link.png
446,munchlax,sugimori_highres,hybridshivam_github,446_munchlax/artwork_highres.png
447,riolu,global_link,pokemondb_artwork,447_riolu/artwork_global_link.png
447,riolu,sugimori_highres,hybridshivam_github,447_riolu/artwork_highres.png
448,lucario,global_link,pokemondb_artwork,448_lucario/artwork_global_link.png
448,lucario,sugimori_highres,hybridshivam_github,448_lucario/artwork_highres.png
449,hippopotas,global_link,pokemondb_artwork,449_hippopotas/artwork_global_link.png
449,hippopotas,sugimori_highres,hybridshivam_github,449_hippopotas/artwork_highres.png
450,hippowdon,global_link,pokemondb_artwork,450_hippowdon/artwork_global_link.png
450,hippowdon,sugimori_highres,hybridshivam_github,450_hippowdon/artwork_highres.png
451,skorupi,global_link,pokemondb_artwork,451_skorupi/artwork_global_link.png
451,skorupi,sugimori_highres,hybridshivam_github,451_skorupi/artwork_highres.png
452,drapion,global_link,pokemondb_artwork,452_drapion/artwork_global_link.png
452,drapion,sugimori_highres,hybridshivam_github,452_drapion/artwork_highres.png
453,croagunk,global_link,pokemondb_artwork,453_croagunk/artwork_global_link.png
453,croagunk,sugimori_highres,hybridshivam_github,453_croagunk/artwork_highres.png
454,toxicroak,global_link,pokemondb_artwork,454_toxicroak/artwork_global_link.png
454,toxicroak,sugimori_highres,hybridshivam_github,454_toxicroak/artwork_highres.png
455,carnivine,global_link,pokemondb_artwork,455_carnivine/artwork_global_link.png
455,carnivine,sugimori_highres,hybridshivam_github,455_carnivine/artwork_highres.png
456,finneon,global_link,pokemondb_artwork,456_finneon/artwork_global_link.png
456,finneon,sugimori_highres,hybridshivam_github,456_finneon/artwork_highres.png
457,lumineon,global_link,pokemondb_artwork,457_lumineon/artwork_global_link.png
457,lumineon,sugimori_highres,hybridshivam_github,457_lumineon/artwork_highres.png
458,mantyke,global_link,pokemondb_artwork,458_mantyke/artwork_global_link.png
458,mantyke,sugimori_highres,hybridshivam_github,458_mantyke/artwork_highres.png
459,snover,global_link,pokemondb_artwork,459_snover/artwork_global_link.png
459,snover,sugimori_highres,hybridshivam_github,459_snover/artwork_highres.png
460,abomasnow,global_link,pokemondb_artwork,460_abomasnow/artwork_global_link.png
460,abomasnow,sugimori_highres,hybridshivam_github,460_abomasnow/artwork_highres.png
461,weavile,global_link,pokemondb_artwork,461_weavile/artwork_global_link.png
461,weavile,sugimori_highres,hybridshivam_github,461_weavile/artwork_highres.png
462,magnezone,global_link,pokemondb_artwork,462_magnezone/artwork_global_link.png
462,magnezone,sugimori_highres,hybridshivam_github,462_magnezone/artwork_highres.png
463,lickilicky,global_link,pokemondb_artwork,463_lickilicky/artwork_global_link.png
463,lickilicky,sugimori_highres,hybridshivam_github,463_lickilicky/artwork_highres.png
464,rhyperior,global_link,pokemondb_artwork,464_rhyperior/artwork_global_link.png
464,rhyperior,sugimori_highres,hybridshivam_github,464_rhyperior/artwork_highres.png
465,tangrowth,global_link,pokemondb_artwork,465_tangrowth/artwork_global_link.png
465,tangrowth,sugimori_highres,hybridshivam_github,465_tangrowth/artwork_highres.png
466,electivire,global_link,pokemondb_artwork,466_electivire/artwork_global_link.png
466,electivire,sugimori_highres,hybridshivam_github,466_electivire/artwork_highres.png
467,magmortar,global_link,pokemondb_artwork,467_magmortar/artwork_global_link.png
467,magmortar,sugimori_highres,hybridshivam_github,467_magmortar/artwork_highres.png
468,togekiss,global_link,pokemondb_artwork,468_togekiss/artwork_global_link.png
468,togekiss,sugimori_highres,hybridshivam_github,468_togekiss/artwork_highres.png
469,yanmega,global_link,pokemondb_artwork,469_yanmega/artwork_global_link.png
469,yanmega,sugimori_highres,hybridshivam_github,469_yanmega/artwork_highres.png
470,leafeon,global_link,pokemondb_artwork,470_leafeon/artwork_global_link.png
470,leafeon,sugimori_highres,hybridshivam_github,470_leafeon/artwork_highres.png
471,glaceon,global_link,pokemondb_artwork,471_glaceon/artwork_global_link.png
471,glaceon,sugimori_highres,hybridshivam_github,471_glaceon/artwork_highres.png
472,gliscor,global_link,pokemondb_artwork,472_gliscor/artwork_global_link.png
472,gliscor,sugimori_highres,hybridshivam_github,472_gliscor/artwork_highres.png
473,mamoswine,global_link,pokemondb_artwork,473_mamoswine/artwork_global_link.png
473,mamoswine,sugimori_highres,hybridshivam_github,473_mamoswine/artwork_highres.png
474,porygon-z,global_link,pokemondb_artwork,474_porygon-z/artwork_global_link.png
474,porygon-z,sugimori_highres,hybridshivam_github,474_porygon-z/artwork_highres.png
475,gallade,global_link,pokemondb_artwork,475_gallade/artwork_global_link.png
475,gallade,sugimori_highres,hybridshivam_github,475_gallade/artwork_highres.png
476,probopass,global_link,pokemondb_artwork,476_probopass/artwork_global_link.png
476,probopass,sugimori_highres,hybridshivam_github,476_probopass/artwork_highres.png
477,dusknoir,global_link,pokemondb_artwork,477_dusknoir/artwork_global_link.png
477,dusknoir,sugimori_highres,hybridshivam_github,477_dusknoir/artwork_highres.png
478,froslass,global_link,pokemondb_artwork,478_froslass/artwork_global_link.png
478,froslass,sugimori_highres,hybridshivam_github,478_froslass/artwork_highres.png
479,rotom,global_link,pokemondb_artwork,479_rotom/artwork_global_link.png
479,rotom,sugimori_highres,hybridshivam_github,479_rotom/artwork_highres.png
480,uxie,global_link,pokemondb_artwork,480_uxie/artwork_global_link.png
480,uxie,sugimori_highres,hybridshivam_github,480_uxie/artwork_highres.png
481,mesprit,global_link,pokemondb_artwork,481_mesprit/artwork_global_link.png
481,mesprit,sugimori_highres,hybridshivam_github,481_mesprit/artwork_highres.png
482,azelf,global_link,pokemondb_artwork,482_azelf/artwork_global_link.png
482,azelf,sugimori_highres,hybridshivam_github,482_azelf/artwork_highres.png
483,dialga,global_link,pokemondb_artwork,483_dialga/artwork_global_link.png
483,dialga,sugimori_highres,hybridshivam_github,483_dialga/artwork_highres.png
484,palkia,global_link,pokemondb_artwork,484_palkia/artwork_global_link.png
484,palkia,sugimori_highres,hybridshivam_github,484_palkia/artwork_highres.png
485,heatran,global_link,pokemondb_artwork,485_heatran/artwork_global_link.png
485,heatran,sugimori_highres,hybridshivam_github,485_heatran/artwork_highres.png
486,regigigas,global_link,pokemondb_artwork,486_regigigas/artwork_global_link.png
486,regigigas,sugimori_highres,hybridshivam_github,486_regigigas/artwork_highres.png
487,giratina-altered,global_link,pokemondb_artwork,487_giratina-altered/artwork_global_link.png
487,giratina-altered,sugimori_highres,hybridshivam_github,487_giratina-altered/artwork_highres.png
488,cresselia,global_link,pokemondb_artwork,488_cresselia/artwork_global_link.png
488,cresselia,sugimori_highres,hybridshivam_github,488_cresselia/artwork_highres.png
489,phione,global_link,pokemondb_artwork,489_phione/artwork_global_link.png
489,phione,sugimori_highres,hybridshivam_github,489_phione/artwork_highres.png
490,manaphy,global_link,pokemondb_artwork,490_manaphy/artwork_global_link.png
490,manaphy,sugimori_highres,hybridshivam_github,490_manaphy/artwork_highres.png
491,darkrai,global_link,pokemondb_artwork,491_darkrai/artwork_global_link.png
491,darkrai,sugimori_highres,hybridshivam_github,491_darkrai/artwork_highres.png
492,shaymin-land,global_link,pokemondb_artwork,492_shaymin-land/artwork_global_link.png
492,shaymin-land,sugimori_highres,hybridshivam_github,492_shaymin-land/artwork_highres.png
493,arceus,global_link,pokemondb_artwork,493_arceus/artwork_global_link.png
493,arceus,sugimori_highres,hybridshivam_github,493_arceus/artwork_highres.png
